timestamp,roll_body,pitch_body,yaw_body,yaw_sp_move_rate,q_d[0],q_d[1],q_d[2],q_d[3],thrust_body[0],thrust_body[1],thrust_body[2],roll_reset_integral,pitch_reset_integral,yaw_reset_integral,fw_control_yaw,apply_flaps
4958000,0.0,-0.0,0.11997935,0.0,0.99820113,0.0,0.0,0.0599537,0.0,0.0,-0.0,0,0,0,0,0
4966000,0.0,-0.0,0.119951956,0.0,0.99820197,0.0,0.0,0.05994003,0.0,0.0,-0.0,0,0,0,0,0
5006000,0.0,-0.0,0.11999657,0.0,0.99820065,0.0,0.0,0.059962295,0.0,0.0,-0.0,0,0,0,0,0
5054000,0.0,-0.0,-0.004661784,0.0,0.99999726,0.0,-0.0,-0.00233089,0.0,0.0,-0.0,0,0,0,0,0
5106000,0.0,-0.0,-0.004545354,0.0,0.99999744,0.0,-0.0,-0.002272675,0.0,0.0,-0.0,0,0,0,0,0
5154000,0.0,-0.0,-0.0043717436,0.0,0.9999976,0.0,-0.0,-0.0021858702,0.0,0.0,-0.0,0,0,0,0,0
5206000,0.0,-0.0,-0.0041275127,0.0,0.99999785,0.0,-0.0,-0.002063755,0.0,0.0,-0.0,0,0,0,0,0
5259000,0.0,-0.0,-0.0040142634,0.0,0.999998,0.0,-0.0,-0.0020071303,0.0,0.0,-0.0,0,0,0,0,0
5311000,0.0,-0.0,-0.003928138,0.0,0.9999981,0.0,-0.0,-0.0019640678,0.0,0.0,-0.0,0,0,0,0,0
5359000,0.0,-0.0,-0.0038312203,0.0,0.99999815,0.0,-0.0,-0.001915609,0.0,0.0,-0.0,0,0,0,0,0
5408000,0.0,-0.0,-0.003797432,0.0,0.9999982,0.0,-0.0,-0.0018987148,0.0,0.0,-0.0,0,0,0,0,0
5456000,0.0,-0.0,-0.0038124553,0.0,0.9999982,0.0,-0.0,-0.0019062265,0.0,0.0,-0.0,0,0,0,0,0
5504000,0.0,-0.0,-0.003906868,0.0,0.9999981,0.0,-0.0,-0.0019534328,0.0,0.0,-0.0,0,0,0,0,0
5560000,0.0,-0.0,-0.0039535523,0.0,0.99999803,0.0,-0.0,-0.0019767748,0.0,0.0,-0.0,0,0,0,0,0
5608000,0.0,-0.0,-0.003949014,0.0,0.99999803,0.0,-0.0,-0.0019745056,0.0,0.0,-0.0,0,0,0,0,0
5660000,0.0,-0.0,-0.004210601,0.0,0.9999978,0.0,-0.0,-0.002105299,0.0,0.0,-0.0,0,0,0,0,0
5708000,0.0,-0.0,-0.004223171,0.0,0.9999978,0.0,-0.0,-0.002111584,0.0,0.0,-0.0,0,0,0,0,0
5756000,0.0,-0.0,-0.004190176,0.0,0.9999978,0.0,-0.0,-0.0020950863,0.0,0.0,-0.0,0,0,0,0,0
5808000,0.0,-0.0,-0.004127761,0.0,0.99999785,0.0,-0.0,-0.002063879,0.0,0.0,-0.0,0,0,0,0,0
5860000,0.0,-0.0,-0.00396247,0.0,0.99999803,0.0,-0.0,-0.0019812337,0.0,0.0,-0.0,0,0,0,0,0
5905000,0.0,-0.0,-0.003909222,0.0,0.9999981,0.0,-0.0,-0.0019546098,0.0,0.0,-0.0,0,0,0,0,0
5957000,0.0,-0.0,-0.003916639,0.0,0.9999981,0.0,-0.0,-0.0019583183,0.0,0.0,-0.0,0,0,0,0,0
6009000,0.0,-0.0,-0.0038526934,0.0,0.99999815,0.0,-0.0,-0.0019263455,0.0,0.0,-0.0,0,0,0,0,0
6061000,0.0,-0.0,-0.0038862943,0.0,0.9999981,0.0,-0.0,-0.0019431459,0.0,0.0,-0.0,0,0,0,0,0
6105000,0.0,-0.0,-0.0038220137,0.0,0.99999815,0.0,-0.0,-0.0019110057,0.0,0.0,-0.0,0,0,0,0,0
6161000,0.0,-0.0,-0.003739443,0.0,0.9999983,0.0,-0.0,-0.0018697204,0.0,0.0,-0.0,0,0,0,0,0
6209000,0.0,-0.0,-0.0037240873,0.0,0.9999983,0.0,-0.0,-0.0018620426,0.0,0.0,-0.0,0,0,0,0,0
6257000,0.0,-0.0,-0.0036841691,0.0,0.99999833,0.0,-0.0,-0.0018420835,0.0,0.0,-0.0,0,0,0,0,0
6305000,0.0,-0.0,-0.003759445,0.0,0.9999982,0.0,-0.0,-0.0018797213,0.0,0.0,-0.0,0,0,0,0,0
6357000,0.0,-0.0,-0.0037255345,0.0,0.9999983,0.0,-0.0,-0.0018627662,0.0,0.0,-0.0,0,0,0,0,0
6405000,0.0,-0.0,-0.003784732,0.0,0.9999982,0.0,-0.0,-0.0018923648,0.0,0.0,-0.0,0,0,0,0,0
6461000,0.0,-0.0,-0.0037222593,0.0,0.9999983,0.0,-0.0,-0.0018611286,0.0,0.0,-0.0,0,0,0,0,0
6509000,0.0,-0.0,-0.0037792048,0.0,0.9999982,0.0,-0.0,-0.0018896012,0.0,0.0,-0.0,0,0,0,0,0
6554000,0.0,-0.0,-0.0037096243,0.0,0.9999983,0.0,-0.0,-0.0018548111,0.0,0.0,-0.0,0,0,0,0,0
6610000,0.0,-0.0,-0.0037103735,0.0,0.9999983,0.0,-0.0,-0.0018551857,0.0,0.0,-0.0,0,0,0,0,0
6654000,0.0,-0.0,-0.0035624453,0.0,0.9999984,0.0,-0.0,-0.0017812217,0.0,0.0,-0.0,0,0,0,0,0
6706000,0.0,-0.0,-0.0034546996,0.0,0.9999985,0.0,-0.0,-0.001727349,0.0,0.0,-0.0,0,0,0,0,0
6754000,0.0,-0.0,-0.0035278148,0.0,0.99999845,0.0,-0.0,-0.0017639064,0.0,0.0,-0.0,0,0,0,0,0
6806000,0.0,-0.0,-0.0034430688,0.0,0.9999985,0.0,-0.0,-0.0017215336,0.0,0.0,-0.0,0,0,0,0,0
6858000,0.0,-0.0,-0.0033038422,0.0,0.9999986,0.0,-0.0,-0.0016519204,0.0,0.0,-0.0,0,0,0,0,0
6910000,0.0,-0.0,-0.0031141497,0.0,0.9999988,0.0,-0.0,-0.0015570743,0.0,0.0,-0.0,0,0,0,0,0
6958000,0.0,-0.0,-0.0030949942,0.0,0.9999988,0.0,-0.0,-0.0015474965,0.0,0.0,-0.0,0,0,0,0,0
7006000,0.0,-0.0,-0.003060709,0.0,0.9999988,0.0,-0.0,-0.0015303539,0.0,0.0,-0.0,0,0,0,0,0
7058000,0.0,-0.0,-0.0031266673,0.0,0.99999875,0.0,-0.0,-0.0015633331,0.0,0.0,-0.0,0,0,0,0,0
7106000,0.0,-0.0,-0.0031240908,0.0,0.9999988,0.0,-0.0,-0.0015620448,0.0,0.0,-0.0,0,0,0,0,0
7154000,0.0,-0.0,-0.0031392837,0.0,0.99999875,0.0,-0.0,-0.0015696412,0.0,0.0,-0.0,0,0,0,0,0
7210000,0.0,-0.0,-0.0030924883,0.0,0.9999988,0.0,-0.0,-0.0015462436,0.0,0.0,-0.0,0,0,0,0,0
7258000,0.0,-0.0,-0.0031809313,0.0,0.99999875,0.0,-0.0,-0.001590465,0.0,0.0,-0.0,0,0,0,0,0
7310000,0.0,-0.0,-0.0031442384,0.0,0.99999875,0.0,-0.0,-0.0015721185,0.0,0.0,-0.0,0,0,0,0,0
7358000,0.0,-0.0,-0.0031785371,0.0,0.99999875,0.0,-0.0,-0.0015892679,0.0,0.0,-0.0,0,0,0,0,0
7410000,0.0,-0.0,-0.0032751882,0.0,0.9999987,0.0,-0.0,-0.0016375934,0.0,0.0,-0.0,0,0,0,0,0
7454000,0.0,-0.0,-0.0032147346,0.0,0.9999987,0.0,-0.0,-0.0016073666,0.0,0.0,-0.0,0,0,0,0,0
7510000,0.0,-0.0,-0.003198961,0.0,0.99999875,0.0,-0.0,-0.0015994798,0.0,0.0,-0.0,0,0,0,0,0
7558000,0.0,-0.0,-0.0032132377,0.0,0.9999987,0.0,-0.0,-0.0016066182,0.0,0.0,-0.0,0,0,0,0,0
7610000,0.0,-0.0,-0.0031378386,0.0,0.99999875,0.0,-0.0,-0.0015689186,0.0,0.0,-0.0,0,0,0,0,0
7654000,0.0,-0.0,-0.0030958673,0.0,0.9999988,0.0,-0.0,-0.0015479331,0.0,0.0,-0.0,0,0,0,0,0
7704000,0.0,-0.0,-0.0032286777,0.0,0.9999987,0.0,-0.0,-0.0016143381,0.0,0.0,-0.0,0,0,0,0,0
7756000,0.0,-0.0,-0.003309751,0.0,0.9999986,0.0,-0.0,-0.0016548748,0.0,0.0,-0.0,0,0,0,0,0
7804000,0.0,-0.0,-0.003394537,0.0,0.99999857,0.0,-0.0,-0.0016972676,0.0,0.0,-0.0,0,0,0,0,0
7861000,0.0,-0.0,-0.0035589235,0.0,0.9999984,0.0,-0.0,-0.0017794608,0.0,0.0,-0.0,0,0,0,0,0
7911000,0.0,-0.0,-0.0034147114,0.0,0.99999857,0.0,-0.0,-0.0017073549,0.0,0.0,-0.0,0,0,0,0,0
7959000,0.0,-0.0,-0.0034654238,0.0,0.9999985,0.0,-0.0,-0.0017327111,0.0,0.0,-0.0,0,0,0,0,0
8007000,0.0,-0.0,-0.0034354855,0.0,0.9999985,0.0,-0.0,-0.001717742,0.0,0.0,-0.0,0,0,0,0,0
8055000,0.0,-0.0,-0.003316027,0.0,0.9999986,0.0,-0.0,-0.0016580127,0.0,0.0,-0.0,0,0,0,0,0
8107000,0.0,-0.0,-0.0032851426,0.0,0.9999986,0.0,-0.0,-0.0016425706,0.0,0.0,-0.0,0,0,0,0,0
8155000,0.0,-0.0,-0.0031954101,0.0,0.99999875,0.0,-0.0,-0.0015977044,0.0,0.0,-0.0,0,0,0,0,0
8211000,0.0,-0.0,-0.0031994828,0.0,0.99999875,0.0,-0.0,-0.0015997407,0.0,0.0,-0.0,0,0,0,0,0
8255000,0.0,-0.0,-0.0031205125,0.0,0.9999988,0.0,-0.0,-0.0015602557,0.0,0.0,-0.0,0,0,0,0,0
8307000,0.0,-0.0,-0.003227547,0.0,0.9999987,0.0,-0.0,-0.0016137728,0.0,0.0,-0.0,0,0,0,0,0
8355000,0.0,-0.0,-0.0033029073,0.0,0.9999986,0.0,-0.0,-0.001651453,0.0,0.0,-0.0,0,0,0,0,0
8404000,0.0,-0.0,-0.0034989342,0.0,0.99999845,0.0,-0.0,-0.0017494662,0.0,0.0,-0.0,0,0,0,0,0
8456000,0.0,-0.0,-0.0035346586,0.0,0.99999845,0.0,-0.0,-0.0017673284,0.0,0.0,-0.0,0,0,0,0,0
8504000,0.0,-0.0,-0.0034519408,0.0,0.9999985,0.0,-0.0,-0.0017259696,0.0,0.0,-0.0,0,0,0,0,0
8560000,0.0,-0.0,-0.00348283,0.0,0.9999985,0.0,-0.0,-0.0017414141,0.0,0.0,-0.0,0,0,0,0,0
8608000,0.0,-0.0,-0.0035879817,0.0,0.9999984,0.0,-0.0,-0.0017939899,0.0,0.0,-0.0,0,0,0,0,0
8660000,0.0,-0.0,-0.0036764604,0.0,0.99999833,0.0,-0.0,-0.0018382291,0.0,0.0,-0.0,0,0,0,0,0
8708000,0.0,-0.0,-0.0036300963,0.0,0.99999833,0.0,-0.0,-0.0018150471,0.0,0.0,-0.0,0,0,0,0,0
8761000,0.0,-0.0,-0.0036080468,0.0,0.9999984,0.0,-0.0,-0.0018040225,0.0,0.0,-0.0,0,0,0,0,0
8809000,0.0,-0.0,-0.0036473149,0.0,0.99999833,0.0,-0.0,-0.0018236564,0.0,0.0,-0.0,0,0,0,0,0
8857000,0.0,-0.0,-0.0035999024,0.0,0.9999984,0.0,-0.0,-0.0017999503,0.0,0.0,-0.0,0,0,0,0,0
8909000,0.0,-0.0,-0.0034750223,0.0,0.9999985,0.0,-0.0,-0.0017375102,0.0,0.0,-0.0,0,0,0,0,0
8961000,0.0,-0.0,-0.0035226245,0.0,0.99999845,0.0,-0.0,-0.0017613113,0.0,0.0,-0.0,0,0,0,0,0
9005000,0.0,-0.0,-0.003479715,0.0,0.9999985,0.0,-0.0,-0.0017398566,0.0,0.0,-0.0,0,0,0,0,0
9061000,0.0,-0.0,-0.0033785827,0.0,0.99999857,0.0,-0.0,-0.0016892905,0.0,0.0,-0.0,0,0,0,0,0
9109000,0.0,-0.0,-0.0032857289,0.0,0.9999986,0.0,-0.0,-0.0016428637,0.0,0.0,-0.0,0,0,0,0,0
9157000,0.0,-0.0,-0.0033158362,0.0,0.9999986,0.0,-0.0,-0.0016579173,0.0,0.0,-0.0,0,0,0,0,0
9210000,0.0,-0.0,-0.0034577674,0.0,0.9999985,0.0,-0.0,-0.0017288829,0.0,0.0,-0.0,0,0,0,0,0
9258000,0.0,-0.0,-0.0033798658,0.0,0.99999857,0.0,-0.0,-0.0016899321,0.0,0.0,-0.0,0,0,0,0,0
9310000,0.0,-0.0,-0.0033583692,0.0,0.99999857,0.0,-0.0,-0.0016791838,0.0,0.0,-0.0,0,0,0,0,0
9358000,0.0,-0.0,-0.003336405,0.0,0.9999986,0.0,-0.0,-0.0016682016,0.0,0.0,-0.0,0,0,0,0,0
9406000,0.0,-0.0,-0.0033684059,0.0,0.99999857,0.0,-0.0,-0.0016842021,0.0,0.0,-0.0,0,0,0,0,0
9454000,0.0,-0.0,-0.00338782,0.0,0.99999857,0.0,-0.0,-0.0016939092,0.0,0.0,-0.0,0,0,0,0,0
9511000,0.0,-0.0,-0.0033845925,0.0,0.99999857,0.0,-0.0,-0.0016922954,0.0,0.0,-0.0,0,0,0,0,0
9555000,0.0,-0.0,-0.0035306278,0.0,0.99999845,0.0,-0.0,-0.001765313,0.0,0.0,-0.0,0,0,0,0,0
9604000,0.0,-0.0,-0.0035127585,0.0,0.99999845,0.0,-0.0,-0.0017563783,0.0,0.0,-0.0,0,0,0,0,0
9656000,0.0,-0.0,-0.0036481738,0.0,0.99999833,0.0,-0.0,-0.0018240858,0.0,0.0,-0.0,0,0,0,0,0
9705000,0.0,-0.0,-0.003609617,0.0,0.9999984,0.0,-0.0,-0.0018048076,0.0,0.0,-0.0,0,0,0,0,0
9757000,0.0,-0.0,-0.0036308123,0.0,0.99999833,0.0,-0.0,-0.0018154051,0.0,0.0,-0.0,0,0,0,0,0
9806000,0.0,-0.0,-0.0036723304,0.0,0.99999833,0.0,-0.0,-0.0018361642,0.0,0.0,-0.0,0,0,0,0,0
9858000,0.0,-0.0,-0.0036344014,0.0,0.99999833,0.0,-0.0,-0.0018171996,0.0,0.0,-0.0,0,0,0,0,0
9906000,0.0,-0.0,-0.003513339,0.0,0.99999845,0.0,-0.0,-0.0017566686,0.0,0.0,-0.0,0,0,0,0,0
9958000,0.0,-0.0,-0.0034022564,0.0,0.99999857,0.0,-0.0,-0.0017011274,0.0,0.0,-0.0,0,0,0,0,0
10011000,0.0,-0.0,-0.0035108377,0.0,0.99999845,0.0,-0.0,-0.0017554179,0.0,0.0,-0.0,0,0,0,0,0
10055000,0.0,-0.0,-0.0034879434,0.0,0.99999845,0.0,-0.0,-0.0017439708,0.0,0.0,-0.0,0,0,0,0,0
10111000,0.0,-0.0,-0.0035123252,0.0,0.99999845,0.0,-0.0,-0.0017561617,0.0,0.0,-0.0,0,0,0,0,0
10159000,0.0,-0.0,-0.0034534477,0.0,0.9999985,0.0,-0.0,-0.001726723,0.0,0.0,-0.0,0,0,0,0,0
10207000,0.0,-0.0,-0.0035578718,0.0,0.9999984,0.0,-0.0,-0.001778935,0.0,0.0,-0.0,0,0,0,0,0
10256000,0.0,-0.0,-0.0036741218,0.0,0.99999833,0.0,-0.0,-0.0018370599,0.0,0.0,-0.0,0,0,0,0,0
10308000,0.0,-0.0,-0.0037665856,0.0,0.9999982,0.0,-0.0,-0.0018832916,0.0,0.0,-0.0,0,0,0,0,0
10356000,0.0,-0.0,-0.0037908698,0.0,0.9999982,0.0,-0.0,-0.0018954338,0.0,0.0,-0.0,0,0,0,0,0
10404000,0.0,-0.0,-0.0038338774,0.0,0.99999815,0.0,-0.0,-0.0019169375,0.0,0.0,-0.0,0,0,0,0,0
10460000,0.0,-0.0,-0.0039627384,0.0,0.99999803,0.0,-0.0,-0.0019813678,0.0,0.0,-0.0,0,0,0,0,0
10504000,0.0,-0.0,-0.004005441,0.0,0.999998,0.0,-0.0,-0.002002719,0.0,0.0,-0.0,0,0,0,0,0
10556000,0.0,-0.0,-0.0038897507,0.0,0.9999981,0.0,-0.0,-0.0019448741,0.0,0.0,-0.0,0,0,0,0,0
10604000,0.0,-0.0,-0.0038261567,0.0,0.99999815,0.0,-0.0,-0.0019130772,0.0,0.0,-0.0,0,0,0,0,0
10660000,0.0,-0.0,-0.0038150116,0.0,0.99999815,0.0,-0.0,-0.0019075046,0.0,0.0,-0.0,0,0,0,0,0
10704000,0.0,-0.0,-0.0038242608,0.0,0.99999815,0.0,-0.0,-0.0019121292,0.0,0.0,-0.0,0,0,0,0,0
10756000,0.0,-0.0,-0.0038844352,0.0,0.9999981,0.0,-0.0,-0.0019422164,0.0,0.0,-0.0,0,0,0,0,0
10804000,0.0,-0.0,-0.0038804584,0.0,0.9999981,0.0,-0.0,-0.001940228,0.0,0.0,-0.0,0,0,0,0,0
10856000,0.0,-0.0,-0.0038793255,0.0,0.9999981,0.0,-0.0,-0.0019396616,0.0,0.0,-0.0,0,0,0,0,0
10905000,0.0,-0.0,-0.003907617,0.0,0.9999981,0.0,-0.0,-0.0019538074,0.0,0.0,-0.0,0,0,0,0,0
10961000,0.0,-0.0,-0.0040353816,0.0,0.999998,0.0,-0.0,-0.0020176894,0.0,0.0,-0.0,0,0,0,0,0
11009000,0.0,-0.0,-0.004130657,0.0,0.99999785,0.0,-0.0,-0.002065327,0.0,0.0,-0.0,0,0,0,0,0
11057000,0.0,-0.0,-0.0042237192,0.0,0.9999978,0.0,-0.0,-0.002111858,0.0,0.0,-0.0,0,0,0,0,0
11109000,0.0,-0.0,-0.0042032124,0.0,0.9999978,0.0,-0.0,-0.0021016046,0.0,0.0,-0.0,0,0,0,0,0
11154000,0.0,-0.0,-0.0042647086,0.0,0.99999774,0.0,-0.0,-0.0021323527,0.0,0.0,-0.0,0,0,0,0,0
11206000,0.0,-0.0,-0.0042586485,0.0,0.99999774,0.0,-0.0,-0.0021293226,0.0,0.0,-0.0,0,0,0,0,0
11254000,0.0,-0.0,-0.004227531,0.0,0.9999978,0.0,-0.0,-0.002113764,0.0,0.0,-0.0,0,0,0,0,0
11306000,0.0,-0.0,-0.0042883605,0.0,0.9999977,0.0,-0.0,-0.0021441786,0.0,0.0,-0.0,0,0,0,0,0
11354000,-0.0,-0.0,-0.004503457,0.0,0.99999744,-0.0,0.0,-0.0022517266,0.0,0.0,-0.001,0,0,0,0,0
11394000,-0.0,-0.0,-0.004643817,0.0,0.9999973,-0.0,0.0,-0.0023219064,0.0,0.0,-0.001,0,0,0,0,0
11456000,-0.0,-0.0,-0.004512887,0.0,0.99999744,-0.0,0.0,-0.0022564416,0.0,0.0,-0.001,0,0,0,0,0
11504000,-0.0,-0.0,-0.004705217,0.0,0.99999726,-0.0,0.0,-0.0023526067,0.0,0.0,-0.001,0,0,0,0,0
11556000,-0.0,-0.0,-0.004723058,0.0,0.9999972,-0.0,0.0,-0.002361527,0.0,0.0,-0.001,0,0,0,0,0
11604000,-0.0,-0.0,-0.0047870767,0.0,0.99999714,-0.0,0.0,-0.002393536,0.0,0.0,-0.001,0,0,0,0,0
11656000,-0.0,-0.0,-0.0047821626,0.0,0.99999714,-0.0,0.0,-0.0023910787,0.0,0.0,-0.001,0,0,0,0,0
11705000,-0.0,-0.0,-0.0047389516,0.0,0.9999972,-0.0,0.0,-0.0023694737,0.0,0.0,-0.001,0,0,0,0,0
11757000,-0.0,-0.0,-0.004711325,0.0,0.9999972,-0.0,0.0,-0.0023556605,0.0,0.0,-0.001,0,0,0,0,0
11805000,-0.0,-0.0,-0.0046267817,0.0,0.9999973,-0.0,0.0,-0.0023133892,0.0,0.0,-0.001,0,0,0,0,0
11857000,-0.0,-0.0,-0.0046378025,0.0,0.9999973,-0.0,0.0,-0.0023188991,0.0,0.0,-0.001,0,0,0,0,0
11907000,-0.0,-0.0,-0.0046651154,0.0,0.9999973,-0.0,0.0,-0.0023325558,0.0,0.0,-0.001,0,0,0,0,0
11955000,-0.0,-0.0,-0.0046116095,0.0,0.9999973,-0.0,0.0,-0.002305803,0.0,0.0,-0.001,0,0,0,0,0
12007000,-0.0,-0.0,-0.004597403,0.0,0.9999974,-0.0,0.0,-0.0022986997,0.0,0.0,-0.001,0,0,0,0,0
12055000,-0.0,-0.0,-0.004582461,0.0,0.9999974,-0.0,0.0,-0.0022912286,0.0,0.0,-0.001,0,0,0,0,0
12107000,-0.0,-0.0,-0.004591885,0.0,0.9999974,-0.0,0.0,-0.0022959404,0.0,0.0,-0.001,0,0,0,0,0
12155000,-0.0,-0.0,-0.0045525907,0.0,0.9999974,-0.0,0.0,-0.0022762937,0.0,0.0,-0.001,0,0,0,0,0
12207000,-0.0,-0.0,-0.004530727,0.0,0.99999744,-0.0,0.0,-0.0022653618,0.0,0.0,-0.001,0,0,0,0,0
12256000,-0.0,-0.0,-0.0044598947,0.0,0.9999975,-0.0,0.0,-0.0022299457,0.0,0.0,-0.001,0,0,0,0,0
12304000,-0.0,-0.0,-0.004402282,0.0,0.9999976,-0.0,0.0,-0.0022011395,0.0,0.0,-0.001,0,0,0,0,0
12354000,-0.0,-0.0,-0.0042680353,0.0,0.99999774,-0.0,0.0,-0.002134016,0.0,0.0,-0.001,0,0,0,0,0
12395000,-0.0,-0.0,-0.004280255,0.0,0.99999774,-0.0,0.0,-0.0021401262,0.0,0.0,-0.001,0,0,0,0,0
12456000,-0.0,-0.0,-0.004257766,0.0,0.99999774,-0.0,0.0,-0.0021288814,0.0,0.0,-0.001,0,0,0,0,0
12504000,-0.0,-0.0,-0.004228056,0.0,0.99999774,-0.0,0.0,-0.0021140266,0.0,0.0,-0.001,0,0,0,0,0
12556000,-0.0,-0.0,-0.0043569147,0.0,0.9999976,-0.0,0.0,-0.0021784555,0.0,0.0,-0.001,0,0,0,0,0
12605000,-0.0,-0.0,-0.004270024,0.0,0.99999774,-0.0,0.0,-0.0021350104,0.0,0.0,-0.001,0,0,0,0,0
12654000,-0.0,-0.0,-0.004180303,0.0,0.99999785,-0.0,0.0,-0.0020901498,0.0,0.0,-0.001,0,0,0,0,0
12706000,-0.0,-0.0,-0.004165832,0.0,0.99999785,-0.0,0.0,-0.0020829146,0.0,0.0,-0.001,0,0,0,0,0
12754000,-0.0,-0.0,-0.004195495,0.0,0.9999978,-0.0,0.0,-0.0020977464,0.0,0.0,-0.001,0,0,0,0,0
12806000,-0.0,-0.0,-0.004355227,0.0,0.9999976,-0.0,0.0,-0.0021776117,0.0,0.0,-0.001,0,0,0,0,0
12854000,-0.0,-0.0,-0.004304989,0.0,0.9999977,-0.0,0.0,-0.002152493,0.0,0.0,-0.001,0,0,0,0,0
12895000,-0.0,-0.0,-0.004470097,0.0,0.9999975,-0.0,0.0,-0.0022350468,0.0,0.0,-0.001,0,0,0,0,0
12945000,-0.0,-0.0,-0.004494629,0.0,0.9999975,-0.0,0.0,-0.0022473126,0.0,0.0,-0.001,0,0,0,0,0
13006000,-0.0,-0.0,-0.0044329665,0.0,0.99999756,-0.0,0.0,-0.0022164814,0.0,0.0,-0.001,0,0,0,0,0
13054000,-0.0,-0.0,-0.0044714212,0.0,0.9999975,-0.0,0.0,-0.002235709,0.0,0.0,-0.001,0,0,0,0,0
13107000,-0.0,-0.0,-0.0045219855,0.0,0.99999744,-0.0,0.0,-0.0022609911,0.0,0.0,-0.001,0,0,0,0,0
13155000,-0.0,-0.0,-0.0045203953,0.0,0.99999744,-0.0,0.0,-0.0022601958,0.0,0.0,-0.001,0,0,0,0,0
13204000,-0.0,-0.0,-0.004552632,0.0,0.9999974,-0.0,0.0,-0.0022763144,0.0,0.0,-0.001,0,0,0,0,0
13257000,-0.0,-0.0,-0.0044912915,0.0,0.9999975,-0.0,0.0,-0.0022456439,0.0,0.0,-0.001,0,0,0,0,0
13305000,-0.0,-0.0,-0.0044650384,0.0,0.9999975,-0.0,0.0,-0.0022325176,0.0,0.0,-0.001,0,0,0,0,0
13357000,-0.0,-0.0,-0.004488816,0.0,0.9999975,-0.0,0.0,-0.0022444061,0.0,0.0,-0.001,0,0,0,0,0
13405000,-0.0,-0.0,-0.004391139,0.0,0.9999976,-0.0,0.0,-0.0021955678,0.0,0.0,-0.001,0,0,0,0,0
13454000,-0.0,-0.0,-0.0042915707,0.0,0.9999977,-0.0,0.0,-0.002145784,0.0,0.0,-0.001,0,0,0,0,0
13506000,-0.0,-0.0,-0.0043478804,0.0,0.9999977,-0.0,0.0,-0.0021739388,0.0,0.0,-0.001,0,0,0,0,0
13554000,-0.0,-0.0,-0.004430197,0.0,0.99999756,-0.0,0.0,-0.0022150972,0.0,0.0,-0.001,0,0,0,0,0
13606000,-0.0,-0.0,-0.004405855,0.0,0.99999756,-0.0,0.0,-0.002202926,0.0,0.0,-0.001,0,0,0,0,0
13655000,-0.0,-0.0,-0.0043774215,0.0,0.9999976,-0.0,0.0,-0.002188709,0.0,0.0,-0.001,0,0,0,0,0
13707000,-0.0,-0.0,-0.0043223407,0.0,0.9999977,-0.0,0.0,-0.002161169,0.0,0.0,-0.001,0,0,0,0,0
13755000,-0.0,-0.0,-0.0044065234,0.0,0.99999756,-0.0,0.0,-0.00220326,0.0,0.0,-0.001,0,0,0,0,0
13804000,-0.0,-0.0,-0.0043798727,0.0,0.9999976,-0.0,0.0,-0.0021899345,0.0,0.0,-0.001,0,0,0,0,0
13856000,-0.0,-0.0,-0.004387392,0.0,0.9999976,-0.0,0.0,-0.0021936942,0.0,0.0,-0.001,0,0,0,0,0
13905000,-0.0,-0.0,-0.004525342,0.0,0.99999744,-0.0,0.0,-0.002262669,0.0,0.0,-0.001,0,0,0,0,0
13955000,-0.0,-0.0,-0.004557039,0.0,0.9999974,-0.0,0.0,-0.002278518,0.0,0.0,-0.001,0,0,0,0,0
14007000,-0.0,-0.0,-0.004503922,0.0,0.99999744,-0.0,0.0,-0.0022519592,0.0,0.0,-0.001,0,0,0,0,0
14055000,-0.0,-0.0,-0.004644757,0.0,0.9999973,-0.0,0.0,-0.0023223765,0.0,0.0,-0.001,0,0,0,0,0
14104000,-0.0,-0.0,-0.0046230517,0.0,0.9999973,-0.0,0.0,-0.002311524,0.0,0.0,-0.001,0,0,0,0,0
14156000,-0.0,-0.0,-0.004652297,0.0,0.9999973,-0.0,0.0,-0.0023261467,0.0,0.0,-0.001,0,0,0,0,0
14204000,-0.0,-0.0,-0.004497232,0.0,0.9999975,-0.0,0.0,-0.002248614,0.0,0.0,-0.001,0,0,0,0,0
14256000,-0.0,-0.0,-0.004469462,0.0,0.9999975,-0.0,0.0,-0.0022347295,0.0,0.0,-0.001,0,0,0,0,0
14304000,-0.0,-0.0,-0.004611133,0.0,0.9999973,-0.0,0.0,-0.0023055647,0.0,0.0,-0.001,0,0,0,0,0
14354000,-0.0,-0.0,-0.004612169,0.0,0.9999973,-0.0,0.0,-0.0023060828,0.0,0.0,-0.001,0,0,0,0,0
14406000,-0.0,-0.0,-0.004604192,0.0,0.9999973,-0.0,0.0,-0.0023020941,0.0,0.0,-0.001,0,0,0,0,0
14457000,-0.0,-0.0,-0.0047051325,0.0,0.99999726,-0.0,0.0,-0.0023525644,0.0,0.0,-0.001,0,0,0,0,0
14505000,-0.0,-0.0,-0.004644206,0.0,0.9999973,-0.0,0.0,-0.0023221008,0.0,0.0,-0.001,0,0,0,0,0
14557000,-0.0,-0.0,-0.004671042,0.0,0.99999726,-0.0,0.0,-0.002335519,0.0,0.0,-0.001,0,0,0,0,0
14606000,-0.0,-0.0,-0.004806752,0.0,0.9999971,-0.0,0.0,-0.002403374,0.0,0.0,-0.001,0,0,0,0,0
14656000,-0.0,-0.0,-0.0048527187,0.0,0.9999971,-0.0,0.0,-0.0024263572,0.0,0.0,-0.001,0,0,0,0,0
14705000,-0.0,-0.0,-0.00500162,0.0,0.99999684,-0.0,0.0,-0.0025008079,0.0,0.0,-0.001,0,0,0,0,0
14757000,-0.0,-0.0,-0.0049580936,0.0,0.9999969,-0.0,0.0,-0.0024790443,0.0,0.0,-0.001,0,0,0,0,0
14805000,-0.0,-0.0,-0.0049576773,0.0,0.9999969,-0.0,0.0,-0.002478836,0.0,0.0,-0.001,0,0,0,0,0
14857000,-0.0,-0.0,-0.004809479,0.0,0.9999971,-0.0,0.0,-0.0024047378,0.0,0.0,-0.001,0,0,0,0,0
14906000,-0.0,-0.0,-0.00482087,0.0,0.9999971,-0.0,0.0,-0.0024104328,0.0,0.0,-0.001,0,0,0,0,0
14956000,-0.0,-0.0,-0.004885666,0.0,0.999997,-0.0,0.0,-0.0024428305,0.0,0.0,-0.001,0,0,0,0,0
15004000,-0.0,-0.0,-0.0048923055,0.0,0.999997,-0.0,0.0,-0.0024461502,0.0,0.0,-0.001,0,0,0,0,0
15069000,-0.0,-0.0,-0.004976649,0.0,0.9999969,-0.0,0.0,-0.0024883219,0.0,0.0,-0.001,0,0,0,0,0
15098000,-0.0,-0.0,-0.004932929,0.0,0.99999696,-0.0,0.0,-0.002466462,0.0,0.0,-0.001,0,0,0,0,0
15158000,-0.0,-0.0,-0.0049935943,0.0,0.9999969,-0.0,0.0,-0.0024967943,0.0,0.0,-0.001,0,0,0,0,0
15198000,-0.0,-0.0,-0.0050170133,0.0,0.99999684,-0.0,0.0,-0.002508504,0.0,0.0,-0.001,0,0,0,0,0
15258000,-0.0,-0.0,-0.0051222313,0.0,0.9999967,-0.0,0.0,-0.002561113,0.0,0.0,-0.001,0,0,0,0,0
15298000,-0.0,-0.0,-0.0051482576,0.0,0.99999666,-0.0,0.0,-0.0025741262,0.0,0.0,-0.001,0,0,0,0,0
15353000,-0.0,-0.0,-0.005043328,0.0,0.99999684,-0.0,0.0,-0.0025216613,0.0,0.0,-0.001,0,0,0,0,0
15401000,-0.0,-0.0,-0.005017376,0.0,0.99999684,-0.0,0.0,-0.0025086855,0.0,0.0,-0.001,0,0,0,0,0
15449000,-0.0,-0.0,-0.00493454,0.0,0.99999696,-0.0,0.0,-0.0024672677,0.0,0.0,-0.001,0,0,0,0,0
15501000,-0.0,-0.0,-0.004913573,0.0,0.999997,-0.0,0.0,-0.0024567842,0.0,0.0,-0.001,0,0,0,0,0
15549000,-0.0,-0.0,-0.004835095,0.0,0.9999971,-0.0,0.0,-0.0024175453,0.0,0.0,-0.001,0,0,0,0,0
15601000,-0.0,-0.0,-0.004956347,0.0,0.9999969,-0.0,0.0,-0.002478171,0.0,0.0,-0.001,0,0,0,0,0
15661000,-0.0,-0.0,-0.005010682,0.0,0.9999969,-0.0,0.0,-0.0025053385,0.0,0.0,-0.001,0,0,0,0,0
15709000,-0.0,-0.0,-0.005031262,0.0,0.99999684,-0.0,0.0,-0.0025156285,0.0,0.0,-0.001,0,0,0,0,0
15749000,-0.0,-0.0,-0.00502863,0.0,0.99999684,-0.0,0.0,-0.0025143127,0.0,0.0,-0.001,0,0,0,0,0
15801000,-0.0,-0.0,-0.0049371133,0.0,0.99999696,-0.0,0.0,-0.0024685543,0.0,0.0,-0.001,0,0,0,0,0
15849000,-0.0,-0.0,-0.004791179,0.0,0.99999714,-0.0,0.0,-0.0023955875,0.0,0.0,-0.001,0,0,0,0,0
15910000,-0.0,-0.0,-0.00479835,0.0,0.99999714,-0.0,0.0,-0.0023991724,0.0,0.0,-0.001,0,0,0,0,0
15959000,-0.0,-0.0,-0.0047194646,0.0,0.9999972,-0.0,0.0,-0.0023597302,0.0,0.0,-0.001,0,0,0,0,0
15999000,-0.0,-0.0,-0.0046252175,0.0,0.9999973,-0.0,0.0,-0.002312607,0.0,0.0,-0.001,0,0,0,0,0
16051000,-0.0,-0.0,-0.0046251887,0.0,0.9999973,-0.0,0.0,-0.0023125925,0.0,0.0,-0.001,0,0,0,0,0
16099000,-0.0,-0.0,-0.00461206,0.0,0.9999973,-0.0,0.0,-0.002306028,0.0,0.0,-0.001,0,0,0,0,0
16159000,-0.0,-0.0,-0.004602044,0.0,0.9999974,-0.0,0.0,-0.00230102,0.0,0.0,-0.001,0,0,0,0,0
16211000,-0.0,-0.0,-0.0046067936,0.0,0.9999973,-0.0,0.0,-0.002303395,0.0,0.0,-0.001,0,0,0,0,0
16259000,-0.0,-0.0,-0.004699391,0.0,0.99999726,-0.0,0.0,-0.0023496933,0.0,0.0,-0.001,0,0,0,0,0
16311000,-0.0,-0.0,-0.0047748904,0.0,0.99999714,-0.0,0.0,-0.0023874429,0.0,0.0,-0.001,0,0,0,0,0
16359000,-0.0,-0.0,-0.0048366976,0.0,0.9999971,-0.0,0.0,-0.0024183467,0.0,0.0,-0.001,0,0,0,0,0
16399000,-0.0,-0.0,-0.0047288327,0.0,0.9999972,-0.0,0.0,-0.0023644145,0.0,0.0,-0.001,0,0,0,0,0
16448000,-0.0,-0.0,-0.004913114,0.0,0.99999696,-0.0,0.0,-0.002456555,0.0,0.0,-0.001,0,0,0,0,0
16508000,-0.0,-0.0,-0.004968571,0.0,0.9999969,-0.0,0.0,-0.002484283,0.0,0.0,-0.001,0,0,0,0,0
16548000,-0.0,-0.0,-0.0050370153,0.0,0.99999684,-0.0,0.0,-0.002518505,0.0,0.0,-0.001,0,0,0,0,0
16600000,-0.0,-0.0,-0.0050457288,0.0,0.99999684,-0.0,0.0,-0.002522862,0.0,0.0,-0.001,0,0,0,0,0
16648000,-0.0,-0.0,-0.0050320155,0.0,0.99999684,-0.0,0.0,-0.0025160052,0.0,0.0,-0.001,0,0,0,0,0
16700000,-0.0,-0.0,-0.0050572804,0.0,0.99999684,-0.0,0.0,-0.0025286379,0.0,0.0,-0.001,0,0,0,0,0
16748000,-0.0,-0.0,-0.005171459,0.0,0.99999666,-0.0,0.0,-0.0025857268,0.0,0.0,-0.001,0,0,0,0,0
16800000,-0.0,-0.0,-0.005138644,0.0,0.9999967,-0.0,0.0,-0.0025693194,0.0,0.0,-0.001,0,0,0,0,0
16861000,-0.0,-0.0,-0.005153332,0.0,0.99999666,-0.0,0.0,-0.0025766632,0.0,0.0,-0.001,0,0,0,0,0
16901000,-0.0,-0.0,-0.005129361,0.0,0.9999967,-0.0,0.0,-0.0025646782,0.0,0.0,-0.001,0,0,0,0,0
16959000,0.00061979075,-0.0019767135,-0.0045941263,0.0,0.9999968,0.00030762408,-0.0009890657,-0.0022967537,0.0,0.0,-0.0098978495,0,0,0,0,0
17004000,0.0012462112,-0.0015811634,-0.0045546344,0.0,0.9999969,0.00062130333,-0.00079199835,-0.0022768215,0.0,0.0,-0.015416921,0,0,0,0,0
17053000,0.0008720293,-0.0015293817,-0.0047199484,0.0,0.99999684,0.00043420866,-0.0007657176,-0.002359638,0.0,0.0,-0.023270344,0,0,0,0,0
17105000,0.00049731764,-0.0014204407,-0.004829551,0.0,0.99999684,0.000246943,-0.00071081874,-0.002414596,0.0,0.0,-0.031435464,0,0,0,0,0
17153000,0.00056126865,-0.0020530305,-0.0047422606,0.0,0.99999666,0.00027819938,-0.0010271774,-0.0023708385,0.0,0.0,-0.03898704,0,0,0,0,0
17205000,0.00027408317,-0.0018063055,-0.004785903,0.0,0.9999967,0.00013487994,-0.000903478,-0.0023928243,0.0,0.0,-0.04863473,0,0,0,0,0
17253000,0.000784869,-0.0010261147,-0.0047778734,0.0,0.99999696,0.0003912077,-0.00051399326,-0.0023887327,0.0,0.0,-0.055654094,0,0,0,0,0
17305000,0.0007224934,-0.001364621,-0.005017081,0.0,0.99999654,0.00035953385,-0.00068321446,-0.0025082906,0.0,0.0,-0.06513821,0,0,0,0,0
17354000,0.00038835665,-0.0016820859,-0.0050325966,0.0,0.9999965,0.00019206136,-0.0008415289,-0.002516132,0.0,0.0,-0.07330637,0,0,0,0,0
17402000,0.0006128416,-0.001458705,-0.0049128286,0.0,0.99999666,0.0003046282,-0.000730103,-0.0024561877,0.0,0.0,-0.082256116,0,0,0,0,0
17453000,0.00032835425,-0.0019560398,-0.0049373102,0.0,0.9999965,0.00016176215,-0.0009784221,-0.002468491,0.0,0.0,-0.09335483,0,0,0,0,0
17502000,0.00052659115,-0.0022554651,-0.004934652,0.0,0.99999624,0.00026051217,-0.0011283787,-0.002467025,0.0,0.0,-0.104241,0,0,0,0,0
17554000,0.00079329533,-0.002483066,-0.004894032,0.0,0.9999962,0.00039360812,-0.0012424994,-0.0024465192,0.0,0.0,-0.11725376,0,0,0,0,0
17602000,0.0010995871,-0.0020961275,-0.004792832,0.0,0.9999964,0.00054728007,-0.001049378,-0.0023958362,0.0,0.0,-0.12934041,0,0,0,0,0
17654000,0.00039480036,-0.0018813885,-0.0047372864,0.0,0.9999967,0.00019517138,-0.000941159,-0.0023684544,0.0,0.0,-0.14359981,0,0,0,0,0
17702000,0.0008651809,-0.0021205358,-0.0048204917,0.0,0.9999964,0.00043003348,-0.0010613073,-0.0024097834,0.0,0.0,-0.15590997,0,0,0,0,0
17754000,0.0006866861,-0.0022119863,-0.004876314,0.0,0.99999636,0.0003406452,-0.0011068267,-0.0024377736,0.0,0.0,-0.1704986,0,0,0,0,0
17803000,0.0008640445,-0.0020349475,-0.0047831675,0.0,0.99999654,0.00042958735,-0.0010185037,-0.0023911404,0.0,0.0,-0.18337074,0,0,0,0,0
17855000,0.00095579465,-0.0022465363,-0.004951285,0.0,0.9999962,0.00047511474,-0.0011244476,-0.0024751017,0.0,0.0,-0.19846821,0,0,0,0,0
17903000,0.0014060495,-0.0017406374,-0.0049491567,0.0,0.9999963,0.00070086855,-0.00087205536,-0.0024739623,0.0,0.0,-0.21080333,0,0,0,0,0
17954000,0.0020584245,-0.0023020967,-0.0050151884,0.0,0.99999565,0.0010263217,-0.0011536247,-0.002506404,0.0,0.0,-0.22530794,0,0,0,0,0
18002000,0.001993011,-0.0027767674,-0.0051830546,0.0,0.9999952,0.0009929033,-0.0013909605,-0.0025901375,0.0,0.0,-0.23762734,0,0,0,0,0
18054000,0.0018243941,-0.0027203748,-0.0052320254,0.0,0.99999523,0.0009086346,-0.0013625681,-0.0026147657,0.0,0.0,-0.25252622,0,0,0,0,0
18102000,0.0020025629,-0.0027698867,-0.005296096,0.0,0.99999505,0.0009976093,-0.0013875889,-0.0026466546,0.0,0.0,-0.2659771,0,0,0,0,0
18154000,0.0011484006,-0.0025120866,-0.005237288,0.0,0.9999956,0.00057090865,-0.0012575422,-0.0026179173,0.0,0.0,-0.2801559,0,0,0,0,0
18202000,0.0017685031,-0.0027570368,-0.005139255,0.0,0.99999535,0.0008807054,-0.0013807851,-0.0025684023,0.0,0.0,-0.31989196,0,0,0,0,0
18254000,0.0023459303,-0.0031423955,-0.0052200584,0.0,0.9999947,0.0011688586,-0.0015742524,-0.0026081784,0.0,0.0,-0.33177677,0,0,0,0,0
18302000,0.0023785005,-0.0029203896,-0.005288747,0.0,0.9999947,0.0011853834,-0.001463333,-0.0026426294,0.0,0.0,-0.31766182,0,0,0,0,0
18351000,0.0022802246,-0.003209022,-0.0052797818,0.0,0.9999946,0.001135871,-0.0016075135,-0.0026380536,0.0,0.0,-0.34729072,0,0,0,0,0
18403000,0.0023362215,-0.0033513305,-0.005278939,0.0,0.9999944,0.0011636819,-0.0016787407,-0.0026375034,0.0,0.0,-0.32710174,0,0,0,0,0
18454000,0.0027896473,-0.0037619746,-0.005247273,0.0,0.9999938,0.0013898809,-0.0018846374,-0.002621003,0.0,0.0,-0.32351753,0,0,0,0,0
18502000,0.0027519437,-0.0027070292,-0.0052437205,0.0,0.9999947,0.0013724166,-0.0013571159,-0.0026199901,0.0,0.0,-0.33738056,0,0,0,0,0
18554000,0.0035731033,-0.0036030891,-0.0051173484,0.0,0.9999935,0.0017819323,-0.0018061062,-0.0025554448,0.0,0.0,-0.3201116,0,0,0,0,0
18602000,0.0024566052,-0.0030566524,-0.005076095,0.0,0.9999949,0.001224418,-0.001531437,-0.002536163,0.0,0.0,-0.34583357,0,0,0,0,0
18654000,0.0033216074,-0.0028144743,-0.0052001416,0.0,0.9999943,0.0016571367,-0.0014115482,-0.0025977248,0.0,0.0,-0.32575414,0,0,0,0,0
18702000,0.0026621073,-0.0024548399,-0.005230061,0.0,0.99999493,0.001327838,-0.001230895,-0.0026133896,0.0,0.0,-0.33983073,0,0,0,0,0
18754000,0.0030676813,-0.0030892831,-0.0050525884,0.0,0.99999446,0.0015299311,-0.0015485092,-0.0025239165,0.0,0.0,-0.33054188,0,0,0,0,0
18802000,0.0024645203,-0.0032397953,-0.0049741333,0.0,0.9999948,0.0012282255,-0.0016229555,-0.0024850632,0.0,0.0,-0.3249725,0,0,0,0,0
18855000,0.0032382838,-6.283037e-05,-0.0051379506,0.0,0.9999954,0.0016190553,-3.557457e-05,-0.0025689185,0.0,0.0,-0.33270785,0,0,0,0,0
18903000,0.0036969553,0.0026373852,-0.005158072,0.0,0.9999941,0.0018518697,0.0013139183,-0.0025814641,0.0,0.0,-0.32156992,0,0,0,0,0
18955000,0.0043967403,0.0026930391,-0.005237387,0.0,0.9999932,0.002201885,0.0013407544,-0.0026216423,0.0,0.0,-0.3340109,0,0,0,0,0
19003000,0.0049030688,0.0028956872,-0.005303922,0.0,0.99999243,0.0024553603,0.0014413323,-0.002655497,0.0,0.0,-0.31903666,0,0,0,0,0
19055000,0.0037172146,0.0037360704,-0.005320106,0.0,0.99999297,0.0018635654,0.0018630802,-0.002663513,0.0,0.0,-0.33660772,0,0,0,0,0
19103000,0.0035273961,0.0043210257,-0.0053547407,0.0,0.99999255,0.0017694712,0.002155778,-0.0026811673,0.0,0.0,-0.32042673,0,0,0,0,0
19155000,0.002585481,0.0037967623,-0.00532527,0.0,0.9999938,0.0012977879,0.0018949297,-0.0026650787,0.0,0.0,-0.3356903,0,0,0,0,0
19203000,0.0021634332,0.0030047712,-0.0052649737,0.0,0.9999948,0.0010856664,0.0014995316,-0.0026341046,0.0,0.0,-0.31955165,0,0,0,0,0
19255000,0.001738641,0.00294273,-0.00522762,0.0,0.9999951,0.0008731623,0.0014690866,-0.0026150823,0.0,0.0,-0.33449075,0,0,0,0,0
19303000,0.0016574534,0.003966149,-0.0051711802,0.0,0.99999434,0.0008338496,0.0019809233,-0.002587225,0.0,0.0,-0.31946895,0,0,0,0,0
19353000,0.0018529234,0.004058902,-0.005388944,0.0,0.9999939,0.00093192456,0.002026945,-0.0026963423,0.0,0.0,-0.34225363,0,0,0,0,0
19405000,0.0026483291,0.004188503,-0.0054363306,0.0,0.99999326,0.0013298489,0.0020906413,-0.002720927,0.0,0.0,-0.32922146,0,0,0,0,0
19452000,0.0020140477,0.0039814087,-0.005589313,0.0,0.99999356,0.0010125812,0.0019878799,-0.0027966506,0.0,0.0,-0.34168655,0,0,0,0,0
19504000,0.0024164326,0.0036867363,-0.0055160862,0.0,0.9999938,0.0012132934,0.0018400265,-0.00276026,0.0,0.0,-0.3448483,0,0,0,0,0
19553000,0.0014615477,0.004620408,-0.0055531273,0.0,0.9999932,0.00073718344,0.0023081636,-0.0027782402,0.0,0.0,-0.33812395,0,0,0,0,0
19605000,0.0010198471,0.0045710467,-0.0055003655,0.0,0.99999344,0.0005162059,0.00228411,-0.0027513371,0.0,0.0,-0.35318086,0,0,0,0,0
19653000,0.00069460925,0.004540661,-0.0054475903,0.0,0.9999936,0.00035348636,0.0022693742,-0.0027245732,0.0,0.0,-0.33316857,0,0,0,0,0
19705000,0.0005011228,0.003904626,-0.005446938,0.0,0.99999434,0.00025587704,0.0019516221,-0.0027239497,0.0,0.0,-0.35135671,0,0,0,0,0
19753000,0.00034408504,0.004056072,-0.0056398017,0.0,0.9999939,0.00017776032,0.0020275414,-0.0028202403,0.0,0.0,-0.33155033,0,0,0,0,0
19805000,0.00041843753,0.0035803264,-0.0057736696,0.0,0.9999942,0.00021438547,0.0017895508,-0.0028872006,0.0,0.0,-0.35326698,0,0,0,0,0
19853000,-0.0006624042,0.0044927113,-0.005658141,0.0,0.9999934,-0.00032484494,0.0022472818,-0.0028283156,0.0,0.0,-0.33340582,0,0,0,0,0
19905000,-0.001068121,0.0054200357,-0.0055167936,0.0,0.9999924,-0.0005265812,0.002711477,-0.0027569355,0.0,0.0,-0.35393015,0,0,0,0,0
19952000,-0.0009791524,0.0046058926,-0.0055416003,0.0,0.9999934,-0.00048319207,0.0023042916,-0.0027696618,0.0,0.0,-0.33375448,0,0,0,0,0
20004000,-0.0013688885,0.005228051,-0.0057073156,0.0,0.99999225,-0.00067697954,0.0026159645,-0.0028518545,0.0,0.0,-0.35180962,0,0,0,0,0
20052000,-0.0019224898,0.005777394,-0.005675122,0.0,0.9999913,-0.00095303997,0.0028914076,-0.0028347673,0.0,0.0,-0.33222362,0,0,0,0,0
20104000,-0.0019722334,0.00611203,-0.0057424777,0.0,0.99999076,-0.0009773333,0.0030588272,-0.002868207,0.0,0.0,-0.35229212,0,0,0,0,0
20152000,-0.0020728253,0.006440498,-0.005825607,0.0,0.99999005,-0.0010270227,0.003223247,-0.0029094457,0.0,0.0,-0.33233234,0,0,0,0,0
20204000,-0.002216712,0.0054785637,-0.0059004715,0.0,0.9999913,-0.0011002654,0.0027425347,-0.0029471824,0.0,0.0,-0.35264602,0,0,0,0,0
20252000,-0.0027173962,0.0047095437,-0.005825795,0.0,0.9999921,-0.001351829,0.0023587153,-0.0029096836,0.0,0.0,-0.332333,0,0,0,0,0
20304000,-0.0034736632,0.0040966393,-0.0058299447,0.0,0.99999213,-0.0017308489,0.002053369,-0.0029114,0.0,0.0,-0.35045427,0,0,0,0,0
20352000,-0.0035612383,0.0042090504,-0.005826986,0.0,0.99999195,-0.0017744754,0.0021096992,-0.002909731,0.0,0.0,-0.3326518,0,0,0,0,0
20404000,-0.003943885,0.00392942,-0.0057953363,0.0,0.99999195,-0.0019662362,0.0019704108,-0.002893779,0.0,0.0,-0.34683025,0,0,0,0,0
20455000,-0.0042142603,0.0036379362,-0.0057421755,0.0,0.999992,-0.002101894,0.0018250053,-0.00286724,0.0,0.0,-0.33492506,0,0,0,0,0
20503000,-0.0036947227,0.00254862,-0.005721843,0.0,0.9999934,-0.0018437055,0.0012795875,-0.0028585568,0.0,0.0,-0.33453348,0,0,0,0,0
20555000,-0.0037433074,0.003247286,-0.005656881,0.0,0.99999297,-0.0018670502,0.0016289265,-0.0028253892,0.0,0.0,-0.33634362,0,0,0,0,0
20603000,-0.0032549503,0.0026548677,-0.0056849048,0.0,0.99999374,-0.0016236934,0.0013320524,-0.0028402826,0.0,0.0,-0.32785854,0,0,0,0,0
20656000,-0.002063684,0.002894377,-0.005639634,0.0,0.99999446,-0.0010277559,0.0014500913,-0.0028183158,0.0,0.0,-0.33773875,0,0,0,0,0
20704000,-0.002013602,0.0036700433,-0.0056493636,0.0,0.9999938,-0.0010016118,0.0018378564,-0.0028228245,0.0,0.0,-0.32154533,0,0,0,0,0
20752000,-0.0015447256,0.003686177,-0.005734489,0.0,0.99999386,-0.0007670737,0.0018452939,-0.0028658113,0.0,0.0,-0.34200698,0,0,0,0,0
20804000,-0.0017323947,0.0037794437,-0.005640029,0.0,0.99999386,-0.00086086325,0.0018921553,-0.002818368,0.0,0.0,-0.32363564,0,0,0,0,0
20852000,-0.0017973874,0.0035864594,-0.005622074,0.0,0.99999404,-0.0008936478,0.0017957471,-0.002809416,0.0,0.0,-0.3438758,0,0,0,0,0
20905000,-0.0021533926,0.0033492942,-0.005581451,0.0,0.99999416,-0.001072017,0.0016776435,-0.0027889132,0.0,0.0,-0.32477087,0,0,0,0,0
20955000,-0.001609085,0.003131874,-0.005593728,0.0,0.9999945,-0.00080015854,0.0015681798,-0.0027955964,0.0,0.0,-0.34441537,0,0,0,0,0
21004000,-0.0010032683,0.0032674114,-0.005600936,0.0,0.99999464,-0.0004970564,0.0016351031,-0.002799641,0.0,0.0,-0.32723078,0,0,0,0,0
21052000,-0.000998055,0.0039914455,-0.0055971877,0.0,0.9999939,-0.0004934393,0.00199711,-0.0027975885,0.0,0.0,-0.34404814,0,0,0,0,0
21104000,-0.0013526822,0.00383932,-0.0055858963,0.0,0.99999404,-0.0006709757,0.0019215397,-0.0027916406,0.0,0.0,-0.328084,0,0,0,0,0
21153000,-0.0014155953,0.0034038178,-0.0056163766,0.0,0.9999944,-0.00070301443,0.0017038884,-0.0028069753,0.0,0.0,-0.34168392,0,0,0,0,0
21205000,-0.0020692963,0.0026762148,-0.0055603436,0.0,0.9999947,-0.0010309231,0.0013409776,-0.0027787802,0.0,0.0,-0.3338003,0,0,0,0,0
21253000,-0.0009875915,0.0026926035,-0.005508295,0.0,0.9999952,-0.0004900855,0.0013476561,-0.0027534768,0.0,0.0,-0.33956614,0,0,0,0,0
21305000,-0.00075555994,0.0029943085,-0.005367758,0.0,0.99999523,-0.00037375998,0.0014981619,-0.0026833073,0.0,0.0,-0.34580824,0,0,0,0,0
21353000,-0.0005882776,0.0037201957,-0.005380102,0.0,0.9999946,-0.00028913346,0.0018608815,-0.002689496,0.0,0.0,-0.3357277,0,0,0,0,0
21405000,0.000437916,0.003819712,-0.0052911653,0.0,0.99999464,0.00022400952,0.0019092688,-0.002645993,0.0,0.0,-0.34799507,0,0,0,0,0
21452000,0.0006000714,0.0027181844,-0.0051152175,0.0,0.99999577,0.00030351046,0.0013583199,-0.0025580118,0.0,0.0,-0.33213863,0,0,0,0,0
21504000,0.00015401623,0.0038261,-0.005096225,0.0,0.99999493,8.1882405e-05,0.0019128465,-0.0025482527,0.0,0.0,-0.34810242,0,0,0,0,0
21553000,0.00017558347,0.0033250037,-0.005224119,0.0,0.99999523,9.213385e-05,0.001662266,-0.002612199,0.0,0.0,-0.32914957,0,0,0,0,0
21605000,0.00038035624,0.0028426703,-0.005176944,0.0,0.9999956,0.00019385638,0.0014208378,-0.0025887368,0.0,0.0,-0.34597322,0,0,0,0,0
21654000,-8.273062e-07,0.0024897566,-0.004886038,0.0,0.99999624,2.6276057e-06,0.0012448753,-0.0024430142,0.0,0.0,-0.32694018,0,0,0,0,0
21702000,9.767649e-05,0.0024148948,-0.0047741467,0.0,0.9999964,5.1720333e-05,0.0012073271,-0.0023871283,0.0,0.0,-0.3448969,0,0,0,0,0
21754000,0.00016724155,0.0017182155,-0.004917733,0.0,0.9999966,8.573293e-05,0.0008588995,-0.002458935,0.0,0.0,-0.32501987,0,0,0,0,0
21802000,0.00041248352,0.0010109158,-0.0048820227,0.0,0.99999684,0.00020747495,0.000504953,-0.0024411133,0.0,0.0,-0.34157118,0,0,0,0,0
21855000,-5.57839e-05,0.0003407308,-0.0048560416,0.0,0.999997,-2.7478216e-05,0.00017043261,-0.0024280136,0.0,0.0,-0.32147175,0,0,0,0,0
21903000,5.4335622e-05,0.00034096476,-0.004771892,0.0,0.99999714,2.7574491e-05,0.00017041707,-0.0023859483,0.0,0.0,-0.33797947,0,0,0,0,0
21954000,-0.00031366813,-0.00014429701,-0.004708088,0.0,0.9999972,-0.00015700348,-7.177911e-05,-0.0023540533,0.0,0.0,-0.3196987,0,0,0,0,0
22002000,-0.0011207883,0.0002348104,-0.0047661895,0.0,0.99999696,-0.00056011276,0.00011874033,-0.0023830265,0.0,0.0,-0.3349558,0,0,0,0,0
22055000,-0.0011838686,0.00062176783,-0.0048109735,0.0,0.9999969,-0.00059118465,0.00031230683,-0.0024053,0.0,0.0,-0.3166708,0,0,0,0,0
22103000,-0.000514346,-0.0006713451,-0.0050279256,0.0,0.9999967,-0.00025801605,-0.00033502493,-0.0025140466,0.0,0.0,-0.33486977,0,0,0,0,0
22155000,-0.0010385889,-0.00076828606,-0.005065636,0.0,0.9999966,-0.0005202657,-0.00038282646,-0.0025330144,0.0,0.0,-0.3179576,0,0,0,0,0
22203000,-0.00090501853,-0.0013866351,-0.0050066896,0.0,0.99999654,-0.0004542433,-0.0006921824,-0.0025036552,0.0,0.0,-0.3354905,0,0,0,0,0
22255000,-0.0014013661,-0.0005487715,-0.00510755,0.0,0.9999965,-0.00070138136,-0.0002725954,-0.0025539638,0.0,0.0,-0.31872088,0,0,0,0,0
22303000,-0.00064490776,-0.0005471288,-0.0049960664,0.0,0.9999968,-0.00032313625,-0.000272758,-0.002498119,0.0,0.0,-0.33548898,0,0,0,0,0
22355000,-0.0007812247,-0.00032395055,-0.0050191483,0.0,0.9999967,-0.00039101762,-0.00016099449,-0.002509635,0.0,0.0,-0.31764477,0,0,0,0,0
22403000,-0.0003575351,-0.00097213796,-0.0051531517,0.0,0.99999654,-0.00018001931,-0.00048560672,-0.0025766594,0.0,0.0,-0.3359062,0,0,0,0,0
22456000,-0.00051940704,-0.0012322164,-0.0051350817,0.0,0.9999965,-0.0002612845,-0.00061543926,-0.002567698,0.0,0.0,-0.31740576,0,0,0,0,0
22504000,-0.0004920852,-0.0014635704,-0.0051992456,0.0,0.9999963,-0.00024794406,-0.00073114305,-0.0025997995,0.0,0.0,-0.33387944,0,0,0,0,0
22552000,-0.00023384893,-0.0019080892,-0.005164568,0.0,0.9999962,-0.00011938763,-0.00095373933,-0.0025823917,0.0,0.0,-0.31811237,0,0,0,0,0
22604000,-0.0004209687,-0.0014449091,-0.0050753327,0.0,0.99999654,-0.00021231693,-0.000721918,-0.0025378154,0.0,0.0,-0.33028445,0,0,0,0,0
22652000,-0.0002452948,-0.0010063369,-0.005040106,0.0,0.99999666,-0.00012391499,-0.0005028578,-0.0025201119,0.0,0.0,-0.3178957,0,0,0,0,0
22704000,-0.0009298435,-0.0019145098,-0.005100136,0.0,0.9999962,-0.00046736104,-0.0009560659,-0.0025505093,0.0,0.0,-0.3262458,0,0,0,0,0
22752000,0.00014320767,-0.002412623,-0.0049805446,0.0,0.9999962,6.859952e-05,-0.0012064858,-0.0024901812,0.0,0.0,-0.32326302,0,0,0,0,0
22805000,0.0006002933,-0.0019216572,-0.0050527,0.0,0.9999963,0.00029771816,-0.00096158363,-0.002526058,0.0,0.0,-0.32130405,0,0,0,0,0
22853000,0.00104603,-0.0020374085,-0.0049526906,0.0,0.9999963,0.00052049034,-0.0010199959,-0.0024758084,0.0,0.0,-0.33305588,0,0,0,0,0
22905000,0.00039912402,-0.0020906113,-0.0050065657,0.0,0.9999963,0.0001969446,-0.0010458016,-0.0025030705,0.0,0.0,-0.32007414,0,0,0,0,0
22953000,0.00084163505,-0.002741733,-0.0049965316,0.0,0.9999958,0.000417391,-0.001371913,-0.002497684,0.0,0.0,-0.33196324,0,0,0,0,0
23005000,0.0011442238,-0.003126857,-0.0049447077,0.0,0.9999955,0.0005682441,-0.0015648374,-0.0024714537,0.0,0.0,-0.3155217,0,0,0,0,0
23053000,0.0011243913,-0.0028553964,-0.0049937605,0.0,0.9999957,0.0005586285,-0.0014290968,-0.002496072,0.0,0.0,-0.33198857,0,0,0,0,0
23105000,0.0013577451,-0.0023298718,-0.004985503,0.0,0.99999595,0.0006759661,-0.0011666241,-0.0024919559,0.0,0.0,-0.31458408,0,0,0,0,0
23153000,0.0014894415,-0.0036111472,-0.004888095,0.0,0.9999951,0.00074030424,-0.0018073868,-0.002442696,0.0,0.0,-0.33074072,0,0,0,0,0
23205000,0.0012408795,-0.0039680717,-0.004904776,0.0,0.9999948,0.000615571,-0.0019855502,-0.0024511495,0.0,0.0,-0.3138554,0,0,0,0,0
23254000,0.0015256114,-0.004135659,-0.004744196,0.0,0.9999948,0.0007578967,-0.0020696311,-0.0023705128,0.0,0.0,-0.3302131,0,0,0,0,0
23303000,0.0016605663,-0.0043791654,-0.004763521,0.0,0.99999446,0.0008250636,-0.0021915517,-0.0023799338,0.0,0.0,-0.31446588,0,0,0,0,0
23355000,0.0019500325,-0.0048349956,-0.0048890184,0.0,0.9999936,0.0009691007,-0.0024198706,-0.0024421415,0.0,0.0,-0.33109578,0,0,0,0,0
23403000,0.002535981,-0.004797251,-0.0048240204,0.0,0.9999934,0.0012621974,-0.0024016728,-0.0024089576,0.0,0.0,-0.3153935,0,0,0,0,0
23455000,0.002522989,-0.0035312402,-0.0048316433,0.0,0.9999947,0.0012572231,-0.0017686601,-0.0024135867,0.0,0.0,-0.33184937,0,0,0,0,0
23503000,0.0032050621,-0.0045521576,-0.0046464712,0.0,0.99999344,0.001597234,-0.0022797906,-0.002319577,0.0,0.0,-0.3154501,0,0,0,0,0
23552000,0.002112236,-0.0048898235,-0.004723809,0.0,0.9999937,0.001050337,-0.0024473954,-0.002359312,0.0,0.0,-0.3314101,0,0,0,0,0
23604000,0.002857207,-0.004415092,-0.0047521475,0.0,0.99999374,0.0014233502,-0.0022109305,-0.0023729096,0.0,0.0,-0.31929022,0,0,0,0,0
23653000,0.003709692,-0.0035473316,-0.0046476526,0.0,0.99999404,0.0018507153,-0.0017779673,-0.0023205269,0.0,0.0,-0.3320392,0,0,0,0,0
23703000,0.0039205165,-0.003845732,-0.004612223,0.0,0.99999356,0.001955814,-0.0019273766,-0.0023023316,0.0,0.0,-0.32111487,0,0,0,0,0
23755000,0.003841493,-0.0036410505,-0.004571288,0.0,0.99999386,0.0019165761,-0.0018249062,-0.0022821375,0.0,0.0,-0.33164436,0,0,0,0,0
23803000,0.0037546458,-0.0031406684,-0.0045929262,0.0,0.99999434,0.0018737083,-0.001574638,-0.0022935062,0.0,0.0,-0.32262194,0,0,0,0,0
23855000,0.0035394076,-0.0028661967,-0.0046659713,0.0,0.9999947,0.0017663528,-0.0014372204,-0.0023304415,0.0,0.0,-0.3278077,0,0,0,0,0
23903000,0.0029980955,-0.0023820582,-0.00472805,0.0,0.99999535,0.0014962265,-0.0011945679,-0.0023622334,0.0,0.0,-0.32523274,0,0,0,0,0
23953000,0.00249591,-0.0017854921,-0.0048383116,0.0,0.9999959,0.0012457909,-0.0008957616,-0.0024180368,0.0,0.0,-0.32583785,0,0,0,0,0
24002000,0.010872099,0.0021688014,0.0,0.0,0.9999846,0.00543602,0.0010843844,-5.8948253e-06,0.0,0.0,-0.93659246,0,0,0,0,0
24054000,0.010642795,0.0029869748,0.0,0.0,0.99998474,0.005321366,0.0014934657,-7.947399e-06,0.0,0.0,-0.8293204,0,0,0,0,0
24103000,0.008031422,0.0029278342,0.0,0.0,0.9999909,0.004015696,0.0014639047,-5.87865e-06,0.0,0.0,-0.7288549,0,0,0,0,0
24155000,0.0052098907,0.0033351837,0.0,0.0,0.99999523,0.0026049383,0.0016675852,-4.3439777e-06,0.0,0.0,-0.66800326,0,0,0,0,0
24203000,0.0046366584,0.0031955007,0.0,0.0,0.99999607,0.002318324,0.0015977453,-3.7041061e-06,0.0,0.0,-0.6472887,0,0,0,0,0
24255000,0.0035416305,0.003289675,0.0,0.0,0.9999971,0.001770812,0.0016448344,-2.9127007e-06,0.0,0.0,-0.6405327,0,0,0,0,0
24303000,0.0015376429,0.003705259,0.0,0.0,0.999998,0.00076882,0.0018526278,-1.4243401e-06,0.0,0.0,-0.6405403,0,0,0,0,0
24355000,0.0005792253,0.0035745678,0.0,0.0,0.9999984,0.0002896122,0.001787283,-5.1761975e-07,0.0,0.0,-0.64102453,0,0,0,0,0
24403000,-0.00028172723,0.0031894576,0.0,0.0,0.99999875,-0.00014086346,0.0015947282,2.2463918e-07,0.0,0.0,-0.6422581,0,0,0,0,0
24455000,-0.00198204,0.0035218222,0.0,0.0,0.999998,-0.0009910181,0.0017609092,1.7450966e-06,0.0,0.0,-0.64258933,0,0,0,0,0
24507000,-0.0019964236,0.0034795962,0.0,0.0,0.999998,-0.00099821,0.0017397964,1.7366858e-06,0.0,0.0,-0.64304745,0,0,0,0,0
24547000,-0.0033419735,0.003440741,0.0,0.0,0.99999714,-0.0016709835,0.0017203672,2.8747133e-06,0.0,0.0,-0.64325005,0,0,0,0,0
24607000,-0.0038523958,0.0023033638,0.0,0.0,0.9999975,-0.0019261952,0.0011516794,2.218365e-06,0.0,0.0,-0.6439852,0,0,0,0,0
24647000,-0.004138849,0.002323911,0.0,0.0,0.9999972,-0.0020694213,0.0011619529,2.4045767e-06,0.0,0.0,-0.64439327,0,0,0,0,0
24707000,-0.0053030993,0.0035394588,0.0,0.0,0.99999493,-0.0026515424,0.0017697222,4.6925175e-06,0.0,0.0,-0.6442312,0,0,0,0,0
24747000,-0.0050329333,0.0033209363,0.0,0.0,0.99999547,-0.0025164604,0.0016604621,4.178506e-06,0.0,0.0,-0.6441955,0,0,0,0,0
24807000,-0.0056307535,0.0025614426,0.0,0.0,0.99999523,-0.0028153704,0.0012807157,3.6057068e-06,0.0,0.0,-0.64405847,0,0,0,0,0
24847000,-0.0059289536,0.0017646113,0.0,0.0,0.99999523,-0.0029644715,0.00088230165,2.6155706e-06,0.0,0.0,-0.6438388,0,0,0,0,0
24907000,-0.005229944,0.0016029096,0.0,0.0,0.99999624,-0.0026149678,0.000801452,2.0957789e-06,0.0,0.0,-0.64339215,0,0,0,0,0
24957000,-0.005129482,0.0012100658,0.0,0.0,0.99999654,-0.0025647376,0.0006050308,1.5517508e-06,0.0,0.0,-0.64371693,0,0,0,0,0
24997000,-0.005584453,0.0010002437,0.0,0.0,0.999996,-0.002792223,0.00050011993,1.3964518e-06,0.0,0.0,-0.64372736,0,0,0,0,0
25057000,-0.004255028,-0.00012077283,0.0,0.0,0.99999774,-0.0021275124,-6.038628e-05,-1.2847283e-07,0.0,0.0,-0.64348817,0,0,0,0,0
25097000,-0.0043904013,-0.00019055411,0.0,0.0,0.9999976,-0.0021951988,-9.5276824e-05,-2.0915209e-07,0.0,0.0,-0.643346,0,0,0,0,0
25158000,-0.00386442,-0.00057014445,0.0,0.0,0.9999981,-0.0019322088,-0.00028507167,-5.50819e-07,0.0,0.0,-0.6420313,0,0,0,0,0
25206000,-0.0032915443,-0.0007004543,0.0,0.0,0.99999857,-0.0016457713,-0.00035022665,-5.763938e-07,0.0,0.0,-0.6421419,0,0,0,0,0
25246000,-0.0038994337,-0.00023070823,0.0,0.0,0.9999981,-0.0019497154,-0.00011535389,-2.249077e-07,0.0,0.0,-0.64283293,0,0,0,0,0
25306000,-0.003893049,-0.0017559135,0.0,0.0,0.99999774,-0.0019465226,-0.000877955,-1.708963e-06,0.0,0.0,-0.6427097,0,0,0,0,0
25346000,-0.0038586743,-0.0021311506,0.0,0.0,0.99999756,-0.0019293348,-0.0010655731,-2.0558525e-06,0.0,0.0,-0.64296675,0,0,0,0,0
25407000,-0.0035102232,-0.0019111292,0.0,0.0,0.99999803,-0.0017551101,-0.000955563,-1.6771215e-06,0.0,0.0,-0.64219993,0,0,0,0,0
25456000,-0.0021950544,-0.0021722098,0.0,0.0,0.9999988,-0.0010975263,-0.0010861041,-1.192029e-06,0.0,0.0,-0.6414436,0,0,0,0,0
25508000,-0.0023304631,-0.0032285932,0.0,0.0,0.99999803,-0.0011652298,-0.0016142948,-1.8810283e-06,0.0,0.0,-0.64108753,0,0,0,0,0
25556000,-0.0026197357,-0.003355124,0.0,0.0,0.99999774,-0.0013098654,-0.0016775597,-2.1973824e-06,0.0,0.0,-0.6418891,0,0,0,0,0
25597000,-0.0027294813,-0.0034441112,0.0,0.0,0.9999976,-0.0013647381,-0.001722053,-2.3501573e-06,0.0,0.0,-0.6421443,0,0,0,0,0
25657000,-0.0029625418,-0.004061505,0.0,0.0,0.99999684,-0.0014812672,-0.0020307489,-3.0080912e-06,0.0,0.0,-0.64170647,0,0,0,0,0
25706000,-0.0026044105,-0.004697427,0.0,0.0,0.9999964,-0.0013022013,-0.0023487094,-3.0585034e-06,0.0,0.0,-0.64102614,0,0,0,0,0
25746000,-0.002628246,-0.0052709,0.0,0.0,0.99999565,-0.0013141183,-0.002635445,-3.463301e-06,0.0,0.0,-0.6404011,0,0,0,0,0
25806000,-0.0029149328,-0.004615803,0.0,0.0,0.9999963,-0.0014574619,-0.0023078967,-3.3636843e-06,0.0,0.0,-0.6402077,0,0,0,0,0
25846000,-0.0020231388,-0.0046150372,0.0,0.0,0.99999684,-0.0010115666,-0.0023075156,-2.334213e-06,0.0,0.0,-0.64029145,0,0,0,0,0
25906000,-0.0027320115,-0.0049240147,0.0,0.0,0.999996,-0.0013660012,-0.0024620027,-3.3631115e-06,0.0,0.0,-0.6408495,0,0,0,0,0
25946000,-0.0028475283,-0.0052132253,0.0,0.0,0.9999956,-0.0014237587,-0.0026066068,-3.7111954e-06,0.0,0.0,-0.6407026,0,0,0,0,0
26006000,-0.0021861063,-0.0052465983,0.0,0.0,0.99999595,-0.0010930491,-0.0026232945,-2.8674012e-06,0.0,0.0,-0.64039004,0,0,0,0,0
26046000,-0.0016990294,-0.0052791475,0.0,0.0,0.9999961,-0.0008495117,-0.00263957,-2.2423542e-06,0.0,0.0,-0.6397877,0,0,0,0,0
26107000,-0.0021080473,-0.004524485,0.0,0.0,0.9999969,-0.0010540206,-0.0022622393,-2.3844545e-06,0.0,0.0,-0.6399501,0,0,0,0,0
26147000,-0.0016382339,-0.004092354,0.0,0.0,0.99999756,-0.00081911514,-0.0020461748,-1.6760569e-06,0.0,0.0,-0.6399595,0,0,0,0,0
26207000,-0.0028861128,-0.0020752265,0.0,0.0,0.9999984,-0.0014430553,-0.0010376122,-1.4973339e-06,0.0,0.0,-0.6396383,0,0,0,0,0
26256000,-0.0018141764,-0.0005338951,0.0,0.0,0.9999996,-0.00090708805,-0.00026694743,-2.4214495e-07,0.0,0.0,-0.6397787,0,0,0,0,0
26296000,-0.002996373,-0.0010744999,0.0,0.0,0.99999875,-0.0014981859,-0.0005372493,-8.0490037e-07,0.0,0.0,-0.6396988,0,0,0,0,0
26356000,-0.0028029797,-0.000105458465,0.0,0.0,0.999999,-0.0014014896,-5.2729185e-05,-7.389947e-08,0.0,0.0,-0.63993925,0,0,0,0,0
26396000,-0.002797854,-0.00019958077,0.0,0.0,0.99999905,-0.0013989264,-9.979028e-05,-1.395994e-07,0.0,0.0,-0.6401489,0,0,0,0,0
26447000,-0.0026577092,0.00045645796,0.0,0.0,0.9999991,-0.0013288542,0.00022822878,3.0328303e-07,0.0,0.0,-0.6401141,0,0,0,0,0
26507000,-0.002488591,0.00091666286,0.0,0.0,0.9999991,-0.001244295,0.0004583311,5.702996e-07,0.0,0.0,-0.6398653,0,0,0,0,0
26556000,-0.0022330664,0.0012529689,0.0,0.0,0.99999917,-0.0011165328,0.000626484,6.994905e-07,0.0,0.0,-0.6396261,0,0,0,0,0
26596000,-0.0019167148,0.00014729195,0.0,0.0,0.9999995,-0.00095835724,7.364594e-05,7.0579155e-08,0.0,0.0,-0.6696489,0,0,0,0,0
26656000,-0.0007886235,0.0003054974,0.0,0.0,0.9999999,-0.00039431173,0.00015274869,6.023061e-08,0.0,0.0,-0.6555878,0,0,0,0,0
26708000,6.48404e-05,0.00033912386,0.0,0.0,1.0,3.2420197e-05,0.00016956193,-5.497232e-09,0.0,0.0,-0.6440154,0,0,0,0,0
26756000,0.00029107925,-0.00018569372,0.0,0.0,1.0,0.00014553961,-9.284685e-05,1.3512896e-08,0.0,0.0,-0.63988584,0,0,0,0,0
26796000,7.765528e-06,-0.00069049036,0.0,0.0,0.99999994,3.8827634e-06,-0.00034524515,1.3405054e-09,0.0,0.0,-0.638269,0,0,0,0,0
26857000,0.0003006443,-0.00016977135,0.0,0.0,0.99999994,0.00015032214,-8.488568e-05,1.27601965e-08,0.0,0.0,-0.6371083,0,0,0,0,0
26897000,0.00074540434,-0.00039953526,0.0,0.0,0.99999994,0.00037270214,-0.00019976762,7.4453816e-08,0.0,0.0,-0.6373886,0,0,0,0,0
26957000,0.00060809206,-0.00032720208,0.0,0.0,0.99999994,0.000304046,-0.00016360103,4.974225e-08,0.0,0.0,-0.63683283,0,0,0,0,0
26997000,0.00072214525,-0.0002730435,0.0,0.0,0.99999994,0.0003610726,-0.00013652175,4.9294265e-08,0.0,0.0,-0.63663,0,0,0,0,0
27057000,0.00034181995,-4.8666334e-05,0.0,0.0,1.0,0.00017090996,-2.4333165e-05,4.1587804e-09,0.0,0.0,-0.6372032,0,0,0,0,0
27097000,0.0011202064,0.00080776674,0.0,0.0,0.99999976,0.0005601031,0.00040388326,-2.2621633e-07,0.0,0.0,-0.63671213,0,0,0,0,0
27157000,0.0009936055,0.00045259346,0.0,0.0,0.9999999,0.0004968027,0.00022629669,-1.1242483e-07,0.0,0.0,-0.63704646,0,0,0,0,0
27197000,0.0010897878,6.674793e-05,0.0,0.0,0.9999998,0.0005448939,3.3373966e-05,-1.818527e-08,0.0,0.0,-0.637434,0,0,0,0,0
27257000,0.001824357,-9.789273e-05,0.0,0.0,0.9999996,0.00091217837,-4.8946345e-05,4.4647816e-08,0.0,0.0,-0.6379182,0,0,0,0,0
27306000,0.00083687284,-0.000122064324,0.0,0.0,0.9999999,0.00041843642,-6.103216e-05,2.553808e-08,0.0,0.0,-0.63753635,0,0,0,0,0
27346000,0.000564507,0.0003977047,0.0,0.0,0.99999994,0.0002822535,0.00019885236,-5.612677e-08,0.0,0.0,-0.63689476,0,0,0,0,0
27406000,0.0015629495,0.00024613948,0.0,0.0,0.9999997,0.0007814747,0.0001230697,-9.617589e-08,0.0,0.0,-0.6364018,0,0,0,0,0
27457000,0.0015802433,-7.890815e-05,0.0,0.0,0.9999997,0.0007901216,-3.9454066e-05,3.1173517e-08,0.0,0.0,-0.6368115,0,0,0,0,0
27497000,0.0014915603,-0.00020056106,0.0,0.0,0.9999997,0.0007457801,-0.00010028051,7.478722e-08,0.0,0.0,-0.6366414,0,0,0,0,0
27557000,0.0022327367,-0.00050999876,0.0,0.0,0.99999934,0.0011163681,-0.00025499924,2.846732e-07,0.0,0.0,-0.6373985,0,0,0,0,0
27597000,0.0015796572,8.987966e-05,0.0,0.0,0.9999997,0.00078982854,4.4939814e-05,-3.549476e-08,0.0,0.0,-0.6369784,0,0,0,0,0
27646000,0.0009113418,0.0012933876,0.0,0.0,0.9999997,0.00045567082,0.00064669375,-2.9467955e-07,0.0,0.0,-0.6367357,0,0,0,0,0
27706000,0.001104645,0.00030176408,0.0,0.0,0.9999998,0.0005523225,0.00015088203,-8.333556e-08,0.0,0.0,-0.63587403,0,0,0,0,0
27746000,0.000824794,0.00018700484,0.0,0.0,0.9999999,0.00041239697,9.3502415e-05,-3.8560113e-08,0.0,0.0,-0.6367522,0,0,0,0,0
27807000,0.0009839872,0.0011899393,0.0,0.0,0.9999997,0.00049199356,0.0005949696,-2.927213e-07,0.0,0.0,-0.63666165,0,0,0,0,0
27847000,0.0014021319,0.0008808191,0.0,0.0,0.99999964,0.00070106576,0.0004404094,-3.0875609e-07,0.0,0.0,-0.63731503,0,0,0,0,0
27907000,0.0012493733,0.0005885705,0.0,0.0,0.99999976,0.00062468665,0.00029428516,-1.8383604e-07,0.0,0.0,-0.6369715,0,0,0,0,0
27957000,0.00066822727,0.00038667666,0.0,0.0,0.99999994,0.00033411363,0.00019333835,-6.4596975e-08,0.0,0.0,-0.63739693,0,0,0,0,0
27997000,0.00050378055,0.00047227365,0.0,0.0,0.99999994,0.00025189025,0.00023613681,-5.9480566e-08,0.0,0.0,-0.6373789,0,0,0,0,0
28046000,0.0006300645,0.00028258792,0.0,0.0,0.99999994,0.00031503226,0.00014129396,-4.4512156e-08,0.0,0.0,-0.63690484,0,0,0,0,0
28106000,0.0008569795,0.0005817818,0.0,0.0,0.9999999,0.0004284897,0.00029089084,-1.2464375e-07,0.0,0.0,-0.6368486,0,0,0,0,0
28146000,0.00072375487,0.0007409878,0.0,0.0,0.9999999,0.00036187735,0.00037049386,-1.3407335e-07,0.0,0.0,-0.63690674,0,0,0,0,0
28206000,0.00039386717,0.0006640144,0.0,0.0,0.99999994,0.00019693359,0.0003320072,-6.538337e-08,0.0,0.0,-0.6365894,0,0,0,0,0
28247000,0.0,0.0,0.0,0.0,1.0,0.0,0.0,0.0,0.0,0.0,-0.6369829,0,0,0,0,0
28296000,-0.00019025261,-0.0002881202,0.0,0.0,1.0,-9.512629e-05,-0.00014406009,-1.3703904e-08,0.0,0.0,-0.6374035,0,0,0,0,0
28356000,0.0,0.0,0.0,0.0,1.0,0.0,0.0,0.0,0.0,0.0,-0.63712674,0,0,0,0,0
28396000,-0.00034088604,-5.4827124e-05,0.0,0.0,0.99999994,-0.00017044302,-2.7413564e-05,-4.6724504e-09,0.0,0.0,-0.63690406,0,0,0,0,0
28450000,0.0,0.0,0.0,0.0,1.0,0.0,0.0,0.0,0.0,0.0,-0.6367355,0,0,0,0,0
28506000,0.0,0.0,0.0,0.0,1.0,0.0,0.0,0.0,0.0,0.0,-0.6366563,0,0,0,0,0
28546000,0.0,0.0,0.0,0.0,1.0,0.0,0.0,0.0,0.0,0.0,-0.63606465,0,0,0,0,0
28606000,0.00020406318,0.00027850945,0.0,0.0,1.0,0.000102031576,0.00013925473,-1.4208379e-08,0.0,0.0,-0.6360602,0,0,0,0,0
28646000,-0.00034200386,4.735698e-05,0.0,0.0,1.0,-0.00017100191,2.3678489e-05,4.0490673e-09,0.0,0.0,-0.6365931,0,0,0,0,0
28706000,3.5375895e-05,-0.0003434499,0.0,0.0,1.0,1.7687946e-05,-0.00017172494,3.0374616e-09,0.0,0.0,-0.6364456,0,0,0,0,0
28747000,0.00019148117,-0.0024092724,0.0,0.0,0.9999993,9.574051e-05,-0.0012046358,1.1533254e-07,0.0,0.0,-0.6363428,0,0,0,0,0
28807000,0.0019805783,-0.010720556,0.0,0.0,0.99998516,0.0009902747,-0.0053602504,5.308198e-06,0.0,0.0,-0.6135223,0,0,0,0,0
28847000,0.0023858335,-0.013581237,0.0,0.0,0.9999763,0.0011928888,-0.006790561,8.100577e-06,0.0,0.0,-0.58897495,0,0,0,0,0
28896000,0.0014251185,-0.014676882,0.0,0.0,0.9999728,0.00071253994,-0.007338373,5.229026e-06,0.0,0.0,-0.5708868,0,0,0,0,0
28951000,0.0019650147,-0.015155017,0.0,0.0,0.99997085,0.000982479,-0.007577433,7.444886e-06,0.0,0.0,-0.5620743,0,0,0,0,0
29007000,0.000732647,-0.016115297,0.0,0.0,0.99996746,0.00036631158,-0.008057561,2.9516737e-06,0.0,0.0,-0.56038004,0,0,0,0,0
29056000,0.0007037897,-0.015723446,0.0,0.0,0.99996907,0.00035188397,-0.007861642,2.766471e-06,0.0,0.0,-0.56375074,0,0,0,0,0
29108000,0.0012425914,-0.014248606,0.0,0.0,0.9999744,0.00062127993,-0.0071242414,4.4262606e-06,0.0,0.0,-0.5705335,0,0,0,0,0
29156000,0.0012141177,-0.011993495,0.0,0.0,0.9999818,0.0006070479,-0.00599671,3.6403565e-06,0.0,0.0,-0.5766835,0,0,0,0,0
29196000,0.00096535974,-0.010031715,0.0,0.0,0.9999873,0.00048267381,-0.0050158356,2.4210433e-06,0.0,0.0,-0.5812549,0,0,0,0,0
29257000,0.0010558707,-0.009073714,0.0,0.0,0.99998957,0.0005279299,-0.0045368406,2.3951588e-06,0.0,0.0,-0.5880927,0,0,0,0,0
29297000,0.0005938873,-0.008527781,0.0,0.0,0.9999909,0.00029694097,-0.004263878,1.2661314e-06,0.0,0.0,-0.5915192,0,0,0,0,0
29346000,-0.0005254624,-0.008020951,0.0,0.0,0.99999195,-0.0002627291,-0.004010465,-1.0536743e-06,0.0,0.0,-0.5948213,0,0,0,0,0
29406000,-0.00029406726,-0.008245144,0.0,0.0,0.9999915,-0.00014703239,-0.004122561,-6.061551e-07,0.0,0.0,-0.597857,0,0,0,0,0
29457000,-1.8539171e-05,-0.007903522,0.0,0.0,0.9999922,-9.269514e-06,-0.003951751,-3.6631093e-08,0.0,0.0,-0.59935594,0,0,0,0,0
29506000,0.00013087576,-0.0072412137,0.0,0.0,0.99999344,6.543745e-05,-0.003620599,2.3692432e-07,0.0,0.0,-0.5996238,0,0,0,0,0
29546000,0.00079551357,-0.006611595,0.0,0.0,0.99999446,0.00039775463,-0.0033057914,1.314901e-06,0.0,0.0,-0.59949577,0,0,0,0,0
29606000,0.0012657488,-0.0075530894,0.0,0.0,0.99999267,0.00063286984,-0.0037765352,2.3900727e-06,0.0,0.0,-0.60137546,0,0,0,0,0
29646000,0.0019818412,-0.007151735,0.0,0.0,0.99999315,0.0009909142,-0.0035758582,3.543393e-06,0.0,0.0,-0.6016113,0,0,0,0,0
29698000,0.0010838984,-0.0075498084,0.0,0.0,0.9999927,0.00054194534,-0.0037748946,2.0458012e-06,0.0,0.0,-0.6037355,0,0,0,0,0
29757000,0.00037990234,-0.007894408,0.0,0.0,0.9999922,0.0001899497,-0.003947194,7.497741e-07,0.0,0.0,-0.6069255,0,0,0,0,0
29797000,-0.00026537132,-0.0078156395,0.0,0.0,0.9999924,-0.00013268464,-0.00390781,-5.185103e-07,0.0,0.0,-0.60778755,0,0,0,0,0
29857000,-0.00034896212,-0.0068965307,0.0,0.0,0.99999404,-0.00017448,-0.0034482584,-6.016557e-07,0.0,0.0,-0.60961497,0,0,0,0,0
29897000,-0.0009685875,-0.0054605794,0.0,0.0,0.9999962,-0.0004842919,-0.002730286,-1.3222605e-06,0.0,0.0,-0.61088365,0,0,0,0,0
29954000,-0.0011775267,-0.004506615,0.0,0.0,0.9999973,-0.0005887618,-0.0022533054,-1.3266636e-06,0.0,0.0,-0.61069113,0,0,0,0,0
30006000,-0.001781053,-0.0052859806,0.0,0.0,0.9999961,-0.00089052325,-0.0026429861,-2.3536497e-06,0.0,0.0,-0.6131058,0,0,0,0,0
30046000,-0.0011142573,-0.005231514,0.0,0.0,0.9999964,-0.00055712665,-0.0026157536,-1.4573113e-06,0.0,0.0,-0.61308783,0,0,0,0,0
30107000,-0.001256859,-0.003793992,0.0,0.0,0.99999803,-0.0006284284,-0.0018969945,-1.1921276e-06,0.0,0.0,-0.6129886,0,0,0,0,0
30147000,-0.00076843455,-0.0029102273,0.0,0.0,0.99999887,-0.00038421692,-0.0014551132,-5.590797e-07,0.0,0.0,-0.61288846,0,0,0,0,0
30207000,-6.135089e-05,-0.0015810225,0.0,0.0,0.9999997,-3.0675434e-05,-0.0007905112,-2.4249282e-08,0.0,0.0,-0.61228585,0,0,0,0,0
30247000,-0.00029156974,-0.0015163025,0.0,0.0,0.9999997,-0.00014578484,-0.00075815123,-1.10526976e-07,0.0,0.0,-0.6114668,0,0,0,0,0
30307000,-0.0009914666,0.00045726047,0.0,0.0,0.9999998,-0.00049573334,0.00022863023,1.13339624e-07,0.0,0.0,-0.6133625,0,0,0,0,0
30347000,-0.0007030634,0.0009038831,0.0,0.0,0.9999998,-0.00035153163,0.0004519415,1.5887176e-07,0.0,0.0,-0.6135832,0,0,0,0,0
30407000,-0.0004030086,0.0010147298,0.0,0.0,0.9999999,-0.00020150427,0.0005073649,1.02236214e-07,0.0,0.0,-0.61366963,0,0,0,0,0
30450000,-0.00070359727,0.0016138136,0.0,0.0,0.9999996,-0.00035179855,0.0008069068,2.838687e-07,0.0,0.0,-0.6136309,0,0,0,0,0
30506000,-0.00041256595,0.001068219,0.0,0.0,0.9999998,-0.00020628296,0.0005341094,1.10177695e-07,0.0,0.0,-0.61294526,0,0,0,0,0
30546000,0.00016121857,0.0013274594,0.0,0.0,0.9999998,8.060928e-05,0.0006637297,-5.3502777e-08,0.0,0.0,-0.6135496,0,0,0,0,0
30606000,-0.0013586023,0.0030981135,0.0,0.0,0.99999857,-0.0006793003,0.0015490557,1.0522755e-06,0.0,0.0,-0.614388,0,0,0,0,0
30646000,-0.0011868174,0.0024214126,0.0,0.0,0.9999991,-0.00059340836,0.0012107058,7.184435e-07,0.0,0.0,-0.6153148,0,0,0,0,0
30706000,-0.0011352804,0.0027445648,0.0,0.0,0.99999887,-0.0005676396,0.0013722818,7.789623e-07,0.0,0.0,-0.6154642,0,0,0,0,0
30746000,-0.0009340938,0.0027335195,0.0,0.0,0.999999,-0.00046704643,0.0013667592,6.383406e-07,0.0,0.0,-0.6155604,0,0,0,0,0
30806000,-0.0010089077,0.0030777492,0.0,0.0,0.9999987,-0.0005044532,0.0015388737,7.762908e-07,0.0,0.0,-0.6156685,0,0,0,0,0
30846000,-0.0011972134,0.0027616294,0.0,0.0,0.99999887,-0.0005986061,0.001380814,8.2656464e-07,0.0,0.0,-0.6162993,0,0,0,0,0
30906000,-0.00022732226,0.002774335,0.0,0.0,0.99999905,-0.000113661015,0.0013871669,1.5766696e-07,0.0,0.0,-0.6170793,0,0,0,0,0
30955000,-0.0008341157,0.0031862687,0.0,0.0,0.9999986,-0.0004170573,0.0015931337,6.6442897e-07,0.0,0.0,-0.61750346,0,0,0,0,0
31007000,-0.00042570315,0.0033023106,0.0,0.0,0.9999986,-0.00021285129,0.0016511545,3.5145086e-07,0.0,0.0,-0.6180466,0,0,0,0,0
31047000,-0.00020677787,0.002982943,0.0,0.0,0.99999887,-0.00010338882,0.001491471,1.5420159e-07,0.0,0.0,-0.6182513,0,0,0,0,0
31107000,0.00044326094,0.0021101385,0.0,0.0,0.9999994,0.00022163035,0.0010550689,-2.3383546e-07,0.0,0.0,-0.62014836,0,0,0,0,0
31147000,0.0009874121,0.0022059637,0.0,0.0,0.9999993,0.00049370574,0.0011029815,-5.4454864e-07,0.0,0.0,-0.62103,0,0,0,0,0
31207000,0.0024235852,0.00095977576,0.0,0.0,0.99999917,0.0012117921,0.00047988747,-5.815244e-07,0.0,0.0,-0.6219167,0,0,0,0,0
31247000,0.0019781787,0.0008578894,0.0,0.0,0.9999994,0.0009890891,0.00042894448,-4.2426456e-07,0.0,0.0,-0.6225245,0,0,0,0,0
31307000,0.0026046399,-0.00010384905,0.0,0.0,0.99999917,0.0013023196,-5.1924482e-05,6.762233e-08,0.0,0.0,-0.62254125,0,0,0,0,0
31347000,0.0027780929,-0.0007124947,0.0,0.0,0.999999,0.001389046,-0.000356247,4.948439e-07,0.0,0.0,-0.62295985,0,0,0,0,0
31407000,0.0033136003,-0.0016155293,0.0,0.0,0.9999983,0.001656799,-0.00080776354,1.338304e-06,0.0,0.0,-0.62279016,0,0,0,0,0
31457000,0.0042392765,-0.0017687945,0.0,0.0,0.9999974,0.002119636,-0.0008843951,1.8746006e-06,0.0,0.0,-0.62280357,0,0,0,0,0
31497000,0.0041497755,-0.0019696348,0.0,0.0,0.9999974,0.0020748854,-0.0009848152,2.043384e-06,0.0,0.0,-0.622679,0,0,0,0,0
31557000,0.0036237221,-0.0025099427,0.0,0.0,0.9999976,0.0018118586,-0.001254969,2.273832e-06,0.0,0.0,-0.6229611,0,0,0,0,0
31606000,0.00429772,-0.0023432365,0.0,0.0,0.999997,0.0021488569,-0.0011716152,2.5176407e-06,0.0,0.0,-0.6225162,0,0,0,0,0
31646000,0.004619896,-0.0023910617,0.0,0.0,0.9999966,0.0023099445,-0.0011955276,2.7616113e-06,0.0,0.0,-0.62298536,0,0,0,0,0
31706000,0.005035056,-0.0017378494,0.0,0.0,0.9999965,0.0025175244,-0.0008689218,2.1875394e-06,0.0,0.0,-0.622975,0,0,0,0,0
31746000,0.005456174,-0.0009931086,0.0,0.0,0.9999961,0.0027280832,-0.0004965525,1.3546415e-06,0.0,0.0,-0.6232091,0,0,0,0,0
31806000,0.004129133,-0.0015431852,0.0,0.0,0.99999756,0.0020645645,-0.0007715909,1.593003e-06,0.0,0.0,-0.62397945,0,0,0,0,0
31855000,0.0033479144,-0.001690618,0.0,0.0,0.9999982,0.0016739559,-0.0008453077,1.4150104e-06,0.0,0.0,-0.6257904,0,0,0,0,0
31908000,0.0037203783,-0.0015781284,0.0,0.0,0.999998,0.0018601875,-0.0007890627,1.4678077e-06,0.0,0.0,-0.6263888,0,0,0,0,0
31957000,0.0031897838,-0.0012755462,0.0,0.0,0.9999985,0.001594891,-0.00063777226,1.0171786e-06,0.0,0.0,-0.62611985,0,0,0,0,0
31997000,0.0024205698,-0.001613912,0.0,0.0,0.9999989,0.0012102843,-0.0008069554,9.766464e-07,0.0,0.0,-0.62577605,0,0,0,0,0
32057000,0.0026778628,-0.0010833802,0.0,0.0,0.9999989,0.0013389308,-0.0005416896,7.2528564e-07,0.0,0.0,-0.62574726,0,0,0,0,0
32097000,0.0032780825,-0.0020384723,0.0,0.0,0.99999815,0.0016390398,-0.0010192347,1.6705692e-06,0.0,0.0,-0.6251123,0,0,0,0,0
32157000,0.0031347673,-0.0012717487,0.0,0.0,0.99999857,0.0015673826,-0.0006358735,9.966585e-07,0.0,0.0,-0.62419915,0,0,0,0,0
32197000,0.0029874698,-0.0007821625,0.0,0.0,0.9999988,0.0014937342,-0.0003910808,5.841714e-07,0.0,0.0,-0.6244141,0,0,0,0,0
32257000,0.0035591435,-0.00141254,0.0,0.0,0.99999815,0.0017795705,-0.0007062688,1.2568573e-06,0.0,0.0,-0.62409824,0,0,0,0,0
32306000,0.0028912271,-0.0012390269,0.0,0.0,0.99999875,0.001445613,-0.0006195128,8.955768e-07,0.0,0.0,-0.6232022,0,0,0,0,0
32346000,0.0022178958,-0.0008269094,0.0,0.0,0.99999934,0.0011089477,-0.0004134544,4.584996e-07,0.0,0.0,-0.62299263,0,0,0,0,0
32406000,0.0021319056,-0.0012860276,0.0,0.0,0.9999992,0.0010659526,-0.00064301345,6.854223e-07,0.0,0.0,-0.6218524,0,0,0,0,0
32446000,0.00057387014,-0.00199053,0.0,0.0,0.99999946,0.00028693496,-0.0009952647,2.8557636e-07,0.0,0.0,-0.622434,0,0,0,0,0
32507000,0.0005914222,-0.002741904,0.0,0.0,0.99999905,0.00029571084,-0.0013709514,4.0540561e-07,0.0,0.0,-0.6241092,0,0,0,0,0
32547000,0.0003843529,-0.0027785052,0.0,0.0,0.99999905,0.00019217626,-0.0013892521,2.6698154e-07,0.0,0.0,-0.6243015,0,0,0,0,0
32607000,0.00033533058,-0.003089258,0.0,0.0,0.99999875,0.00016766509,-0.0015446284,2.5898058e-07,0.0,0.0,-0.6261291,0,0,0,0,0
32647000,-0.0002935012,-0.0027895654,0.0,0.0,0.99999905,-0.00014675043,-0.0013947821,-2.0468507e-07,0.0,0.0,-0.6262077,0,0,0,0,0
32699000,-0.00032803934,-0.003070691,0.0,0.0,0.9999988,-0.00016401945,-0.0015353448,-2.5182672e-07,0.0,0.0,-0.62681645,0,0,0,0,0
32756000,0.00019386633,-0.0031395538,0.0,0.0,0.99999875,9.693304e-05,-0.0015697763,1.5216338e-07,0.0,0.0,-0.6269872,0,0,0,0,0
32796000,0.0006808743,-0.0033136858,0.0,0.0,0.99999857,0.00034043667,-0.001656842,5.640506e-07,0.0,0.0,-0.6271712,0,0,0,0,0
32856000,8.304136e-06,-0.0045543807,0.0,0.0,0.99999744,4.1520575e-06,-0.0022771885,9.455041e-09,0.0,0.0,-0.6277481,0,0,0,0,0
32897000,-0.00042133813,-0.0041791713,0.0,0.0,0.9999978,-0.00021066862,-0.0020895842,-4.4021075e-07,0.0,0.0,-0.6280028,0,0,0,0,0
32949000,-0.00063642155,-0.0047037825,0.0,0.0,0.9999972,-0.00031820984,-0.002351889,-7.4839636e-07,0.0,0.0,-0.62846845,0,0,0,0,0
32997000,-0.0011739264,-0.004727008,0.0,0.0,0.999997,-0.0005869615,-0.0023635011,-1.3872883e-06,0.0,0.0,-0.6278514,0,0,0,0,0
33057000,-0.0020162158,-0.0046566254,0.0,0.0,0.9999968,-0.001008105,-0.0023283092,-2.3471875e-06,0.0,0.0,-0.6286586,0,0,0,0,0
33109000,-0.0015904292,-0.0043779765,0.0,0.0,0.99999726,-0.00079521263,-0.002188986,-1.7407139e-06,0.0,0.0,-0.62881815,0,0,0,0,0
33157000,-0.0010658217,-0.0043464047,0.0,0.0,0.9999975,-0.00053290953,-0.0021732,-1.1581221e-06,0.0,0.0,-0.6287878,0,0,0,0,0
33197000,-0.00095479714,-0.0044531813,0.0,0.0,0.99999744,-0.00047739738,-0.0022265885,-1.0629702e-06,0.0,0.0,-0.6284784,0,0,0,0,0
33246000,-0.0014429627,-0.004388209,0.0,0.0,0.9999974,-0.00072147953,-0.0021941022,-1.583004e-06,0.0,0.0,-0.62910265,0,0,0,0,0
33306000,-0.0011085842,-0.0055317287,0.0,0.0,0.999996,-0.00055428996,-0.0027658604,-1.5330947e-06,0.0,0.0,-0.62850577,0,0,0,0,0
33346000,-0.000985726,-0.005037228,0.0,0.0,0.9999967,-0.0004928614,-0.002518611,-1.2413302e-06,0.0,0.0,-0.6281988,0,0,0,0,0
33407000,-0.00079656503,-0.0047801435,0.0,0.0,0.9999971,-0.0003982814,-0.0023900694,-9.5192286e-07,0.0,0.0,-0.62757206,0,0,0,0,0
33447000,-0.0005746612,-0.0048365756,0.0,0.0,0.999997,-0.0002873297,-0.0024182855,-6.948473e-07,0.0,0.0,-0.627181,0,0,0,0,0
33506000,-0.00048887025,-0.0037978636,0.0,0.0,0.9999982,-0.0002444347,-0.0018989305,-4.6416534e-07,0.0,0.0,-0.6273515,0,0,0,0,0
33546000,-0.00038013345,-0.0031224797,0.0,0.0,0.99999875,-0.00019006651,-0.0015612392,-2.9673964e-07,0.0,0.0,-0.62742335,0,0,0,0,0
33606000,0.00016214424,-0.0026016615,0.0,0.0,0.99999917,8.1072045e-05,-0.0013008303,1.0546106e-07,0.0,0.0,-0.6289981,0,0,0,0,0
33646000,0.00037019147,-0.0030463913,0.0,0.0,0.9999988,0.00018509555,-0.0015231952,2.8193696e-07,0.0,0.0,-0.6294393,0,0,0,0,0
33706000,0.00046804122,-0.002396123,0.0,0.0,0.9999992,0.00023402042,-0.0011980613,2.8037098e-07,0.0,0.0,-0.6294286,0,0,0,0,0
33746000,-0.00025151687,-0.0025481866,0.0,0.0,0.99999917,-0.00012575834,-0.0012740929,-1.6022791e-07,0.0,0.0,-0.62896067,0,0,0,0,0
33807000,-0.0003436913,-0.00077274325,0.0,0.0,0.99999994,-0.00017184562,-0.00038637163,-6.639628e-08,0.0,0.0,-0.6283338,0,0,0,0,0
33859000,-0.000817403,-0.0006361889,0.0,0.0,0.9999999,-0.00040870145,-0.00031809436,-1.3000566e-07,0.0,0.0,-0.6286357,0,0,0,0,0
33907000,-0.0012630041,-0.0002715707,0.0,0.0,0.9999998,-0.0006315021,-0.00013578532,-8.5748724e-08,0.0,0.0,-0.6282446,0,0,0,0,0
33947000,-0.0011696706,0.00073431636,0.0,0.0,0.99999976,-0.0005848352,0.00036715812,2.1472704e-07,0.0,0.0,-0.62887603,0,0,0,0,0
34006000,-0.0016548437,0.0010933443,0.0,0.0,0.9999995,-0.00082742167,0.0005466719,4.523284e-07,0.0,0.0,-0.6289565,0,0,0,0,0
34046000,-0.0014743789,0.0014552475,0.0,0.0,0.99999946,-0.0007371892,0.0007276235,5.3639644e-07,0.0,0.0,-0.6291315,0,0,0,0,0
34106000,-0.0017407698,0.0024311375,0.0,0.0,0.99999887,-0.0008703842,0.001215568,1.0580123e-06,0.0,0.0,-0.6289427,0,0,0,0,0
34146000,-0.0014003011,0.0027524373,0.0,0.0,0.9999988,-0.0007001498,0.0013762177,9.635597e-07,0.0,0.0,-0.6289134,0,0,0,0,0
34206000,-0.0004511735,0.00276844,0.0,0.0,0.99999905,-0.00022558651,0.0013842195,3.1226153e-07,0.0,0.0,-0.628524,0,0,0,0,0
34246000,-0.0006868681,0.0027195641,0.0,0.0,0.999999,-0.00034343379,0.0013597818,4.669954e-07,0.0,0.0,-0.6284832,0,0,0,0,0
34306000,-0.000619586,0.00332569,0.0,0.0,0.99999857,-0.00030979255,0.0016628442,5.151375e-07,0.0,0.0,-0.6292249,0,0,0,0,0
34346000,-0.000505342,0.003904082,0.0,0.0,0.99999803,-0.00025267055,0.0019520399,4.932239e-07,0.0,0.0,-0.62955654,0,0,0,0,0
34406000,0.0001313746,0.0043925713,0.0,0.0,0.99999756,6.568715e-05,0.0021962842,-1.4426797e-07,0.0,0.0,-0.6300116,0,0,0,0,0
34446000,-0.0003288956,0.0035394954,0.0,0.0,0.99999845,-0.00016444754,0.0017697467,2.9103094e-07,0.0,0.0,-0.63003576,0,0,0,0,0
34507000,-0.0007651399,0.003751976,0.0,0.0,0.99999815,-0.00038256927,0.0018759868,7.1769614e-07,0.0,0.0,-0.62898135,0,0,0,0,0
34547000,-0.0005511704,0.004494468,0.0,0.0,0.99999744,-0.0002755845,0.0022472322,6.193039e-07,0.0,0.0,-0.6294771,0,0,0,0,0
34607000,0.00040735744,0.004402774,0.0,0.0,0.99999756,0.00020367822,0.0022013853,-4.483753e-07,0.0,0.0,-0.62955976,0,0,0,0,0
34647000,0.0003719618,0.0044463053,0.0,0.0,0.9999975,0.00018598046,0.002223151,-4.1346365e-07,0.0,0.0,-0.6293289,0,0,0,0,0
34707000,0.0009619744,0.0033870914,0.0,0.0,0.99999845,0.0004809865,0.0016935448,-8.1457335e-07,0.0,0.0,-0.62819713,0,0,0,0,0
34747000,0.0015413703,0.0037357574,0.0,0.0,0.999998,0.0007706837,0.0018678772,-1.4395454e-06,0.0,0.0,-0.62724817,0,0,0,0,0
34807000,0.0019083334,0.0031540687,0.0,0.0,0.99999833,0.0009541654,0.0015770331,-1.5047528e-06,0.0,0.0,-0.6256444,0,0,0,0,0
34856000,0.0020118244,0.001923844,0.0,0.0,0.99999905,0.0010059116,0.0009619214,-9.676088e-07,0.0,0.0,-0.62549245,0,0,0,0,0
34896000,0.0016089192,0.0014354595,0.0,0.0,0.9999994,0.0008044593,0.00071772945,-5.7738447e-07,0.0,0.0,-0.6247362,0,0,0,0,0
34948000,0.0012651166,0.0020005803,0.0,0.0,0.9999993,0.000632558,0.0010002898,-6.3274166e-07,0.0,0.0,-0.6247859,0,0,0,0,0
35007000,0.0019250723,0.0013772944,0.0,0.0,0.9999993,0.00096253573,0.0006886468,-6.6284764e-07,0.0,0.0,-0.62505674,0,0,0,0,0
35047000,0.0015136326,0.001023122,0.0,0.0,0.9999996,0.0007568161,0.0005115608,-3.8715763e-07,0.0,0.0,-0.6257065,0,0,0,0,0
35107000,0.0018868822,-0.00012631614,0.0,0.0,0.9999995,0.00094344094,-6.315803e-05,5.9585908e-08,0.0,0.0,-0.6264661,0,0,0,0,0
35147000,0.001540436,-0.00036118264,0.0,0.0,0.9999997,0.0007702179,-0.00018059128,1.3909468e-07,0.0,0.0,-0.62701374,0,0,0,0,0
35208000,0.00031282744,-0.0006156104,0.0,0.0,0.99999994,0.0001564137,-0.00030780517,4.8144955e-08,0.0,0.0,-0.62667066,0,0,0,0,0
35257000,4.222234e-07,-0.001145121,0.0,0.0,0.9999998,2.1111168e-07,-0.0005725605,1.2087421e-10,0.0,0.0,-0.6276629,0,0,0,0,0
35297000,-5.2578824e-05,-0.0007702479,0.0,0.0,0.99999994,-2.6289412e-05,-0.00038512397,-1.0124682e-08,0.0,0.0,-0.6270504,0,0,0,0,0
35357000,0.0,0.0,0.0,0.0,1.0,0.0,0.0,0.0,0.0,0.0,-0.6275346,0,0,0,0,0
35397000,-0.00028886387,-0.000627212,0.0,0.0,0.99999994,-0.00014443194,-0.00031360597,-4.529472e-08,0.0,0.0,-0.62736017,0,0,0,0,0
35449000,-0.00017592333,-0.0010775641,0.0,0.0,0.9999999,-8.796165e-05,-0.000538782,-4.7392163e-08,0.0,0.0,-0.62717277,0,0,0,0,0
35506000,0.0003655127,-0.0016871971,0.0,0.0,0.9999996,0.00018275631,-0.0008435985,1.54173e-07,0.0,0.0,-0.62786096,0,0,0,0,0
35546000,0.00013597368,-0.0019175505,0.0,0.0,0.9999995,6.798681e-05,-0.0009587751,6.518409e-08,0.0,0.0,-0.6275487,0,0,0,0,0
35607000,0.00016227509,-0.0030055915,0.0,0.0,0.99999887,8.1137456e-05,-0.0015027953,1.2193311e-07,0.0,0.0,-0.62684405,0,0,0,0,0
35659000,-0.00038554517,-0.003044486,0.0,0.0,0.9999988,-0.00019277236,-0.0015222424,-2.9344662e-07,0.0,0.0,-0.62773466,0,0,0,0,0
35707000,-0.0014928125,-0.0014363315,0.0,0.0,0.99999946,-0.00074640615,-0.0007181656,-5.3604344e-07,0.0,0.0,-0.62807494,0,0,0,0,0
35756000,-0.0010388031,-0.0016175221,0.0,0.0,0.9999995,-0.0005194014,-0.00080876093,-4.2007173e-07,0.0,0.0,-0.6284415,0,0,0,0,0
35796000,-0.0009680806,-0.0016245309,0.0,0.0,0.9999995,-0.00048404012,-0.00081226527,-3.9316916e-07,0.0,0.0,-0.6284002,0,0,0,0,0
35856000,-0.0007025806,-0.0016864883,0.0,0.0,0.9999996,-0.00035129016,-0.00084324396,-2.9622345e-07,0.0,0.0,-0.62839127,0,0,0,0,0
35896000,-0.00019178362,-0.0023592496,0.0,0.0,0.99999934,-9.5891744e-05,-0.0011796246,-1.13116336e-07,0.0,0.0,-0.6281633,0,0,0,0,0
35956000,0.00036317212,-0.002672055,0.0,0.0,0.9999991,0.00018158591,-0.001336027,2.426039e-07,0.0,0.0,-0.62795514,0,0,0,0,0
36006000,0.00079908513,-0.0024812089,0.0,0.0,0.99999917,0.00039954222,-0.001240604,4.956741e-07,0.0,0.0,-0.62791014,0,0,0,0,0
36056000,-0.00013282262,-0.0025571221,0.0,0.0,0.99999917,-6.641126e-05,-0.0012785607,-8.491089e-08,0.0,0.0,-0.6278287,0,0,0,0,0
36096000,0.00050511205,-0.0033449908,0.0,0.0,0.9999985,0.00025255568,-0.0016724947,4.223986e-07,0.0,0.0,-0.628485,0,0,0,0,0
36156000,0.0011689699,-0.0037590878,0.0,0.0,0.99999803,0.0005844839,-0.0018795425,1.0985644e-06,0.0,0.0,-0.62945014,0,0,0,0,0
36206000,0.0013397492,-0.0046443683,0.0,0.0,0.9999971,0.00066987274,-0.0023221816,1.5555706e-06,0.0,0.0,-0.6315425,0,0,0,0,0
36246000,0.0009802768,-0.0058179265,0.0,0.0,0.99999565,0.0004901364,-0.0029089593,1.4257929e-06,0.0,0.0,-0.63234603,0,0,0,0,0
36307000,0.0014011823,-0.00606464,0.0,0.0,0.9999952,0.0007005879,-0.0030323146,2.124413e-06,0.0,0.0,-0.6317937,0,0,0,0,0
36347000,0.0013149083,-0.0063335337,0.0,0.0,0.9999948,0.0006574508,-0.003166761,2.0820003e-06,0.0,0.0,-0.6311177,0,0,0,0,0
36407000,0.001619739,-0.006459296,0.0,0.0,0.99999446,0.0008098652,-0.0032296416,2.6155885e-06,0.0,0.0,-0.6302807,0,0,0,0,0
36456000,0.0013866065,-0.0065407185,0.0,0.0,0.99999446,0.0006932995,-0.003270353,2.2673464e-06,0.0,0.0,-0.6299058,0,0,0,0,0
36507000,0.00058939477,-0.007059741,0.0,0.0,0.99999374,0.00029469555,-0.003529863,1.0402414e-06,0.0,0.0,-0.62952596,0,0,0,0,0
36547000,0.00032990106,-0.0067135426,0.0,0.0,0.99999434,0.00016494961,-0.003356765,5.537002e-07,0.0,0.0,-0.6289172,0,0,0,0,0
36607000,0.00035420005,-0.005609374,0.0,0.0,0.999996,0.00017709934,-0.0028046838,4.967095e-07,0.0,0.0,-0.6285281,0,0,0,0,0
36647000,0.0003050488,-0.0059021492,0.0,0.0,0.99999565,0.00015252375,-0.0029510704,4.5011026e-07,0.0,0.0,-0.6287343,0,0,0,0,0
36707000,0.0007566882,-0.0051350542,0.0,0.0,0.99999666,0.00037834284,-0.0025675243,9.714078e-07,0.0,0.0,-0.62921953,0,0,0,0,0
36759000,0.00081702427,-0.0041056387,0.0,0.0,0.9999978,0.0004085113,-0.002052818,8.38601e-07,0.0,0.0,-0.6282487,0,0,0,0,0
36807000,0.0012612896,-0.0042096446,0.0,0.0,0.9999976,0.00063064334,-0.0021048202,1.3273941e-06,0.0,0.0,-0.62735987,0,0,0,0,0
36847000,0.0015460594,-0.0032009229,0.0,0.0,0.99999845,0.00077302865,-0.0016004603,1.2372036e-06,0.0,0.0,-0.6271695,0,0,0,0,0
36907000,0.001091228,-0.002560827,0.0,0.0,0.99999905,0.00054561347,-0.0012804128,6.986112e-07,0.0,0.0,-0.62759537,0,0,0,0,0
36947000,9.3965995e-05,-0.0017237758,0.0,0.0,0.99999964,4.698298e-05,-0.00086188776,4.0494072e-08,0.0,0.0,-0.62740237,0,0,0,0,0
37009000,0.00021777196,-0.0002679266,0.0,0.0,1.0,0.00010888597,-0.0001339633,1.4586725e-08,0.0,0.0,-0.6277233,0,0,0,0,0
37057000,0.0,0.0,0.0,0.0,1.0,0.0,0.0,0.0,0.0,0.0,-0.6274375,0,0,0,0,0
37106000,0.00034059948,-5.6579876e-05,0.0,0.0,0.99999994,0.00017029974,-2.828994e-05,4.8177693e-09,0.0,0.0,-0.6277672,0,0,0,0,0
37146000,-0.00039562437,0.000565967,0.0,0.0,0.99999994,-0.00019781222,0.0002829835,5.5977587e-08,0.0,0.0,-0.62797,0,0,0,0,0
37206000,-0.0002267935,0.0011224381,0.0,0.0,0.9999998,-0.00011339674,0.00056121906,6.3640414e-08,0.0,0.0,-0.62798786,0,0,0,0,0
37246000,-0.00035172055,0.00076912204,0.0,0.0,0.9999999,-0.00017586024,0.00038456102,6.7629e-08,0.0,0.0,-0.62888604,0,0,0,0,0
37306000,-0.0011125227,0.0010707383,0.0,0.0,0.9999997,-0.0005562612,0.000535369,2.9780512e-07,0.0,0.0,-0.6298885,0,0,0,0,0
37346000,-0.00052477,0.0010178012,0.0,0.0,0.9999998,-0.00026238497,0.00050890056,1.3352788e-07,0.0,0.0,-0.62989837,0,0,0,0,0
37406000,-0.0011394585,0.0009831642,0.0,0.0,0.9999997,-0.0005697292,0.00049158203,2.800687e-07,0.0,0.0,-0.6291894,0,0,0,0,0
37446000,-0.0010579821,0.0012737699,0.0,0.0,0.99999964,-0.00052899093,0.0006368848,3.3690637e-07,0.0,0.0,-0.62951773,0,0,0,0,0
37496000,-0.0010368538,0.0013802784,0.0,0.0,0.99999964,-0.0005184267,0.000690139,3.5778666e-07,0.0,0.0,-0.6288613,0,0,0,0,0
37556000,-0.00072653143,0.0017797871,0.0,0.0,0.9999996,-0.00036326557,0.0008898934,3.2326778e-07,0.0,0.0,-0.628946,0,0,0,0,0
37596000,-0.0010555426,0.00044399573,0.0,0.0,0.9999998,-0.0005277713,0.00022199785,1.171641e-07,0.0,0.0,-0.6291418,0,0,0,0,0
37657000,-0.0012917245,-1.9439454e-05,0.0,0.0,0.99999976,-0.00064586225,-9.719725e-06,-6.2776047e-09,0.0,0.0,-0.6280372,0,0,0,0,0
37706000,-0.0015765575,-0.00013364988,0.0,0.0,0.9999997,-0.0007882787,-6.682492e-05,-5.2676675e-08,0.0,0.0,-0.6284318,0,0,0,0,0
37746000,-0.0019787108,-0.00013642479,0.0,0.0,0.9999995,-0.0009893551,-6.821235e-05,-6.748628e-08,0.0,0.0,-0.62977695,0,0,0,0,0
37806000,-0.0022786674,-0.0011157877,0.0,0.0,0.9999992,-0.0011393332,-0.0005578934,-6.3562703e-07,0.0,0.0,-0.6288493,0,0,0,0,0
37846000,-0.002049907,-0.00066861574,0.0,0.0,0.9999994,-0.0010249532,-0.0003343077,-3.4264994e-07,0.0,0.0,-0.6287189,0,0,0,0,0
37907000,-0.0024648097,-0.0012466422,0.0,0.0,0.99999905,-0.0012324043,-0.0006233206,-7.6818367e-07,0.0,0.0,-0.6282503,0,0,0,0,0
37959000,-0.002262451,-0.0013837164,0.0,0.0,0.9999991,-0.001131225,-0.0006918577,-7.826474e-07,0.0,0.0,-0.62861,0,0,0,0,0
38006000,-0.0025873664,-0.00058214046,0.0,0.0,0.99999917,-0.0012936828,-0.00029106997,-3.7655252e-07,0.0,0.0,-0.62899774,0,0,0,0,0
38046000,-0.0023505313,-0.0002790039,0.0,0.0,0.99999934,-0.0011752654,-0.00013950186,-1.6395181e-07,0.0,0.0,-0.6289698,0,0,0,0,0
38106000,-0.0017077321,0.0002527547,0.0,0.0,0.99999964,-0.00085386593,0.0001263773,1.0790931e-07,0.0,0.0,-0.6283006,0,0,0,0,0
38146000,-0.001985488,-0.00033309933,0.0,0.0,0.9999995,-0.0009927438,-0.00016654958,-1.6534118e-07,0.0,0.0,-0.6279355,0,0,0,0,0
38200000,-0.0022694217,-0.00046275835,0.0,0.0,0.99999934,-0.0011347107,-0.00023137903,-2.6254844e-07,0.0,0.0,-0.62826586,0,0,0,0,0
38256000,-0.0025231421,-0.00095159083,0.0,0.0,0.9999991,-0.0012615707,-0.00047579507,-6.002496e-07,0.0,0.0,-0.6284747,0,0,0,0,0
38297000,-0.0029809235,-0.0008067529,0.0,0.0,0.9999988,-0.001490461,-0.00040337598,-6.0121687e-07,0.0,0.0,-0.62814313,0,0,0,0,0
38346000,-0.0025060321,-0.0005256597,0.0,0.0,0.99999917,-0.0012530157,-0.00026282965,-3.2932994e-07,0.0,0.0,-0.6274581,0,0,0,0,0
38406000,-0.0020549153,-0.0016038272,0.0,0.0,0.99999917,-0.0010274568,-0.00080191303,-8.239318e-07,0.0,0.0,-0.6275523,0,0,0,0,0
38447000,-0.002205127,-0.0012548802,0.0,0.0,0.9999992,-0.001102563,-0.00062743964,-6.917923e-07,0.0,0.0,-0.62789994,0,0,0,0,0
38507000,-0.002149261,-0.00051793916,0.0,0.0,0.9999994,-0.0010746303,-0.0002589694,-2.7829654e-07,0.0,0.0,-0.62881166,0,0,0,0,0
38547000,-0.0028611764,-0.0011096009,0.0,0.0,0.9999988,-0.0014305875,-0.0005547998,-7.936907e-07,0.0,0.0,-0.6295315,0,0,0,0,0
38607000,-0.0020299386,-0.0012174532,0.0,0.0,0.9999993,-0.0010149688,-0.0006087262,-6.1783857e-07,0.0,0.0,-0.62972516,0,0,0,0,0
38647000,-0.0013521615,-0.0013664372,0.0,0.0,0.9999996,-0.0006760806,-0.00068321836,-4.6191084e-07,0.0,0.0,-0.62961763,0,0,0,0,0
38707000,-0.0013655601,-0.0013082536,0.0,0.0,0.9999995,-0.0006827798,-0.0006541266,-4.466246e-07,0.0,0.0,-0.62876546,0,0,0,0,0
38759000,-0.0014221104,-0.0012465485,0.0,0.0,0.9999996,-0.000711055,-0.00062327407,-4.4318227e-07,0.0,0.0,-0.62891936,0,0,0,0,0
38799000,-0.0016361846,-0.0011730384,0.0,0.0,0.9999995,-0.0008180921,-0.00058651896,-4.798267e-07,0.0,0.0,-0.6286225,0,0,0,0,0
38857000,-0.0017649763,-0.001979448,0.0,0.0,0.99999917,-0.0008824877,-0.0009897234,-8.7341937e-07,0.0,0.0,-0.628601,0,0,0,0,0
38897000,-0.0015902566,-0.001819985,0.0,0.0,0.9999993,-0.0007951279,-0.00090999197,-7.2356056e-07,0.0,0.0,-0.62826246,0,0,0,0,0
38946000,-0.0016024546,-0.0010618992,0.0,0.0,0.9999995,-0.0008012271,-0.0005309493,-4.254112e-07,0.0,0.0,-0.62869173,0,0,0,0,0
38996000,-0.0015437028,-0.00059899647,0.0,0.0,0.99999964,-0.00077185134,-0.00029949815,-2.311681e-07,0.0,0.0,-0.6314459,0,0,0,0,0
39056000,0.0027186677,-0.0050626057,0.0,0.0,0.9999959,0.0013593292,-0.0025312977,3.440881e-06,0.0,0.0,-0.677781,0,0,0,0,0
39096000,0.00959775,-0.011887132,0.0,0.0,0.99997085,0.0047987713,-0.0059434627,2.852215e-05,0.0,0.0,-0.72536695,0,0,0,0,0
39156000,0.015067015,-0.017934205,0.0,0.0,0.9999314,0.0075331335,-0.008966728,6.755219e-05,0.0,0.0,-0.84585506,0,0,0,0,0
39197000,0.01777436,-0.019636221,0.0,0.0,0.9999123,0.008886634,-0.009817566,8.725276e-05,0.0,0.0,-0.9512005,0,0,0,0,0
39257000,0.0,-0.0,0.0,0.0,1.0,0.0,-0.0,0.0,0.0,0.0,-1.0,0,0,0,0,0
39297000,0.0,-0.0,0.0,0.0,1.0,0.0,-0.0,0.0,0.0,0.0,-1.0,0,0,0,0,0
39346000,0.0,-0.0,0.0,0.0,1.0,0.0,-0.0,0.0,0.0,0.0,-1.0,0,0,0,0,0
39406000,0.0,-0.0,0.0,0.0,1.0,0.0,-0.0,0.0,0.0,0.0,-1.0,0,0,0,0,0
39446000,0.0,-0.0,0.0,0.0,1.0,0.0,-0.0,0.0,0.0,0.0,-1.0,0,0,0,0,0
39504000,0.0,-0.0,0.0,0.0,1.0,0.0,-0.0,0.0,0.0,0.0,-1.0,0,0,0,0,0
39552000,0.0,-0.0,0.0,0.0,1.0,0.0,-0.0,0.0,0.0,0.0,-1.0,0,0,0,0,0
39604000,0.0,-0.0,0.0,0.0,1.0,0.0,-0.0,0.0,0.0,0.0,-1.0,0,0,0,0,0
39652000,0.0,-0.0,0.0,0.0,1.0,0.0,-0.0,0.0,0.0,0.0,-1.0,0,0,0,0,0
39705000,0.0,-0.0,0.0,0.0,1.0,0.0,-0.0,0.0,0.0,0.0,-1.0,0,0,0,0,0
39754000,0.0,-0.0,0.0,0.0,1.0,0.0,-0.0,0.0,0.0,0.0,-1.0,0,0,0,0,0
39802000,0.0,-0.0,0.0,0.0,1.0,0.0,-0.0,0.0,0.0,0.0,-1.0,0,0,0,0,0
39851000,0.0,-0.0,0.0,0.0,1.0,0.0,-0.0,0.0,0.0,0.0,-1.0,0,0,0,0,0
39903000,0.0,-0.0,0.0,0.0,1.0,0.0,-0.0,0.0,0.0,0.0,-1.0,0,0,0,0,0
39955000,0.0,-0.0,0.0,0.0,1.0,0.0,-0.0,0.0,0.0,0.0,-1.0,0,0,0,0,0
40002000,0.0,-0.0,0.0,0.0,1.0,0.0,-0.0,0.0,0.0,0.0,-1.0,0,0,0,0,0
40054000,0.0,-0.0,0.0,0.0,1.0,0.0,-0.0,0.0,0.0,0.0,-1.0,0,0,0,0,0
40102000,0.0,-0.0,0.0,0.0,1.0,0.0,-0.0,0.0,0.0,0.0,-1.0,0,0,0,0,0
40154000,0.0,-0.0,0.0,0.0,1.0,0.0,-0.0,0.0,0.0,0.0,-1.0,0,0,0,0,0
40202000,0.0,-0.0,0.0,0.0,1.0,0.0,-0.0,0.0,0.0,0.0,-1.0,0,0,0,0,0
40254000,0.0,-0.0,0.0,0.0,1.0,0.0,-0.0,0.0,0.0,0.0,-1.0,0,0,0,0,0
40302000,0.0,-0.0,0.0,0.0,1.0,0.0,-0.0,0.0,0.0,0.0,-1.0,0,0,0,0,0
40354000,0.0,-0.0,0.0,0.0,1.0,0.0,-0.0,0.0,0.0,0.0,-1.0,0,0,0,0,0
40402000,0.0,-0.0,0.0,0.0,1.0,0.0,-0.0,0.0,0.0,0.0,-1.0,0,0,0,0,0
40455000,0.0,-0.0,0.0,0.0,1.0,0.0,-0.0,0.0,0.0,0.0,-1.0,0,0,0,0,0
40503000,0.0,-0.0,0.0,0.0,1.0,0.0,-0.0,0.0,0.0,0.0,-1.0,0,0,0,0,0
40555000,0.0,-0.0,0.0,0.0,1.0,0.0,-0.0,0.0,0.0,0.0,-1.0,0,0,0,0,0
40603000,0.0,-0.0,0.0,0.0,1.0,0.0,-0.0,0.0,0.0,0.0,-1.0,0,0,0,0,0
40655000,0.0,-0.0,0.0,0.0,1.0,0.0,-0.0,0.0,0.0,0.0,-1.0,0,0,0,0,0
40703000,0.0,-0.0,0.0,0.0,1.0,0.0,-0.0,0.0,0.0,0.0,-1.0,0,0,0,0,0
40755000,0.0,-0.0,0.0,0.0,1.0,0.0,-0.0,0.0,0.0,0.0,-1.0,0,0,0,0,0
40803000,0.0,-0.0,0.0,0.0,1.0,0.0,-0.0,0.0,0.0,0.0,-1.0,0,0,0,0,0
40855000,0.0,-0.0,0.0,0.0,1.0,0.0,-0.0,0.0,0.0,0.0,-1.0,0,0,0,0,0
40903000,0.0,-0.0,0.0,0.0,1.0,0.0,-0.0,0.0,0.0,0.0,-1.0,0,0,0,0,0
40951000,0.0,-0.0,0.0,0.0,1.0,0.0,-0.0,0.0,0.0,0.0,-1.0,0,0,0,0,0
40999000,0.0,-0.0,0.0,0.0,1.0,0.0,-0.0,0.0,0.0,0.0,-1.0,0,0,0,0,0
41051000,0.0,-0.0,0.0,0.0,1.0,0.0,0.0,0.0,0.0,0.0,-1.0,0,0,0,0,0
41103000,0.0,-0.0,0.0,0.0,1.0,0.0,0.0,0.0,0.0,0.0,-1.0,0,0,0,0,0
41155000,0.0,-0.0,0.0,0.0,1.0,0.0,0.0,0.0,0.0,0.0,-1.0,0,0,0,0,0
41203000,0.0,-0.0,0.0,0.0,1.0,0.0,-0.0,0.0,0.0,0.0,-1.0,0,0,0,0,0
41255000,0.0,-0.0,0.0,0.0,1.0,0.0,-0.0,0.0,0.0,0.0,-1.0,0,0,0,0,0
41290000,0.0,-0.0,0.0,0.0,1.0,0.0,-0.0,0.0,0.0,0.0,-1.0,0,0,0,0,0
41355000,0.0,-0.0,0.0,0.0,1.0,0.0,-0.0,0.0,0.0,0.0,-1.0,0,0,0,0,0
41403000,0.0,-0.0,0.0,0.0,1.0,0.0,-0.0,0.0,0.0,0.0,-1.0,0,0,0,0,0
41451000,0.0,-0.0,0.0,0.0,1.0,0.0,-0.0,0.0,0.0,0.0,-1.0,0,0,0,0,0
41507000,0.0,-0.0,0.0,0.0,1.0,0.0,-0.0,0.0,0.0,0.0,-1.0,0,0,0,0,0
41555000,0.0,-0.0,0.0,0.0,1.0,0.0,-0.0,0.0,0.0,0.0,-1.0,0,0,0,0,0
41604000,0.0,-0.0,0.0,0.0,1.0,0.0,-0.0,0.0,0.0,0.0,-1.0,0,0,0,0,0
41652000,0.0,-0.0,0.0,0.0,1.0,0.0,-0.0,0.0,0.0,0.0,-1.0,0,0,0,0,0
41704000,0.0,-0.0,0.0,0.0,1.0,0.0,-0.0,0.0,0.0,0.0,-1.0,0,0,0,0,0
41752000,0.0,-0.0,0.0,0.0,1.0,0.0,-0.0,0.0,0.0,0.0,-1.0,0,0,0,0,0
41804000,0.0,-0.0,0.0,0.0,1.0,0.0,-0.0,0.0,0.0,0.0,-1.0,0,0,0,0,0
41852000,0.0,-0.0,0.0,0.0,1.0,0.0,-0.0,0.0,0.0,0.0,-1.0,0,0,0,0,0
41904000,0.0,-0.0,0.0,0.0,1.0,0.0,-0.0,0.0,0.0,0.0,-1.0,0,0,0,0,0
41952000,0.0,-0.0,0.0,0.0,1.0,0.0,-0.0,0.0,0.0,0.0,-1.0,0,0,0,0,0
42002000,0.0,-0.0,0.0,0.0,1.0,0.0,-0.0,0.0,0.0,0.0,-1.0,0,0,0,0,0
42055000,0.0,-0.0,0.0,0.0,1.0,0.0,-0.0,0.0,0.0,0.0,-1.0,0,0,0,0,0
42103000,0.0,-0.0,0.0,0.0,1.0,0.0,-0.0,0.0,0.0,0.0,-1.0,0,0,0,0,0
42155000,0.0,-0.0,0.0,0.0,1.0,0.0,-0.0,0.0,0.0,0.0,-1.0,0,0,0,0,0
42203000,0.0,-0.0,0.0,0.0,1.0,0.0,-0.0,0.0,0.0,0.0,-1.0,0,0,0,0,0
42252000,0.0,-0.0,0.0,0.0,1.0,0.0,-0.0,0.0,0.0,0.0,-1.0,0,0,0,0,0
42304000,0.0,-0.0,0.0,0.0,1.0,0.0,-0.0,0.0,0.0,0.0,-1.0,0,0,0,0,0
42352000,0.0,-0.0,0.0,0.0,1.0,0.0,-0.0,0.0,0.0,0.0,-1.0,0,0,0,0,0
42404000,0.0,-0.0,0.0,0.0,1.0,0.0,-0.0,0.0,0.0,0.0,-1.0,0,0,0,0,0
42452000,0.0,-0.0,0.0,0.0,1.0,0.0,-0.0,0.0,0.0,0.0,-1.0,0,0,0,0,0
42504000,0.0,-0.0,0.0,0.0,1.0,0.0,-0.0,0.0,0.0,0.0,-1.0,0,0,0,0,0
42552000,0.0,-0.0,0.0,0.0,1.0,0.0,-0.0,0.0,0.0,0.0,-1.0,0,0,0,0,0
42604000,0.0,-0.0,0.0,0.0,1.0,0.0,-0.0,0.0,0.0,0.0,-1.0,0,0,0,0,0
42653000,0.0,-0.0,0.0,0.0,1.0,0.0,-0.0,0.0,0.0,0.0,-1.0,0,0,0,0,0
42705000,0.0,-0.0,0.0,0.0,1.0,0.0,-0.0,0.0,0.0,0.0,-1.0,0,0,0,0,0
42753000,0.0,-0.0,0.0,0.0,1.0,0.0,-0.0,0.0,0.0,0.0,-1.0,0,0,0,0,0
42802000,0.0,-0.0,0.0,0.0,1.0,0.0,-0.0,0.0,0.0,0.0,-1.0,0,0,0,0,0
42854000,0.0,-0.0,0.0,0.0,1.0,0.0,-0.0,0.0,0.0,0.0,-1.0,0,0,0,0,0
42903000,0.0,-0.0,0.0,0.0,1.0,0.0,-0.0,0.0,0.0,0.0,-1.0,0,0,0,0,0
42955000,0.0,-0.0,0.0,0.0,1.0,0.0,-0.0,0.0,0.0,0.0,-1.0,0,0,0,0,0
43003000,0.0,-0.0,0.0,0.0,1.0,0.0,-0.0,0.0,0.0,0.0,-1.0,0,0,0,0,0
43052000,0.0,-0.0,0.0,0.0,1.0,0.0,-0.0,0.0,0.0,0.0,-1.0,0,0,0,0,0
43104000,0.0,-0.0,0.0,0.0,1.0,0.0,-0.0,0.0,0.0,0.0,-1.0,0,0,0,0,0
43152000,0.0,-0.0,0.0,0.0,1.0,0.0,-0.0,0.0,0.0,0.0,-1.0,0,0,0,0,0
43205000,0.0,-0.0,0.0,0.0,1.0,0.0,-0.0,0.0,0.0,0.0,-1.0,0,0,0,0,0
43253000,0.0,-0.0,0.0,0.0,1.0,0.0,-0.0,0.0,0.0,0.0,-1.0,0,0,0,0,0
43305000,0.0,-0.0,0.0,0.0,1.0,0.0,-0.0,0.0,0.0,0.0,-1.0,0,0,0,0,0
43354000,0.0,-0.0,0.0,0.0,1.0,0.0,-0.0,0.0,0.0,0.0,-1.0,0,0,0,0,0
43402000,0.0,-0.0,0.0,0.0,1.0,0.0,-0.0,0.0,0.0,0.0,-1.0,0,0,0,0,0
43454000,0.0,-0.0,0.0,0.0,1.0,0.0,-0.0,0.0,0.0,0.0,-1.0,0,0,0,0,0
43505000,0.0,-0.0,0.0,0.0,1.0,0.0,-0.0,0.0,0.0,0.0,-1.0,0,0,0,0,0
43553000,0.0,-0.0,0.0,0.0,1.0,0.0,-0.0,0.0,0.0,0.0,-1.0,0,0,0,0,0
43605000,0.0,-0.0,0.0,0.0,1.0,0.0,-0.0,0.0,0.0,0.0,-1.0,0,0,0,0,0
43653000,0.0,-0.0,0.0,0.0,1.0,0.0,-0.0,0.0,0.0,0.0,-1.0,0,0,0,0,0
43702000,0.0,-0.0,0.0,0.0,1.0,0.0,-0.0,0.0,0.0,0.0,-1.0,0,0,0,0,0
43754000,0.0,-0.0,0.0,0.0,1.0,0.0,-0.0,0.0,0.0,0.0,-1.0,0,0,0,0,0
43802000,0.0,-0.0,0.0,0.0,1.0,0.0,-0.0,0.0,0.0,0.0,-1.0,0,0,0,0,0
43855000,0.0,-0.0,0.0,0.0,1.0,0.0,-0.0,0.0,0.0,0.0,-1.0,0,0,0,0,0
43903000,0.0,-0.0,0.0,0.0,1.0,0.0,-0.0,0.0,0.0,0.0,-1.0,0,0,0,0,0
43955000,0.0,-0.0,0.0,0.0,1.0,0.0,-0.0,0.0,0.0,0.0,-1.0,0,0,0,0,0
44004000,0.0,-0.0,0.0,0.0,1.0,0.0,-0.0,0.0,0.0,0.0,-1.0,0,0,0,0,0
44052000,0.0,-0.0,0.0,0.0,1.0,0.0,-0.0,0.0,0.0,0.0,-1.0,0,0,0,0,0
44104000,0.0,-0.0,0.0,0.0,1.0,0.0,-0.0,0.0,0.0,0.0,-1.0,0,0,0,0,0
44152000,0.0,-0.0,0.0,0.0,1.0,0.0,-0.0,0.0,0.0,0.0,-1.0,0,0,0,0,0
44204000,0.0,-0.0,0.0,0.0,1.0,0.0,-0.0,0.0,0.0,0.0,-1.0,0,0,0,0,0
44253000,0.0,-0.0,0.0,0.0,1.0,0.0,-0.0,0.0,0.0,0.0,-1.0,0,0,0,0,0
44305000,0.0,-0.0,0.0,0.0,1.0,0.0,-0.0,0.0,0.0,0.0,-1.0,0,0,0,0,0
44353000,0.0,-0.0,0.0,0.0,1.0,0.0,-0.0,0.0,0.0,0.0,-1.0,0,0,0,0,0
44405000,0.0,-0.0,0.0,0.0,1.0,0.0,-0.0,0.0,0.0,0.0,-1.0,0,0,0,0,0
44453000,0.0,-0.0,0.0,0.0,1.0,0.0,-0.0,0.0,0.0,0.0,-1.0,0,0,0,0,0
44502000,0.0,-0.0,0.0,0.0,1.0,0.0,-0.0,0.0,0.0,0.0,-1.0,0,0,0,0,0
44554000,0.0,-0.0,0.0,0.0,1.0,0.0,-0.0,0.0,0.0,0.0,-1.0,0,0,0,0,0
44603000,0.0,-0.0,0.0,0.0,1.0,0.0,-0.0,0.0,0.0,0.0,-1.0,0,0,0,0,0
44655000,0.0,-0.0,0.0,0.0,1.0,0.0,-0.0,0.0,0.0,0.0,-1.0,0,0,0,0,0
44703000,0.0,-0.0,0.0,0.0,1.0,0.0,-0.0,0.0,0.0,0.0,-1.0,0,0,0,0,0
44752000,0.0,-0.0,0.0,0.0,1.0,0.0,-0.0,0.0,0.0,0.0,-1.0,0,0,0,0,0
44804000,0.0,-0.0,0.0,0.0,1.0,0.0,-0.0,0.0,0.0,0.0,-1.0,0,0,0,0,0
44852000,0.0,-0.0,0.0,0.0,1.0,0.0,-0.0,0.0,0.0,0.0,-1.0,0,0,0,0,0
44904000,0.0,-0.0,0.0,0.0,1.0,0.0,-0.0,0.0,0.0,0.0,-1.0,0,0,0,0,0
44952000,0.0,-0.0,0.0,0.0,1.0,0.0,-0.0,0.0,0.0,0.0,-1.0,0,0,0,0,0
45003000,0.0,-0.0,0.0,0.0,1.0,0.0,-0.0,0.0,0.0,0.0,-1.0,0,0,0,0,0
45056000,0.0,-0.0,0.0,0.0,1.0,0.0,-0.0,0.0,0.0,0.0,-1.0,0,0,0,0,0
45104000,0.0,-0.0,0.0,0.0,1.0,0.0,-0.0,0.0,0.0,0.0,-1.0,0,0,0,0,0
45152000,0.0,-0.0,0.0,0.0,1.0,0.0,-0.0,0.0,0.0,0.0,-1.0,0,0,0,0,0
45204000,0.0,-0.0,0.0,0.0,1.0,0.0,-0.0,0.0,0.0,0.0,-1.0,0,0,0,0,0
45252000,0.0,-0.0,0.0,0.0,1.0,0.0,-0.0,0.0,0.0,0.0,-1.0,0,0,0,0,0
45305000,0.0,-0.0,0.0,0.0,1.0,0.0,-0.0,0.0,0.0,0.0,-1.0,0,0,0,0,0
45354000,0.0,-0.0,0.0,0.0,1.0,0.0,-0.0,0.0,0.0,0.0,-1.0,0,0,0,0,0
45402000,0.0,-0.0,0.0,0.0,1.0,0.0,-0.0,0.0,0.0,0.0,-1.0,0,0,0,0,0
45454000,0.0,-0.0,0.0,0.0,1.0,0.0,-0.0,0.0,0.0,0.0,-1.0,0,0,0,0,0
45503000,0.0,-0.0,0.0,0.0,1.0,0.0,-0.0,0.0,0.0,0.0,-1.0,0,0,0,0,0
45555000,0.0,-0.0,0.0,0.0,1.0,0.0,-0.0,0.0,0.0,0.0,-1.0,0,0,0,0,0
45603000,0.0,-0.0,0.0,0.0,1.0,0.0,-0.0,0.0,0.0,0.0,-1.0,0,0,0,0,0
45655000,0.0,-0.0,0.0,0.0,1.0,0.0,-0.0,0.0,0.0,0.0,-1.0,0,0,0,0,0
45703000,0.0,-0.0,0.0,0.0,1.0,0.0,-0.0,0.0,0.0,0.0,-1.0,0,0,0,0,0
45752000,0.0,-0.0,0.0,0.0,1.0,0.0,-0.0,0.0,0.0,0.0,-1.0,0,0,0,0,0
45804000,0.0,-0.0,0.0,0.0,1.0,0.0,-0.0,0.0,0.0,0.0,-1.0,0,0,0,0,0
45852000,0.0,-0.0,0.0,0.0,1.0,0.0,-0.0,0.0,0.0,0.0,-1.0,0,0,0,0,0
45904000,0.0,-0.0,0.0,0.0,1.0,0.0,-0.0,0.0,0.0,0.0,-1.0,0,0,0,0,0
45953000,0.0,-0.0,0.0,0.0,1.0,0.0,-0.0,0.0,0.0,0.0,-1.0,0,0,0,0,0
46005000,0.0,-0.0,0.0,0.0,1.0,0.0,-0.0,0.0,0.0,0.0,-1.0,0,0,0,0,0
46055000,0.0,-0.0,0.0,0.0,1.0,0.0,-0.0,0.0,0.0,0.0,-1.0,0,0,0,0,0
46103000,0.0,-0.0,0.0,0.0,1.0,0.0,-0.0,0.0,0.0,0.0,-1.0,0,0,0,0,0
46155000,0.0,-0.0,0.0,0.0,1.0,0.0,-0.0,0.0,0.0,0.0,-1.0,0,0,0,0,0
46203000,0.0,-0.0,0.0,0.0,1.0,0.0,-0.0,0.0,0.0,0.0,-1.0,0,0,0,0,0
46255000,0.0,-0.0,0.0,0.0,1.0,0.0,-0.0,0.0,0.0,0.0,-1.0,0,0,0,0,0
46304000,0.0,-0.0,0.0,0.0,1.0,0.0,-0.0,0.0,0.0,0.0,-1.0,0,0,0,0,0
46352000,0.0,-0.0,0.0,0.0,1.0,0.0,-0.0,0.0,0.0,0.0,-1.0,0,0,0,0,0
46404000,0.0,-0.0,0.0,0.0,1.0,0.0,-0.0,0.0,0.0,0.0,-1.0,0,0,0,0,0
46453000,0.0,-0.0,0.0,0.0,1.0,0.0,-0.0,0.0,0.0,0.0,-1.0,0,0,0,0,0
46505000,0.0,-0.0,0.0,0.0,1.0,0.0,-0.0,0.0,0.0,0.0,-1.0,0,0,0,0,0
46553000,0.0,-0.0,0.0,0.0,1.0,0.0,-0.0,0.0,0.0,0.0,-1.0,0,0,0,0,0
46605000,0.0,-0.0,0.0,0.0,1.0,0.0,-0.0,0.0,0.0,0.0,-1.0,0,0,0,0,0
46653000,0.0,-0.0,0.0,0.0,1.0,0.0,-0.0,0.0,0.0,0.0,-1.0,0,0,0,0,0
46705000,0.0,-0.0,0.0,0.0,1.0,0.0,-0.0,0.0,0.0,0.0,-1.0,0,0,0,0,0
46753000,0.0,-0.0,0.0,0.0,1.0,0.0,-0.0,0.0,0.0,0.0,-1.0,0,0,0,0,0
46805000,0.0,-0.0,0.0,0.0,1.0,0.0,-0.0,0.0,0.0,0.0,-1.0,0,0,0,0,0
46853000,0.0,-0.0,-1.6657417,0.0,0.6727545,0.0,0.0,-0.7398658,0.0,0.0,-0.001,0,0,0,0,0
46905000,0.0,-0.0,-1.6659033,0.0,0.6726947,0.0,0.0,-0.7399202,0.0,0.0,-0.001,0,0,0,0,0
46953000,0.0,-0.0,-1.6657742,0.0,0.6727425,0.0,0.0,-0.7398767,0.0,0.0,-0.001,0,0,0,0,0
47005000,0.0,-0.0,-1.665604,0.0,0.6728054,0.0,0.0,-0.7398195,0.0,0.0,-0.001,0,0,0,0,0
47053000,0.0,-0.0,-1.6654935,0.0,0.6728463,0.0,0.0,-0.7397823,0.0,0.0,-0.001,0,0,0,0,0
47105000,0.0,-0.0,-1.6654335,0.0,0.6728685,0.0,0.0,-0.73976207,0.0,0.0,-0.001,0,0,0,0,0
47153000,0.0,-0.0,-1.665397,0.0,0.672882,0.0,0.0,-0.73974985,0.0,0.0,-0.001,0,0,0,0,0
47205000,0.0,-0.0,-1.6654131,0.0,0.67287606,0.0,0.0,-0.7397552,0.0,0.0,-0.001,0,0,0,0,0
47253000,0.0,-0.0,-1.6653696,0.0,0.6728921,0.0,0.0,-0.7397407,0.0,0.0,-0.001,0,0,0,0,0
47305000,0.0,-0.0,-1.6654034,0.0,0.67287964,0.0,0.0,-0.739752,0.0,0.0,-0.001,0,0,0,0,0
47352000,0.0,-0.0,-1.6651756,0.0,0.67296386,0.0,0.0,-0.73967546,0.0,0.0,-0.001,0,0,0,0,0
47405000,0.0,-0.0,-1.6652515,0.0,0.6729358,0.0,0.0,-0.73970103,0.0,0.0,-0.001,0,0,0,0,0
47453000,0.0,-0.0,-1.6650989,0.0,0.6729922,0.0,0.0,-0.73964953,0.0,0.0,-0.001,0,0,0,0,0
47502000,0.0,-0.0,-1.6651574,0.0,0.6729706,0.0,0.0,-0.73966926,0.0,0.0,-0.001,0,0,0,0,0
47554000,0.0,-0.0,-1.6650723,0.0,0.67300206,0.0,0.0,-0.73964065,0.0,0.0,-0.001,0,0,0,0,0
47602000,0.0,-0.0,-1.6650237,0.0,0.67302006,0.0,0.0,-0.7396243,0.0,0.0,-0.001,0,0,0,0,0
47652000,0.0,-0.0,-1.6649383,0.0,0.6730516,0.0,0.0,-0.73959553,0.0,0.0,-0.001,0,0,0,0,0
47704000,0.0,-0.0,-1.6647342,0.0,0.6731271,0.0,0.0,-0.7395268,0.0,0.0,-0.001,0,0,0,0,0
47752000,0.0,-0.0,-1.6647496,0.0,0.6731214,0.0,0.0,-0.73953205,0.0,0.0,-0.001,0,0,0,0,0
47804000,0.0,-0.0,-1.6646482,0.0,0.67315894,0.0,0.0,-0.73949784,0.0,0.0,-0.001,0,0,0,0,0
