timestamp,timestamp_sample,control[0],control[1],control[2],control[3],control[4],control[5],control[6],control[7]
540000,540000,0.0011231585,0.0003147195,-0.00088815775,0.0,0.0,0.0,0.0,-1.0
544000,544000,0.00098347,0.00092979515,-0.00060141506,0.0,0.0,0.0,0.0,-1.0
592000,592000,0.0007238479,0.00023069658,-0.0010045747,0.0,0.0,0.0,0.0,-1.0
640000,640000,-0.0016788868,-0.0016808588,4.979925e-05,0.0,0.0,0.0,0.0,-1.0
692000,692000,0.00012773604,0.00021031726,-0.00032858487,0.0,0.0,0.0,0.0,-1.0
740000,740000,5.978273e-05,-9.921257e-05,-8.974167e-05,0.0,0.0,0.0,0.0,-1.0
793000,793000,0.0019162751,0.0013571484,-0.0001223402,0.0,0.0,0.0,0.0,-1.0
841000,841000,0.0005648116,0.0015837051,0.0001219552,0.0,0.0,0.0,0.0,-1.0
893000,893000,0.0012598555,0.00084057107,0.00038518757,0.0,0.0,0.0,0.0,-1.0
941000,941000,0.0005477896,0.00228624,-0.000109473105,0.0,0.0,0.0,0.0,-1.0
993000,993000,0.00042774552,-0.0017302877,0.00016380452,0.0,0.0,0.0,0.0,-1.0
1041000,1041000,-0.00086891215,-0.0008943826,0.001193298,0.0,0.0,0.0,0.0,-1.0
1093000,1093000,-0.0007379345,0.00015535846,-0.00047740163,0.0,0.0,0.0,0.0,-1.0
1141000,1141000,-0.0007427572,-0.000710858,3.798319e-06,0.0,0.0,0.0,0.0,-1.0
1193000,1193000,0.0014814057,0.0005698865,-0.0008142287,0.0,0.0,0.0,0.0,-1.0
1243000,1243000,4.16803e-05,0.00037875207,-0.0008943772,0.0,0.0,0.0,0.0,-1.0
1291000,1291000,-0.0023345558,-0.00044218014,-3.6055437e-05,0.0,0.0,0.0,0.0,-1.0
1343000,1343000,0.00087337283,-0.0003611656,-6.5498614e-05,0.0,0.0,0.0,0.0,-1.0
1392000,1392000,-0.0020365426,-0.0019657589,-0.00021079903,0.0,0.0,0.0,0.0,-1.0
1440000,1440000,0.0024558776,-0.00017079723,-0.00017920263,0.0,0.0,0.0,0.0,-1.0
1492000,1492000,0.0019376513,0.0024103327,0.00031791462,0.0,0.0,0.0,0.0,-1.0
1540000,1540000,-0.0015119585,-0.0017292113,0.000972413,0.0,0.0,0.0,0.0,-1.0
1592000,1592000,0.00058949663,-0.00019321054,-0.0010395177,0.0,0.0,0.0,0.0,-1.0
1640000,1640000,0.0013627842,-0.00078187854,0.0006891845,0.0,0.0,0.0,0.0,-1.0
1690000,1690000,0.0011985861,-0.0013517595,8.8048095e-05,0.0,0.0,0.0,0.0,-1.0
1742000,1742000,0.0009055928,0.0012013423,0.001461394,0.0,0.0,0.0,0.0,-1.0
1790000,1790000,-0.0012486607,-0.001037194,-9.816787e-06,0.0,0.0,0.0,0.0,-1.0
1842000,1842000,0.0002621492,0.001324571,8.797542e-05,0.0,0.0,0.0,0.0,-1.0
1892000,1892000,-0.00043449723,-0.0004107451,-0.00029276763,0.0,0.0,0.0,0.0,-1.0
1940000,1940000,-5.650217e-05,0.0003082321,-0.0007035577,0.0,0.0,0.0,0.0,-1.0
1992000,1992000,-0.0007964645,-0.0012773003,-0.00046201717,0.0,0.0,0.0,0.0,-1.0
2040000,2040000,0.0030509175,0.00053327164,-0.00025913728,0.0,0.0,0.0,0.0,-1.0
2092000,2092000,0.00062259386,0.0012119325,-0.0005945742,0.0,0.0,0.0,0.0,-1.0
2140000,2140000,-0.0012671486,-0.001518926,-0.00028335332,0.0,0.0,0.0,0.0,-1.0
2192000,2192000,-0.0012984619,-0.00018687078,-0.00028179702,0.0,0.0,0.0,0.0,-1.0
2240000,2240000,0.0011429559,-0.0008615022,-3.4367167e-05,0.0,0.0,0.0,0.0,-1.0
2292000,2292000,-0.0007582414,0.000483892,-5.2511077e-05,0.0,0.0,0.0,0.0,-1.0
2340000,2340000,0.00084295165,-0.00028276624,-0.00065703876,0.0,0.0,0.0,0.0,-1.0
2381000,2381000,0.0010218112,0.0006419786,0.0009968191,0.0,0.0,0.0,0.0,-1.0
2442000,2442000,-0.0015013459,0.00076999946,0.00035605385,0.0,0.0,0.0,0.0,-1.0
2491000,2491000,0.00061671576,0.0012946371,-7.844292e-06,0.0,0.0,0.0,0.0,-1.0
2543000,2543000,0.0021859757,0.00021532289,0.00029311495,0.0,0.0,0.0,0.0,-1.0
2591000,2591000,0.00012715392,0.002373053,0.00033798604,0.0,0.0,0.0,0.0,-1.0
2643000,2643000,0.0018465554,-0.0004980351,0.00047646678,0.0,0.0,0.0,0.0,-1.0
2691000,2691000,-0.0019174165,-0.001102336,0.001360183,0.0,0.0,0.0,0.0,-1.0
2740000,2740000,-7.0732814e-05,0.00018829931,0.0007572133,0.0,0.0,0.0,0.0,-1.0
2793000,2793000,-0.0016178007,-0.0013237693,-1.1376467e-05,0.0,0.0,0.0,0.0,-1.0
2841000,2841000,-0.0006634137,0.0017689769,-0.00089640747,0.0,0.0,0.0,0.0,-1.0
2890000,2890000,0.0008437903,0.001813727,0.00015788287,0.0,0.0,0.0,0.0,-1.0
2942000,2942000,-0.00023823116,0.00027119648,0.0014293208,0.0,0.0,0.0,0.0,-1.0
2986000,2986000,-0.0022890717,0.00020828901,-0.00032950414,0.0,0.0,0.0,0.0,-1.0
3042000,3042000,-0.0007981893,0.0024889181,-0.00034782116,0.0,0.0,0.0,0.0,-1.0
3090000,3090000,-5.852843e-05,0.00093829253,0.00011974022,0.0,0.0,0.0,0.0,-1.0
3142000,3142000,0.00019196542,-0.0019690152,0.0002459275,0.0,0.0,0.0,0.0,-1.0
3186000,3186000,-0.0007954524,0.0011705384,-0.00015880667,0.0,0.0,0.0,0.0,-1.0
3242000,3242000,-0.0017987463,-0.0001840511,-0.00032851662,0.0,0.0,0.0,0.0,-1.0
3290000,3290000,0.0014440776,-0.0007640375,-0.00084926415,0.0,0.0,0.0,0.0,-1.0
3342000,3342000,-0.0024203123,-0.0007449434,-0.0006810639,0.0,0.0,0.0,0.0,-1.0
3392000,3392000,-0.001786733,-0.0014650373,0.0002667805,0.0,0.0,0.0,0.0,-1.0
3447000,3447000,0.00039651117,0.00056096946,0.0008174075,0.0,0.0,0.0,0.0,-1.0
3493000,3493000,-9.463454e-05,0.0001368075,-0.00056620763,0.0,0.0,0.0,0.0,-1.0
3542000,3542000,0.0007700764,-0.00056603196,0.00025885238,0.0,0.0,0.0,0.0,-1.0
3590000,3590000,0.0022060166,-7.5897624e-05,-7.7958735e-05,0.0,0.0,0.0,0.0,-1.0
3642000,3642000,-0.0017482784,0.0008530861,0.00045586872,0.0,0.0,0.0,0.0,-1.0
3690000,3690000,-0.0013138985,-0.0010236463,0.00029866613,0.0,0.0,0.0,0.0,-1.0
3742000,3742000,0.00027573283,-0.00030811667,0.00087542366,0.0,0.0,0.0,0.0,-1.0
3790000,3790000,0.00083679205,0.002206421,-7.692165e-05,0.0,0.0,0.0,0.0,-1.0
3843000,3843000,0.0003050219,-0.0006193261,-0.00093884737,0.0,0.0,0.0,0.0,-1.0
3898000,3898000,0.0005823727,0.0012610524,-0.0003612365,0.0,0.0,0.0,0.0,-1.0
3940000,3940000,-0.00047842824,0.0012213946,-0.0016324224,0.0,0.0,0.0,0.0,-1.0
3992000,3992000,0.0020415238,-0.00019603022,0.000371541,0.0,0.0,0.0,0.0,-1.0
4040000,4040000,-0.002730289,0.0008367271,-8.807411e-05,0.0,0.0,0.0,0.0,-1.0
4093000,4093000,-0.00013564805,-0.0002779097,0.00039781464,0.0,0.0,0.0,0.0,-1.0
4141000,4141000,-0.00079070206,0.00323002,-0.00064932223,0.0,0.0,0.0,0.0,-1.0
4193000,4193000,-0.00052262016,0.0014535267,0.0005763105,0.0,0.0,0.0,0.0,-1.0
4241000,4241000,0.002959417,-0.0002360208,-2.3637012e-05,0.0,0.0,0.0,0.0,-1.0
4293000,4293000,0.0017646917,0.0003592412,-0.001185297,0.0,0.0,0.0,0.0,-1.0
4341000,4341000,-0.0013326162,0.00032373902,0.0002771362,0.0,0.0,0.0,0.0,-1.0
4392000,4392000,-6.3246e-05,0.0017594986,-0.00033363255,0.0,0.0,0.0,0.0,-1.0
4440000,4440000,0.0016104227,0.0012219426,-0.00014962653,0.0,0.0,0.0,0.0,-1.0
4494000,4494000,0.00037331425,0.00035341777,0.00019485182,0.0,0.0,0.0,0.0,-1.0
4542000,4542000,-2.5514892e-05,0.0021644211,0.0008939404,0.0,0.0,0.0,0.0,-1.0
4590000,4590000,0.0009868294,0.0029026214,-0.0008462784,0.0,0.0,0.0,0.0,-1.0
4642000,4642000,0.0008305918,0.0008069847,0.00026232773,0.0,0.0,0.0,0.0,-1.0
4690000,4690000,0.0032964004,-0.0016950581,0.00021329064,0.0,0.0,0.0,0.0,-1.0
4742000,4742000,-0.0016531484,0.00061500334,4.0096846e-05,0.0,0.0,0.0,0.0,-1.0
4790000,4790000,0.00072705495,-0.00014300382,-0.00044842693,0.0,0.0,0.0,0.0,-1.0
4842000,4842000,0.0010577359,0.00036943756,0.0002256964,0.0,0.0,0.0,0.0,-1.0
4894000,4894000,0.000276673,0.0021418352,-0.0005519547,0.0,0.0,0.0,0.0,-1.0
4942000,4942000,-0.0013827372,-0.0016426323,-0.0006466558,0.0,0.0,0.0,0.0,-1.0
4990000,4990000,-0.0013083455,-0.0023046606,8.188395e-05,0.0,0.0,0.0,0.0,-1.0
5042000,5042000,0.0009914626,-0.00030389277,-0.0012080235,0.0,0.0,0.0,0.0,-1.0
5090000,5090000,-0.0012685542,0.0012099608,0.000100955614,0.0,0.0,0.0,0.0,-1.0
5142000,5142000,-0.001712927,0.0011955135,-0.00038442807,0.0,0.0,0.0,0.0,-1.0
5190000,5190000,-0.003283156,0.0014136094,-4.1461917e-05,0.0,0.0,0.0,0.0,-1.0
5243000,5243000,-0.0024834806,-0.0008970052,0.00035115416,0.0,0.0,0.0,0.0,-1.0
5291000,5291000,0.0004025899,-0.00076040125,0.00064329006,0.0,0.0,0.0,0.0,-1.0
5343000,5343000,0.0023852428,0.00024526607,-3.609573e-05,0.0,0.0,0.0,0.0,-1.0
5391000,5391000,-0.0018398636,-0.00048453873,6.640798e-05,0.0,0.0,0.0,0.0,-1.0
5440000,5440000,0.001673225,-0.00025483855,-0.00029341257,0.0,0.0,0.0,0.0,-1.0
5492000,5492000,-0.0012212859,0.0009125944,-0.00022222342,0.0,0.0,0.0,0.0,-1.0
5540000,5540000,0.0012288468,0.00044344715,-0.0006910426,0.0,0.0,0.0,0.0,-1.0
5592000,5592000,-0.00014799053,-0.0010321101,2.9806575e-05,0.0,0.0,0.0,0.0,-1.0
5640000,5640000,-0.0010766101,-0.0005417365,0.0012583086,0.0,0.0,0.0,0.0,-1.0
5692000,5692000,0.0017694823,-0.00037644705,-0.00043651392,0.0,0.0,0.0,0.0,-1.0
5740000,5740000,-0.0019844745,-0.00018149735,3.2335756e-05,0.0,0.0,0.0,0.0,-1.0
5792000,5792000,0.00022761377,-0.0009780964,-0.0003149289,0.0,0.0,0.0,0.0,-1.0
5840000,5840000,0.001723855,0.00019407267,0.00088709994,0.0,0.0,0.0,0.0,-1.0
5897000,5897000,0.00038874536,0.00271916,-0.0005475745,0.0,0.0,0.0,0.0,-1.0
5941000,5941000,-0.0013333604,0.0011627402,0.00013892181,0.0,0.0,0.0,0.0,-1.0
5993000,5993000,-0.0017396805,-0.00085170846,0.00030658962,0.0,0.0,0.0,0.0,-1.0
6041000,6041000,-0.00025688342,-0.0002859713,-4.8830552e-05,0.0,0.0,0.0,0.0,-1.0
6093000,6093000,0.00041737113,0.00088006887,-0.00025995926,0.0,0.0,0.0,0.0,-1.0
6141000,6141000,-0.0013146976,0.0004094083,-0.000133558,0.0,0.0,0.0,0.0,-1.0
6193000,6193000,-0.0018946193,0.0024646476,-0.0012509685,0.0,0.0,0.0,0.0,-1.0
6241000,6241000,0.0006722547,-0.0006265152,-0.00040745913,0.0,0.0,0.0,0.0,-1.0
6293000,6293000,-0.0023103713,0.0009278718,-6.609115e-05,0.0,0.0,0.0,0.0,-1.0
6341000,6341000,0.0008134341,0.0004147096,-0.00041317262,0.0,0.0,0.0,0.0,-1.0
6393000,6393000,0.0013529061,-6.3066705e-05,-0.00017858426,0.0,0.0,0.0,0.0,-1.0
6441000,6441000,0.00028524874,-0.001157637,-0.00014113353,0.0,0.0,0.0,0.0,-1.0
6493000,6493000,-0.0013041063,-0.0017127123,-0.0008090474,0.0,0.0,0.0,0.0,-1.0
6541000,6541000,-0.0021464173,0.0015878693,-0.00065328344,0.0,0.0,0.0,0.0,-1.0
6590000,6590000,0.0015435296,0.0012830298,-0.0014231183,0.0,0.0,0.0,0.0,-1.0
6642000,6642000,-0.00093344675,0.0008630442,-0.000727274,0.0,0.0,0.0,0.0,-1.0
6690000,6690000,-0.000876519,0.0011743504,-0.00023593109,0.0,0.0,0.0,0.0,-1.0
6742000,6742000,-0.0013026515,-0.002401671,0.0009780105,0.0,0.0,0.0,0.0,-1.0
6790000,6790000,-0.003447509,0.0009585352,-5.0310307e-05,0.0,0.0,0.0,0.0,-1.0
6842000,6842000,0.001213171,-0.00020210308,-0.0009222952,0.0,0.0,0.0,0.0,-1.0
6890000,6890000,0.0003042334,0.00035967617,-0.0011997215,0.0,0.0,0.0,0.0,-1.0
6942000,6942000,0.0012587478,-0.00026424445,0.000608193,0.0,0.0,0.0,0.0,-1.0
6990000,6990000,0.001139326,-5.710202e-05,-4.1787585e-05,0.0,0.0,0.0,0.0,-1.0
7042000,7042000,-0.0004669531,0.0017304152,0.00086342526,0.0,0.0,0.0,0.0,-1.0
7090000,7090000,-0.002158074,0.00037659236,-0.0013133324,0.0,0.0,0.0,0.0,-1.0
7142000,7142000,-0.0008551071,0.0016337421,0.0003410714,0.0,0.0,0.0,0.0,-1.0
7190000,7190000,0.0005078041,0.0007067083,0.00087215117,0.0,0.0,0.0,0.0,-1.0
7242000,7242000,-0.0011921689,0.0008164701,0.0004780706,0.0,0.0,0.0,0.0,-1.0
7290000,7290000,-0.0008413949,-0.00053605606,-5.71145e-05,0.0,0.0,0.0,0.0,-1.0
7342000,7342000,-0.0007272485,0.00033288897,9.3417475e-05,0.0,0.0,0.0,0.0,-1.0
7390000,7390000,0.0014104471,-0.0018632209,0.00031962572,0.0,0.0,0.0,0.0,-1.0
7442000,7442000,0.0004550712,0.0032698247,-0.00033883922,0.0,0.0,0.0,0.0,-1.0
7486000,7486000,-0.0014616991,-0.0020576701,-0.00032924954,0.0,0.0,0.0,0.0,-1.0
7542000,7542000,0.00037782738,-0.00068974774,-9.15681e-05,0.0,0.0,0.0,0.0,-1.0
7590000,7590000,0.0013696277,2.3254848e-05,-0.0007811423,0.0,0.0,0.0,0.0,-1.0
7642000,7642000,-0.00071431533,0.00020809053,-0.0004664758,0.0,0.0,0.0,0.0,-1.0
7692000,7692000,-0.00087870983,-0.0014279996,0.00067373295,0.0,0.0,0.0,0.0,-1.0
7740000,7740000,-0.0032876714,0.00013221471,0.00040308945,0.0,0.0,0.0,0.0,-1.0
7792000,7792000,2.0133699e-05,0.00047381208,0.0004901154,0.0,0.0,0.0,0.0,-1.0
7840000,7840000,-5.4889824e-08,0.0014656957,0.00071099674,0.0,0.0,0.0,0.0,-1.0
7893000,7893000,-0.002578826,-3.0826777e-05,-0.001153466,0.0,0.0,0.0,0.0,-1.0
7943000,7943000,-0.00048434682,0.00015101305,0.0005079262,0.0,0.0,0.0,0.0,-1.0
7991000,7991000,-0.0020707753,-0.0014454339,-0.0010368351,0.0,0.0,0.0,0.0,-1.0
8043000,8043000,-0.0017329032,0.0006131018,-0.00088245183,0.0,0.0,0.0,0.0,-1.0
8091000,8091000,-0.0026676161,0.00075535086,0.0005631108,0.0,0.0,0.0,0.0,-1.0
8143000,8143000,2.7891365e-06,0.0024177562,-0.0009965679,0.0,0.0,0.0,0.0,-1.0
8191000,8191000,-0.0018280784,0.0009057862,0.00076249865,0.0,0.0,0.0,0.0,-1.0
8239000,8239000,-0.0018335031,0.00033414434,-0.0011814068,0.0,0.0,0.0,0.0,-1.0
8291000,8291000,-0.00033682122,-0.0012750421,0.0011074169,0.0,0.0,0.0,0.0,-1.0
8343000,8343000,-0.0009925675,0.0016614555,0.0003541391,0.0,0.0,0.0,0.0,-1.0
8391000,8391000,0.001713647,-0.00027119968,0.001380452,0.0,0.0,0.0,0.0,-1.0
8440000,8440000,-0.0012890564,-0.0016453643,0.000923316,0.0,0.0,0.0,0.0,-1.0
8492000,8492000,-0.0012577826,0.0013027336,0.00030446667,0.0,0.0,0.0,0.0,-1.0
8540000,8540000,-0.0017445548,0.0025635806,0.00026693864,0.0,0.0,0.0,0.0,-1.0
8592000,8592000,0.0007307021,0.00057907356,0.00045304163,0.0,0.0,0.0,0.0,-1.0
8640000,8640000,-0.0013807405,-0.00016963447,-0.00022645935,0.0,0.0,0.0,0.0,-1.0
8692000,8692000,0.0010827354,0.001995567,-0.00041297876,0.0,0.0,0.0,0.0,-1.0
8740000,8740000,-0.00029521406,-0.00049210904,-0.0005694634,0.0,0.0,0.0,0.0,-1.0
8793000,8793000,0.0013041002,-0.0016468321,-0.0005311957,0.0,0.0,0.0,0.0,-1.0
8841000,8841000,0.00412241,0.0022868016,0.0003032256,0.0,0.0,0.0,0.0,-1.0
8890000,8890000,0.00072144455,0.0022480567,-0.000914846,0.0,0.0,0.0,0.0,-1.0
8941000,8941000,0.001244404,0.0010257909,0.00032435087,0.0,0.0,0.0,0.0,-1.0
8993000,8993000,0.000112796755,0.0019814146,-0.0013209298,0.0,0.0,0.0,0.0,-1.0
9041000,9041000,-0.000804857,0.00031808918,-0.000716122,0.0,0.0,0.0,0.0,-1.0
9093000,9093000,0.00035817965,-0.0007145916,-0.0007061534,0.0,0.0,0.0,0.0,-1.0
9141000,9141000,-0.00051113643,-0.0033942517,-0.00016958315,0.0,0.0,0.0,0.0,-1.0
9193000,9193000,0.0024232576,-0.000207546,8.557458e-07,0.0,0.0,0.0,0.0,-1.0
9242000,9242000,-0.000943413,-0.002257445,-0.00063891866,0.0,0.0,0.0,0.0,-1.0
9290000,9290000,0.0006660997,-0.0022607415,-2.9121113e-05,0.0,0.0,0.0,0.0,-1.0
9342000,9342000,-4.0776795e-06,0.0017201451,-0.0003532423,0.0,0.0,0.0,0.0,-1.0
9390000,9390000,-0.00027884226,0.0026824677,-6.841453e-05,0.0,0.0,0.0,0.0,-1.0
9442000,9442000,-0.00020198978,0.0003331633,-0.000101537385,0.0,0.0,0.0,0.0,-1.0
9491000,9491000,0.0024175814,0.0019201759,1.6229713e-05,0.0,0.0,0.0,0.0,-1.0
9543000,9543000,-0.0018794495,0.000863014,0.0006185333,0.0,0.0,0.0,0.0,-1.0
9592000,9592000,-0.00025629965,-0.000102034595,-0.0006050071,0.0,0.0,0.0,0.0,-1.0
9640000,9640000,-0.00042360945,-0.0001257672,0.0009965615,0.0,0.0,0.0,0.0,-1.0
9693000,9693000,0.0024528143,-0.0002805536,-0.00081834255,0.0,0.0,0.0,0.0,-1.0
9741000,9741000,0.0005783865,-0.0016303051,0.000660398,0.0,0.0,0.0,0.0,-1.0
9793000,9793000,0.00073562725,-0.0024230476,3.987365e-05,0.0,0.0,0.0,0.0,-1.0
9842000,9842000,0.0010661588,0.0008186833,-0.00043833983,0.0,0.0,0.0,0.0,-1.0
9890000,9890000,0.0022895334,-0.0010793406,-0.00061633793,0.0,0.0,0.0,0.0,-1.0
9942000,9942000,-0.0019264462,-0.0010417539,7.306066e-05,0.0,0.0,0.0,0.0,-1.0
9986000,9986000,0.00028357538,-3.180263e-05,0.0006394472,0.0,0.0,0.0,0.0,-1.0
10043000,10043000,-0.0007366428,-0.0016524765,0.00060530717,0.0,0.0,0.0,0.0,-1.0
10091000,10091000,-0.00031450632,0.0010440554,-0.0002326659,0.0,0.0,0.0,0.0,-1.0
10143000,10143000,0.00039982502,0.001086805,0.00031457286,0.0,0.0,0.0,0.0,-1.0
10191000,10191000,0.0004544279,-0.0019977177,0.000802681,0.0,0.0,0.0,0.0,-1.0
10240000,10240000,-0.0012577323,-0.0009969638,-0.00020325463,0.0,0.0,0.0,0.0,-1.0
10292000,10292000,-0.00073627493,0.0007325795,-0.00029864412,0.0,0.0,0.0,0.0,-1.0
10340000,10340000,0.0019798158,-0.0027112453,0.00044269278,0.0,0.0,0.0,0.0,-1.0
10392000,10392000,7.614482e-05,-0.00012086358,0.000636522,0.0,0.0,0.0,0.0,-1.0
10440000,10440000,0.0002569237,-0.0020372998,0.00039675302,0.0,0.0,0.0,0.0,-1.0
10492000,10492000,-0.00233278,-0.00038332283,-0.0003257038,0.0,0.0,0.0,0.0,-1.0
10540000,10540000,-0.001516384,-0.0003821497,-0.0006601178,0.0,0.0,0.0,0.0,-1.0
10592000,10592000,-0.00153931,-0.0018749315,-0.0008472157,0.0,0.0,0.0,0.0,-1.0
10640000,10640000,-0.00030519435,0.00077557575,-0.0002098226,0.0,0.0,0.0,0.0,-1.0
10692000,10692000,0.0017355096,-0.0039401655,-0.00086493214,0.0,0.0,0.0,0.0,-1.0
10740000,10740000,0.00027472473,-0.0036321161,0.00047130263,0.0,0.0,0.0,0.0,-1.0
10792000,10792000,-0.002093462,-0.00026609033,0.00036223882,0.0,0.0,0.0,0.0,-1.0
10840000,10840000,0.0008152541,-0.0036663462,-0.0009867501,0.0,0.0,0.0,0.0,-1.0
10893000,10893000,-0.0004145085,-0.0018214764,0.0003834783,0.0,0.0,0.0,0.0,-1.0
10941000,10941000,0.0025901939,-0.001943808,-0.00061658886,0.0,0.0,0.0,0.0,-1.0
10993000,10993000,0.0013856213,-6.7549525e-05,0.0007084876,0.0,0.0,0.0,0.0,-1.0
11041000,11041000,-0.0008215871,-0.002317389,0.000603476,0.0,0.0,0.0,0.0,-1.0
11093000,11093000,-0.000773647,-0.0018998415,-0.0015123658,0.0,0.0,0.0,0.0,-1.0
11138000,11138000,-0.00073978043,-0.0015700817,0.00093397545,0.0,0.0,0.0,0.0,-1.0
11190000,11190000,-0.00015242519,-0.0026281932,0.00026361833,0.0,0.0,0.0,0.0,-1.0
11242000,11242000,-0.0006254094,-0.0010971216,0.00027560056,0.0,0.0,0.0,0.0,-1.0
11290000,11290000,0.000376329,-0.001096177,0.00042621882,0.0,0.0,0.0,0.0,-1.0
11342000,11342000,0.00091121043,-0.0017734034,0.0008909893,0.001,0.0,0.0,0.0,-1.0
11390000,11390000,0.0003790401,-0.00078582764,-0.000108776665,0.001,0.0,0.0,0.0,-1.0
11440000,11440000,-6.303242e-05,-0.0029815098,-0.0012054386,0.001,0.0,0.0,0.0,-1.0
11492000,11492000,-0.0006127598,-0.00069457997,0.000668549,0.001,0.0,0.0,0.0,-1.0
11540000,11540000,-0.0015367328,-0.0036954305,0.00016243699,0.001,0.0,0.0,0.0,-1.0
11592000,11592000,-0.00016437701,-0.0010103771,0.0010978831,0.001,0.0,0.0,0.0,-1.0
11640000,11640000,0.0015336643,-0.0022827503,0.0011843533,0.001,0.0,0.0,0.0,-1.0
11693000,11693000,0.0020013063,-0.0032719993,-0.0012441025,0.001,0.0,0.0,0.0,-1.0
11741000,11741000,-6.5350934e-05,-0.0022042717,-6.8325667e-06,0.001,0.0,0.0,0.0,-1.0
11793000,11793000,-0.0014384508,-0.0014683631,0.00013044957,0.001,0.0,0.0,0.0,-1.0
11841000,11841000,-0.00039381871,-0.004507067,0.00038994497,0.001,0.0,0.0,0.0,-1.0
11893000,11893000,-0.0007158339,-0.001539113,0.00018548295,0.001,0.0,0.0,0.0,-1.0
11943000,11943000,-0.00063064205,0.0011551885,0.00019539302,0.001,0.0,0.0,0.0,-1.0
11991000,11991000,0.00056945696,-0.0001591189,0.00037032444,0.001,0.0,0.0,0.0,-1.0
12043000,12043000,-0.0002265701,-0.0021828345,-0.00074632483,0.001,0.0,0.0,0.0,-1.0
12091000,12091000,-0.000485808,-0.0035704414,-0.0010384611,0.001,0.0,0.0,0.0,-1.0
12143000,12143000,0.0007866475,-0.0016809561,-0.0007621862,0.001,0.0,0.0,0.0,-1.0
12191000,12191000,-0.00091512536,-0.0017044904,-0.0006142987,0.001,0.0,0.0,0.0,-1.0
12240000,12240000,0.0011856039,-0.00037911895,-0.0002426663,0.001,0.0,0.0,0.0,-1.0
12292000,12292000,-0.00089945714,-0.0014940335,0.0007570816,0.001,0.0,0.0,0.0,-1.0
12346000,12346000,0.0006483237,-0.0013847044,-0.0011054906,0.001,0.0,0.0,0.0,-1.0
12390000,12390000,-0.0024512373,-0.0020319212,0.0007114786,0.001,0.0,0.0,0.0,-1.0
12440000,12440000,-0.0008639789,-0.00039488403,0.0002873129,0.001,0.0,0.0,0.0,-1.0
12492000,12492000,-0.00046602933,-0.0036165568,-0.00039206757,0.001,0.0,0.0,0.0,-1.0
12540000,12540000,0.0028228303,-0.0046322923,0.00053533324,0.001,0.0,0.0,0.0,-1.0
12593000,12593000,0.0012871742,-0.0037411875,0.0002673271,0.001,0.0,0.0,0.0,-1.0
12642000,12642000,0.0016765298,-0.0029490462,-0.0009967602,0.001,0.0,0.0,0.0,-1.0
12690000,12690000,0.0006408398,-0.0031083142,0.00018156935,0.001,0.0,0.0,0.0,-1.0
12742000,12742000,0.00067156623,-0.0017645683,0.00012420541,0.001,0.0,0.0,0.0,-1.0
12790000,12790000,0.00078262796,-0.000245312,-1.949342e-05,0.001,0.0,0.0,0.0,-1.0
12842000,12842000,-0.0009578277,-0.0029946605,-0.00012625742,0.001,0.0,0.0,0.0,-1.0
12887000,12887000,0.000972396,-0.005623183,0.00044215782,0.001,0.0,0.0,0.0,-1.0
12941000,12941000,2.1295404e-05,-0.0027392728,-0.00031760306,0.001,0.0,0.0,0.0,-1.0
12990000,12990000,-0.0005213651,-0.0015775764,-0.00019891276,0.001,0.0,0.0,0.0,-1.0
13038000,13038000,0.0006830058,-0.0030314247,-0.00015530536,0.001,0.0,0.0,0.0,-1.0
13091000,13091000,0.0008706441,-0.0019564407,-0.00034825772,0.001,0.0,0.0,0.0,-1.0
13143000,13143000,-0.0017286022,-0.0033708962,-0.00024665322,0.001,0.0,0.0,0.0,-1.0
13192000,13192000,0.0007417187,-0.0011267979,0.0004324007,0.001,0.0,0.0,0.0,-1.0
13241000,13241000,0.001258803,-0.0028230043,-0.001349882,0.001,0.0,0.0,0.0,-1.0
13293000,13293000,-0.0008024123,-0.0027639484,-0.00042067326,0.001,0.0,0.0,0.0,-1.0
13341000,13341000,0.0015448884,-0.0014892505,-0.00064563536,0.001,0.0,0.0,0.0,-1.0
13393000,13393000,-0.00077329023,-0.001354162,0.00066626456,0.001,0.0,0.0,0.0,-1.0
13442000,13442000,0.00060996815,-0.00025670452,-0.00064310303,0.001,0.0,0.0,0.0,-1.0
13490000,13490000,0.0015877987,-0.0020415185,-0.000596129,0.001,0.0,0.0,0.0,-1.0
13542000,13542000,-0.0014438524,-0.0021461179,0.00078181823,0.001,0.0,0.0,0.0,-1.0
13590000,13590000,0.0026096131,-0.0031271998,0.0002167425,0.001,0.0,0.0,0.0,-1.0
13643000,13643000,-0.0005812071,-0.0009104177,1.3853008e-05,0.001,0.0,0.0,0.0,-1.0
13691000,13691000,9.952489e-05,-0.00041583716,-0.00047706786,0.001,0.0,0.0,0.0,-1.0
13743000,13743000,0.0016286955,-0.00087588443,0.00051507016,0.001,0.0,0.0,0.0,-1.0
13792000,13792000,-0.0011387866,-0.00092103594,0.0012222668,0.001,0.0,0.0,0.0,-1.0
13840000,13840000,-0.0014221156,-0.0026348182,0.0006086867,0.001,0.0,0.0,0.0,-1.0
13892000,13892000,0.001089514,-0.0038055207,0.0014103677,0.001,0.0,0.0,0.0,-1.0
13943000,13943000,-0.00023519702,-0.004561857,0.0008815615,0.001,0.0,0.0,0.0,-1.0
13991000,13991000,0.00035107054,-0.0020488093,-0.000842671,0.001,0.0,0.0,0.0,-1.0
14043000,14043000,0.002702442,-0.0038952802,0.0002949359,0.001,0.0,0.0,0.0,-1.0
14091000,14091000,0.0004912223,-0.0019399686,-0.0006217972,0.001,0.0,0.0,0.0,-1.0
14140000,14140000,-0.000942714,-0.003874342,0.0005019533,0.001,0.0,0.0,0.0,-1.0
14188000,14188000,0.0014101579,-0.0025060996,-0.00046753147,0.001,0.0,0.0,0.0,-1.0
14240000,14240000,0.00020143292,-0.0023084162,0.0003762264,0.001,0.0,0.0,0.0,-1.0
14292000,14292000,0.0005714572,-0.0029485202,0.0006400358,0.001,0.0,0.0,0.0,-1.0
14342000,14342000,0.0020689988,-0.0012701461,0.00036928727,0.001,0.0,0.0,0.0,-1.0
14390000,14390000,0.0024451944,0.0007652801,-0.00029838659,0.001,0.0,0.0,0.0,-1.0
14441000,14441000,0.0016028251,-0.0011591263,0.0009070846,0.001,0.0,0.0,0.0,-1.0
14493000,14493000,0.00041034532,0.0012665214,0.00033630183,0.001,0.0,0.0,0.0,-1.0
14541000,14541000,-5.6548393e-05,0.0014291742,2.8769742e-05,0.001,0.0,0.0,0.0,-1.0
14590000,14590000,0.0006928744,-9.638982e-05,0.0008535919,0.001,0.0,0.0,0.0,-1.0
14643000,14643000,-0.00022317877,0.0006622246,0.00086477184,0.001,0.0,0.0,0.0,-1.0
14693000,14693000,0.0020391915,0.0017451621,0.0010246899,0.001,0.0,0.0,0.0,-1.0
14741000,14741000,0.0025855429,0.0006912169,0.00044465522,0.001,0.0,0.0,0.0,-1.0
14793000,14793000,-0.0002266102,0.0007619058,-0.00081120135,0.001,0.0,0.0,0.0,-1.0
14841000,14841000,0.00029657595,3.3947028e-05,-0.0011261029,0.001,0.0,0.0,0.0,-1.0
14890000,14890000,0.0009379089,0.0017594331,0.000762863,0.001,0.0,0.0,0.0,-1.0
14936000,14936000,0.0011342592,0.0006955852,-0.0002397762,0.001,0.0,0.0,0.0,-1.0
14992000,14992000,-0.00015508234,-0.0007826042,-3.2531654e-05,0.001,0.0,0.0,0.0,-1.0
15041000,15041000,0.0011387686,-0.0008529812,0.0009871604,0.001,0.0,0.0,0.0,-1.0
15094000,15094000,-5.1568422e-05,0.0014376831,0.00032136397,0.001,0.0,0.0,0.0,-1.0
15142000,15142000,-0.0019197965,-0.0023796577,0.0001951735,0.001,0.0,0.0,0.0,-1.0
15190000,15190000,0.0016897693,0.0014921059,-0.0008143086,0.001,0.0,0.0,0.0,-1.0
15242000,15242000,0.0032287904,0.00028138404,0.00085945224,0.001,0.0,0.0,0.0,-1.0
15290000,15290000,-0.00011220062,9.413296e-05,0.0001725318,0.001,0.0,0.0,0.0,-1.0
15340000,15340000,0.0021233833,0.0020052101,0.00030818195,0.001,0.0,0.0,0.0,-1.0
15389000,15389000,0.0021987527,0.001243697,0.00030746506,0.001,0.0,0.0,0.0,-1.0
15441000,15441000,0.00023949414,0.0023091733,-0.00030258158,0.001,0.0,0.0,0.0,-1.0
15493000,15493000,0.001089365,-0.0012619185,-0.00068689353,0.001,0.0,0.0,0.0,-1.0
15541000,15541000,6.333605e-05,-0.0005551233,0.00021460353,0.001,0.0,0.0,0.0,-1.0
15593000,15593000,0.0008989646,-0.0006460422,0.0011486711,0.001,0.0,0.0,0.0,-1.0
15641000,15641000,-0.00091887225,0.0011539389,0.00091377244,0.001,0.0,0.0,0.0,-1.0
15693000,15693000,0.0002853545,-0.00067837455,-0.0004436072,0.001,0.0,0.0,0.0,-1.0
15741000,15741000,0.00055477885,0.0008039707,0.0001068117,0.001,0.0,0.0,0.0,-1.0
15793000,15793000,0.0025339487,0.0023240885,-3.178244e-05,0.001,0.0,0.0,0.0,-1.0
15841000,15841000,0.00061554945,-0.00015700463,-0.00013316298,0.001,0.0,0.0,0.0,-1.0
15890000,15890000,0.00218254,-0.001715511,-7.855987e-05,0.001,0.0,0.0,0.0,-1.0
15943000,15943000,0.00043012458,-4.0111336e-05,0.00065976783,0.001,0.0,0.0,0.0,-1.0
15991000,15991000,0.00069044955,0.0015323632,-0.0010215,0.001,0.0,0.0,0.0,-1.0
16043000,16043000,0.0010694274,-0.0012477243,-0.0002637845,0.001,0.0,0.0,0.0,-1.0
16091000,16091000,0.000981822,-0.0010031203,-0.0011828619,0.001,0.0,0.0,0.0,-1.0
16143000,16143000,0.0012794987,-0.0009887909,-0.00054685073,0.001,0.0,0.0,0.0,-1.0
16191000,16191000,0.0024743802,-0.001558783,-0.00020878385,0.001,0.0,0.0,0.0,-1.0
16239000,16239000,0.0020548808,0.0010268334,-0.00082465867,0.001,0.0,0.0,0.0,-1.0
16291000,16291000,3.4546538e-05,-0.0013245353,-8.086163e-05,0.001,0.0,0.0,0.0,-1.0
16343000,16343000,0.0001234521,-7.985157e-05,0.00027470593,0.001,0.0,0.0,0.0,-1.0
16391000,16391000,0.0001717486,-0.0008738659,-0.0006949319,0.001,0.0,0.0,0.0,-1.0
16440000,16440000,0.002032907,-0.00028271988,0.00074285246,0.001,0.0,0.0,0.0,-1.0
16492000,16492000,0.002872238,-0.000982266,0.0009855982,0.001,0.0,0.0,0.0,-1.0
16540000,16540000,0.0013243568,0.0009707138,-0.0003320436,0.001,0.0,0.0,0.0,-1.0
16592000,16592000,0.00037035305,0.0008749203,-0.00061081036,0.001,0.0,0.0,0.0,-1.0
16640000,16640000,0.00021682627,0.001238526,0.00020456387,0.001,0.0,0.0,0.0,-1.0
16688000,16688000,-9.79047e-06,-0.0019300003,6.192262e-05,0.001,0.0,0.0,0.0,-1.0
16740000,16740000,0.0010659577,-0.0022347528,0.0012621547,0.001,0.0,0.0,0.0,-1.0
16792000,16792000,0.00013700404,0.0011927718,0.00023724312,0.001,0.0,0.0,0.0,-1.0
16841000,16841000,0.0015136863,-0.00027605816,0.0004980017,0.001,0.0,0.0,0.0,-1.0
16893000,16893000,0.0018832909,-0.0008012271,0.0009030327,0.001,0.0,0.0,0.0,-1.0
16943000,16943000,0.00242601,-0.0014213144,-0.0012820791,0.006983324,0.0,0.0,0.0,-1.0
16991000,16991000,0.00222536,-0.0027568466,-0.00023114703,0.013036376,0.0,0.0,0.0,-1.0
17037000,17037000,0.0027230475,-0.0017431662,5.4998178e-05,0.019101469,0.0,0.0,0.0,-1.0
17093000,17093000,0.0019479173,-0.0025776136,0.0005233702,0.028421413,0.0,0.0,0.0,-1.0
17141000,17141000,0.0014781661,-0.0011995649,-0.00046183966,0.03553815,0.0,0.0,0.0,-1.0
17189000,17189000,-9.5958356e-05,-0.003898947,0.0017132427,0.042446718,0.0,0.0,0.0,-1.0
17241000,17241000,0.00036130805,-0.0033684825,-0.000703867,0.052529547,0.0,0.0,0.0,-1.0
17289000,17289000,0.0019568673,-0.0029768613,0.001141331,0.059239857,0.0,0.0,0.0,-1.0
17342000,17342000,1.7362414e-05,-0.0031000008,-1.0919483e-05,0.06950882,0.0,0.0,0.0,-1.0
17390000,17390000,0.002072274,0.0018389514,-0.0011072726,0.078344844,0.0,0.0,0.0,-1.0
17440000,17440000,0.0007166835,-0.0027695715,-0.00086528016,0.088735044,0.0,0.0,0.0,-1.0
17490000,17490000,-0.0009165471,-0.003531308,0.00022086827,0.09975557,0.0,0.0,0.0,-1.0
17542000,17542000,0.0018799722,-0.004899325,-0.00092262926,0.11259818,0.0,0.0,0.0,-1.0
17590000,17590000,-0.00017874886,-0.0035857128,0.0009475114,0.12398385,0.0,0.0,0.0,-1.0
17638000,17638000,0.0010933138,-0.004256798,-0.00070846314,0.13436526,0.0,0.0,0.0,-1.0
17690000,17690000,-0.0011465244,-0.0024009584,-0.0003218102,0.15039279,0.0,0.0,0.0,-1.0
17738000,17738000,0.0005490538,-0.0026678224,0.00017691372,0.16166909,0.0,0.0,0.0,-1.0
17790000,17790000,0.0013238406,-0.0013408045,-0.0013955389,0.17717768,0.0,0.0,0.0,-1.0
17843000,17843000,0.0035070344,-0.0026057921,-0.0003827306,0.19299233,0.0,0.0,0.0,-1.0
17891000,17891000,0.0006003704,-0.0016916067,0.00022749015,0.20551871,0.0,0.0,0.0,-1.0
17938000,17938000,0.0044466862,-0.0019835944,-0.00060238474,0.21757238,0.0,0.0,0.0,-1.0
17990000,17990000,0.001708233,-0.00052698446,0.0014762051,0.23211773,0.0,0.0,0.0,-1.0
18042000,18042000,0.0032905978,-0.0040251696,0.0017954039,0.24692753,0.0,0.0,0.0,-1.0
18090000,18090000,0.0039962567,-0.0032514513,-0.0010601281,0.26054534,0.0,0.0,0.0,-1.0
18142000,18142000,0.002816967,-0.0068356693,0.00087084697,0.2748129,0.0,0.0,0.0,-1.0
18190000,18190000,0.0031645924,-0.0040749735,-0.0003224391,0.28826824,0.0,0.0,0.0,-1.0
18242000,18242000,0.0022225487,-0.0048053465,0.0003516006,0.3320358,0.0,0.0,0.0,-1.0
18290000,18290000,0.0019286482,-0.0040793465,0.00021037551,0.3232313,0.0,0.0,0.0,-1.0
18343000,18343000,0.0010751972,-0.0033073614,-0.00074102014,0.33341575,0.0,0.0,0.0,-1.0
18391000,18391000,0.0010689201,-0.0024524378,0.000971825,0.3343837,0.0,0.0,0.0,-1.0
18442000,18442000,0.0038604068,-0.0036255938,-0.00044969423,0.31766722,0.0,0.0,0.0,-1.0
18486000,18486000,0.0032347345,-0.0058920686,0.00040849153,0.34803826,0.0,0.0,0.0,-1.0
18542000,18542000,0.0050851675,-0.0039105355,-0.0013648849,0.32574424,0.0,0.0,0.0,-1.0
18590000,18590000,0.0055226185,-0.001707694,-0.0012882737,0.3321848,0.0,0.0,0.0,-1.0
18638000,18638000,0.0051509533,-0.0024905507,-0.000250357,0.33723602,0.0,0.0,0.0,-1.0
18690000,18690000,0.0038127587,-0.0029856528,2.4454266e-05,0.31794044,0.0,0.0,0.0,-1.0
18738000,18738000,0.0060529783,-0.004633164,0.00039324258,0.3431945,0.0,0.0,0.0,-1.0
18790000,18790000,0.003186743,-0.0045664944,-0.0003089389,0.32165283,0.0,0.0,0.0,-1.0
18838000,18838000,0.0066331937,-0.005979413,-0.00059411296,0.34549168,0.0,0.0,0.0,-1.0
18891000,18891000,0.005398987,0.000985713,-0.0005359282,0.32309765,0.0,0.0,0.0,-1.0
18943000,18943000,0.006180268,0.001789517,0.0010986929,0.34203082,0.0,0.0,0.0,-1.0
18991000,18991000,0.0077714776,0.00046453526,7.259497e-05,0.3248885,0.0,0.0,0.0,-1.0
19043000,19043000,0.007867253,0.0037202549,-0.0010951875,0.34427208,0.0,0.0,0.0,-1.0
19091000,19091000,0.0068018795,0.0025673572,-0.00028096203,0.32695985,0.0,0.0,0.0,-1.0
19143000,19143000,0.0039677676,0.0029001937,5.8774393e-05,0.3412726,0.0,0.0,0.0,-1.0
19191000,19191000,0.004332478,0.0027789657,-0.00047353818,0.32583877,0.0,0.0,0.0,-1.0
19243000,19243000,0.006556844,0.002579785,-0.000419826,0.34120673,0.0,0.0,0.0,-1.0
19291000,19291000,0.006550934,0.00368486,-0.0003658326,0.3251778,0.0,0.0,0.0,-1.0
19341000,19341000,0.005546328,0.0031820547,0.0010038774,0.34310743,0.0,0.0,0.0,-1.0
19393000,19393000,0.0053928914,0.0012873575,0.00093258184,0.33163247,0.0,0.0,0.0,-1.0
19440000,19440000,0.0048424173,0.005585538,0.00022446265,0.3491701,0.0,0.0,0.0,-1.0
19492000,19492000,0.0048047435,0.0043745255,0.0001987959,0.33064678,0.0,0.0,0.0,-1.0
19540000,19540000,0.0031542082,0.00483991,-4.4002467e-05,0.34635556,0.0,0.0,0.0,-1.0
19589000,19589000,0.0044351863,0.0034322864,-0.00018715324,0.33083308,0.0,0.0,0.0,-1.0
19641000,19641000,0.0018292037,0.0048736776,-0.00016731859,0.3403407,0.0,0.0,0.0,-1.0
19689000,19689000,0.0013892762,0.0031052325,0.0011873251,0.3293797,0.0,0.0,0.0,-1.0
19741000,19741000,0.0027189013,0.005518983,0.000627422,0.3389181,0.0,0.0,0.0,-1.0
19789000,19789000,0.00095492427,0.0019767925,0.0013212613,0.3284593,0.0,0.0,0.0,-1.0
19841000,19841000,0.00044407032,0.004077344,-0.0009824744,0.34109053,0.0,0.0,0.0,-1.0
19893000,19893000,0.0012191518,0.0029735668,-0.00033986437,0.33715722,0.0,0.0,0.0,-1.0
19940000,19940000,0.0017780334,0.0068149655,0.0008504428,0.34436077,0.0,0.0,0.0,-1.0
19988000,19988000,0.0008538912,0.003564291,0.0011319544,0.32683614,0.0,0.0,0.0,-1.0
20040000,20040000,1.0805961e-05,0.0055866707,0.0003239826,0.33962798,0.0,0.0,0.0,-1.0
20088000,20088000,0.0034027505,0.0056582987,0.00046549726,0.32620353,0.0,0.0,0.0,-1.0
20140000,20140000,-0.0018511869,0.0053532333,0.0016118973,0.3402118,0.0,0.0,0.0,-1.0
20192000,20192000,-0.002014953,0.004070054,0.00071461557,0.33603743,0.0,0.0,0.0,-1.0
20240000,20240000,-0.00077862304,0.0075906175,8.1132705e-05,0.34005746,0.0,0.0,0.0,-1.0
20292000,20292000,-0.0015246902,0.0031385096,-1.4563986e-05,0.32688323,0.0,0.0,0.0,-1.0
20340000,20340000,-0.0018753395,0.0058864,1.886209e-05,0.3400923,0.0,0.0,0.0,-1.0
20392000,20392000,-0.0045470055,0.0050278394,-0.00034356996,0.32324642,0.0,0.0,0.0,-1.0
20443000,20443000,-0.004205812,0.005817479,-1.9024068e-05,0.34282824,0.0,0.0,0.0,-1.0
20487000,20487000,-0.002396583,0.0034978867,-0.00060784945,0.32825348,0.0,0.0,0.0,-1.0
20543000,20543000,-0.003446308,0.0046181544,-0.0010205884,0.3441299,0.0,0.0,0.0,-1.0
20591000,20591000,-0.0025393995,0.003754229,-0.0005499453,0.32653385,0.0,0.0,0.0,-1.0
20639000,20639000,-0.0028251694,0.0029302896,0.0004274572,0.3507214,0.0,0.0,0.0,-1.0
20688000,20688000,0.00060926203,0.005555374,-6.862635e-05,0.33113804,0.0,0.0,0.0,-1.0
20740000,20740000,0.0011049109,0.0049363542,-0.00023515258,0.3490971,0.0,0.0,0.0,-1.0
20792000,20792000,-7.9874124e-05,0.0043419125,0.0006441876,0.32991934,0.0,0.0,0.0,-1.0
20840000,20840000,-0.0003452198,0.0039051373,0.00060624327,0.34417018,0.0,0.0,0.0,-1.0
20893000,20893000,0.00051688537,0.0032993364,-0.00041377894,0.33118728,0.0,0.0,0.0,-1.0
20943000,20943000,-0.0012082728,0.0022967183,0.001236397,0.3482226,0.0,0.0,0.0,-1.0
20991000,20991000,-0.00068077457,0.0027079824,0.00028748842,0.33373678,0.0,0.0,0.0,-1.0
21040000,21040000,-0.0018161236,0.0061155017,0.00040029763,0.3503602,0.0,0.0,0.0,-1.0
21092000,21092000,0.003246967,0.0023061484,0.00036622598,0.33247882,0.0,0.0,0.0,-1.0
21141000,21141000,-0.0023032243,0.0039771604,0.00095361983,0.35023046,0.0,0.0,0.0,-1.0
21193000,21193000,-0.002300184,0.0032702368,-0.00038904254,0.33088115,0.0,0.0,0.0,-1.0
21241000,21241000,-0.0012442772,0.0050129592,0.0012932445,0.3482954,0.0,0.0,0.0,-1.0
21293000,21293000,0.0019148649,0.002523173,-0.00044883962,0.32789698,0.0,0.0,0.0,-1.0
21341000,21341000,0.0002508049,0.0045814672,0.0010681546,0.34330288,0.0,0.0,0.0,-1.0
21389000,21389000,-0.000747674,0.005138995,-0.00018715125,0.3287796,0.0,0.0,0.0,-1.0
21440000,21440000,0.0030333304,0.0045742183,-0.00021989294,0.34257337,0.0,0.0,0.0,-1.0
21492000,21492000,0.00079595216,0.0008009281,0.00085712573,0.32759294,0.0,0.0,0.0,-1.0
21541000,21541000,4.452953e-05,0.0046976306,-0.0003145887,0.33641326,0.0,0.0,0.0,-1.0
21589000,21589000,0.0003917319,0.003429251,-0.00032815116,0.32292703,0.0,0.0,0.0,-1.0
21642000,21642000,0.00096793403,0.003490521,-0.00058895955,0.3341108,0.0,0.0,0.0,-1.0
21690000,21690000,-0.001177001,0.0053238715,-7.697946e-05,0.33059123,0.0,0.0,0.0,-1.0
21742000,21742000,-0.0028165122,0.0020754077,0.00087826507,0.3322045,0.0,0.0,0.0,-1.0
21790000,21790000,0.0018972408,0.0037128124,-0.0011780843,0.3305742,0.0,0.0,0.0,-1.0
21843000,21843000,0.0018578587,0.0015165182,-0.00034719313,0.32975623,0.0,0.0,0.0,-1.0
21887000,21887000,-0.000121870195,0.0029305294,-0.0003460997,0.3214006,0.0,0.0,0.0,-1.0
21942000,21942000,-0.00024335741,-0.0012504122,2.2051385e-05,0.33019814,0.0,0.0,0.0,-1.0
21990000,21990000,-0.00059856754,0.003117552,0.0008000304,0.33723712,0.0,0.0,0.0,-1.0
22043000,22043000,0.00087075203,-0.0009689424,-8.657569e-05,0.3226662,0.0,0.0,0.0,-1.0
22091000,22091000,-0.0014840376,0.0006778239,0.0011207437,0.338826,0.0,0.0,0.0,-1.0
22143000,22143000,-0.001515994,0.0019321437,-0.00051185704,0.32386208,0.0,0.0,0.0,-1.0
22191000,22191000,0.0009239301,0.0019651246,0.00012907769,0.34094557,0.0,0.0,0.0,-1.0
22243000,22243000,-0.00017656467,-0.0013857144,-3.2554788e-05,0.32421845,0.0,0.0,0.0,-1.0
22291000,22291000,-0.0029815303,-0.003359569,-0.00039894122,0.3432846,0.0,0.0,0.0,-1.0
22343000,22343000,0.002014679,-0.0014873461,-0.0005643303,0.3238976,0.0,0.0,0.0,-1.0
22391000,22391000,0.0018441904,0.00031811284,0.00011559513,0.34068012,0.0,0.0,0.0,-1.0
22443000,22443000,0.00069814647,-0.00032697388,-0.00047021348,0.32819077,0.0,0.0,0.0,-1.0
22492000,22492000,-0.00116994,0.000982329,0.0012657491,0.3384772,0.0,0.0,0.0,-1.0
22540000,22540000,-5.8534846e-05,-0.00065564254,4.2046206e-05,0.3241946,0.0,0.0,0.0,-1.0
22592000,22592000,0.00013424663,0.0011968361,-0.00037933415,0.33787438,0.0,0.0,0.0,-1.0
22640000,22640000,-0.00235315,-0.0012243201,0.00033179898,0.32109094,0.0,0.0,0.0,-1.0
22692000,22692000,0.0011579732,-0.0010716227,-0.0006855856,0.33429998,0.0,0.0,0.0,-1.0
22740000,22740000,-8.9975234e-05,-0.0040100385,-0.00087435916,0.316795,0.0,0.0,0.0,-1.0
22793000,22793000,-0.0008713379,-0.003157759,-0.00011316319,0.32777405,0.0,0.0,0.0,-1.0
22841000,22841000,-0.0001589394,-0.00132318,0.00023314031,0.31352085,0.0,0.0,0.0,-1.0
22893000,22893000,0.0026932536,-0.0026114592,-0.0001599623,0.32626903,0.0,0.0,0.0,-1.0
22941000,22941000,-2.7931237e-06,0.0006635836,-0.0001501544,0.31393623,0.0,0.0,0.0,-1.0
22993000,22993000,-0.0016583276,-0.0028569605,0.00041271918,0.3218658,0.0,0.0,0.0,-1.0
23041000,23041000,0.0010454801,-0.001558621,0.0011657623,0.31384882,0.0,0.0,0.0,-1.0
23093000,23093000,0.00015370984,-0.0002909283,-0.0009645063,0.3205143,0.0,0.0,0.0,-1.0
23141000,23141000,9.560847e-05,-9.411259e-05,-0.00025837362,0.3137912,0.0,0.0,0.0,-1.0
23193000,23193000,-0.0008288893,-0.006036284,0.00017071716,0.31979755,0.0,0.0,0.0,-1.0
23242000,23242000,-0.00013774459,-0.00394644,-0.0013413609,0.31501725,0.0,0.0,0.0,-1.0
23291000,23291000,0.0043334477,-0.004328407,0.00080328604,0.32029203,0.0,0.0,0.0,-1.0
23343000,23343000,0.0026578314,-0.0018818087,0.00092290004,0.31904498,0.0,0.0,0.0,-1.0
23391000,23391000,0.0017690189,-0.005074125,-0.00021495746,0.32126138,0.0,0.0,0.0,-1.0
23443000,23443000,0.0041095554,-0.003262193,-1.7859093e-05,0.31578252,0.0,0.0,0.0,-1.0
23487000,23487000,0.0053030313,-0.004065729,-0.0017147277,0.3244591,0.0,0.0,0.0,-1.0
23544000,23544000,0.0058578104,-0.004888501,1.6132544e-06,0.30976364,0.0,0.0,0.0,-1.0
23592000,23592000,0.0031875025,-0.0063293586,-0.0007220109,0.3254697,0.0,0.0,0.0,-1.0
23641000,23641000,0.0051720627,-6.445451e-05,-0.0007402316,0.31130758,0.0,0.0,0.0,-1.0
23690000,23690000,0.005370912,-0.0055561997,0.00010500208,0.32762066,0.0,0.0,0.0,-1.0
23743000,23743000,0.0051682247,-0.0024359692,-7.632105e-05,0.3122672,0.0,0.0,0.0,-1.0
23791000,23791000,0.0065198997,-0.0025973872,-0.00086375995,0.32918566,0.0,0.0,0.0,-1.0
23843000,23843000,0.0061665005,-0.0016586538,0.0010416901,0.31353852,0.0,0.0,0.0,-1.0
23891000,23891000,0.0036478792,-0.0028837149,-0.00022604782,0.33189327,0.0,0.0,0.0,-1.0
23941000,23941000,0.0047361995,-0.0036217018,0.00042531156,0.31883687,0.0,0.0,0.0,-1.0
23990000,23990000,0.013664394,0.0018421775,0.0028206783,0.9506575,0.0,0.0,0.0,-1.0
24042000,24042000,-0.006520926,-0.001455922,0.0018189776,0.8765408,0.0,0.0,0.0,-1.0
24090000,24090000,-0.0030670569,-0.0001630772,0.0026626743,0.76611453,0.0,0.0,0.0,-1.0
24143000,24143000,-0.002998006,-0.0013384921,0.000511397,0.68519974,0.0,0.0,0.0,-1.0
24191000,24191000,-0.0030587495,0.005486925,0.0010959342,0.6533105,0.0,0.0,0.0,-1.0
24243000,24243000,0.0011452977,-0.0043358756,-0.0007834241,0.6418731,0.0,0.0,0.0,-1.0
24291000,24291000,-1.4603371e-05,0.0041671265,-0.0003148262,0.64055336,0.0,0.0,0.0,-1.0
24339000,24339000,-0.0023564217,-0.0047569685,-0.0012018124,0.64073575,0.0,0.0,0.0,-1.0
24391000,24391000,-0.0012293367,0.00020456017,-0.0012805811,0.6418717,0.0,0.0,0.0,-1.0
24431000,24431000,-0.0005275129,0.0030907611,-0.00147671,0.6425958,0.0,0.0,0.0,-1.0
24491000,24491000,0.002434509,-0.002180418,-0.0018485491,0.64286286,0.0,0.0,0.0,-1.0
24543000,24543000,0.001814207,-0.0011484055,-0.0019620045,0.64304346,0.0,0.0,0.0,-1.0
24591000,24591000,-0.00010972179,0.00010874303,-0.0019225439,0.64302707,0.0,0.0,0.0,-1.0
24643000,24643000,-2.6025096e-05,0.0017482997,-0.0011493583,0.64413154,0.0,0.0,0.0,-1.0
24691000,24691000,-0.002363233,0.00021947094,-0.0013741167,0.6437484,0.0,0.0,0.0,-1.0
24739000,24739000,0.0015843562,-0.00010459932,-0.0016224163,0.64405,0.0,0.0,0.0,-1.0
24791000,24791000,0.0026946329,-0.00082781207,-0.0017778979,0.6436729,0.0,0.0,0.0,-1.0
24843000,24843000,0.0007726285,0.0026154579,-0.00066960126,0.64410603,0.0,0.0,0.0,-1.0
24891000,24891000,0.001707349,-0.0019194756,0.0035853407,0.643422,0.0,0.0,0.0,-1.0
24935000,24935000,-0.0005744181,-0.00047423414,0.0026372694,0.6435333,0.0,0.0,0.0,-1.0
24989000,24989000,-0.0003737896,0.0019847837,0.0008139475,0.6438634,0.0,0.0,0.0,-1.0
25041000,25041000,0.0003524093,-0.0022372415,0.0006017171,0.64341956,0.0,0.0,0.0,-1.0
25093000,25093000,-0.00015642727,-0.0004243882,-0.0010222739,0.6435898,0.0,0.0,0.0,-1.0
25138000,25138000,0.0006596662,0.0013555128,-0.0005058366,0.642206,0.0,0.0,0.0,-1.0
25190000,25190000,0.0029932158,-0.0034173245,0.00069102284,0.6420632,0.0,0.0,0.0,-1.0
25238000,25238000,0.00033670996,0.0030640224,-0.00059303246,0.6423004,0.0,0.0,0.0,-1.0
25290000,25290000,0.001567754,-0.00120319,-0.00043271546,0.6425357,0.0,0.0,0.0,-1.0
25342000,25342000,0.00094232423,0.003653993,-0.00042229856,0.6427691,0.0,0.0,0.0,-1.0
25390000,25390000,-0.0004686799,-0.001093749,-0.0022613886,0.642157,0.0,0.0,0.0,-1.0
25440000,25440000,0.0009614515,0.0030454565,-0.0017875925,0.64223945,0.0,0.0,0.0,-1.0
25492000,25492000,0.00042248098,-0.0039026663,-0.00065034215,0.6412355,0.0,0.0,0.0,-1.0
25540000,25540000,-0.00012964506,0.0031550806,-0.001297021,0.6412879,0.0,0.0,0.0,-1.0
25593000,25593000,0.0013767049,-0.00233355,-0.001249524,0.6420731,0.0,0.0,0.0,-1.0
25641000,25641000,-0.0008310543,0.00031757844,-0.000380832,0.64172196,0.0,0.0,0.0,-1.0
25690000,25690000,-0.0022266656,0.00057533704,-0.0007047184,0.6414145,0.0,0.0,0.0,-1.0
25742000,25742000,0.0025599385,0.000109835775,0.00018989485,0.640571,0.0,0.0,0.0,-1.0
25790000,25790000,-0.0010346647,-0.002255461,-0.00045294338,0.6397764,0.0,0.0,0.0,-1.0
25838000,25838000,-0.0014499552,0.0018126523,0.0008784605,0.6400674,0.0,0.0,0.0,-1.0
25890000,25890000,-0.0034128646,-0.00046726898,-0.00013203753,0.64039284,0.0,0.0,0.0,-1.0
25942000,25942000,0.00070579,0.0011979532,0.0018536015,0.640556,0.0,0.0,0.0,-1.0
25990000,25990000,-0.002194071,-0.001776931,0.0007849074,0.640331,0.0,0.0,0.0,-1.0
26038000,26038000,0.00020633891,0.00033381963,0.0002844191,0.6401121,0.0,0.0,0.0,-1.0
26091000,26091000,-0.0010503621,-0.0014119069,-0.00066650705,0.63971394,0.0,0.0,0.0,-1.0
26143000,26143000,0.0018216744,0.0007460415,0.0011930823,0.64009994,0.0,0.0,0.0,-1.0
26191000,26191000,-0.0012887345,-0.00018425984,-0.00045826784,0.63949066,0.0,0.0,0.0,-1.0
26240000,26240000,-0.000113928225,-0.0034516656,-0.00035961054,0.6395537,0.0,0.0,0.0,-1.0
26292000,26292000,-0.0010792897,0.0032136086,0.0008523887,0.63988256,0.0,0.0,0.0,-1.0
26340000,26340000,0.00091207365,0.0002840868,-0.0001352992,0.6396388,0.0,0.0,0.0,-1.0
26388000,26388000,-0.0010779162,-0.00045996773,-0.00015645471,0.64008373,0.0,0.0,0.0,-1.0
26443000,26443000,0.0011997074,0.004426899,0.0012445103,0.6398817,0.0,0.0,0.0,-1.0
26491000,26491000,0.00032057328,-0.0014362776,0.001019933,0.64000523,0.0,0.0,0.0,-1.0
26540000,26540000,-0.0007324929,0.0011054473,-0.0010041611,0.63964766,0.0,0.0,0.0,-1.0
26592000,26592000,0.00035573012,-0.00022789696,0.00064997474,0.6698147,0.0,0.0,0.0,-1.0
26640000,26640000,0.001096386,-0.0010450708,-0.000283708,0.6629684,0.0,0.0,0.0,-1.0
26688000,26688000,0.005247743,-0.0022512977,-0.00023920384,0.6503634,0.0,0.0,0.0,-1.0
26736000,26736000,-0.0025965588,-0.0015197932,-0.00041239278,0.6419971,0.0,0.0,0.0,-1.0
26792000,26792000,0.0010372264,-2.7849048e-05,-0.0005490656,0.6384913,0.0,0.0,0.0,-1.0
26841000,26841000,-0.0003734539,0.00057235535,0.00021422104,0.63717586,0.0,0.0,0.0,-1.0
26889000,26889000,0.0023173173,-0.0008697312,0.0010823649,0.63717055,0.0,0.0,0.0,-1.0
26944000,26944000,-0.0026076282,-0.0007633161,-0.0012710477,0.6368552,0.0,0.0,0.0,-1.0
26993000,26993000,0.0020748,0.0032574297,0.0005594944,0.6367748,0.0,0.0,0.0,-1.0
27041000,27041000,-0.002339573,-0.000590157,0.0012171568,0.6367032,0.0,0.0,0.0,-1.0
27093000,27093000,0.0014078313,0.0007749512,-0.00029667126,0.63675296,0.0,0.0,0.0,-1.0
27141000,27141000,0.0014489824,-0.0030478737,-0.00054626,0.6370959,0.0,0.0,0.0,-1.0
27189000,27189000,0.0012103182,0.0016815417,-8.76372e-05,0.6372268,0.0,0.0,0.0,-1.0
27241000,27241000,0.0011945076,-0.003047608,-0.0016743301,0.6374657,0.0,0.0,0.0,-1.0
27290000,27290000,0.00015160699,0.0049402043,2.0410871e-05,0.6375928,0.0,0.0,0.0,-1.0
27342000,27342000,0.0020895135,-0.0014795971,-0.0008275311,0.6373432,0.0,0.0,0.0,-1.0
27390000,27390000,0.0011073248,0.00044863057,0.00063513673,0.6368193,0.0,0.0,0.0,-1.0
27445000,27445000,-0.0005643058,7.762307e-05,0.0011095261,0.63670677,0.0,0.0,0.0,-1.0
27493000,27493000,-0.0013903462,0.0010157046,-8.917433e-05,0.6368218,0.0,0.0,0.0,-1.0
27541000,27541000,-0.0010603943,-0.0034948478,3.3962162e-05,0.63733983,0.0,0.0,0.0,-1.0
27589000,27589000,0.00010468898,0.002742813,-0.001114406,0.6369174,0.0,0.0,0.0,-1.0
27642000,27642000,-0.0047652605,0.00017213673,-2.3362476e-05,0.63665617,0.0,0.0,0.0,-1.0
27690000,27690000,0.0012786085,-0.0010741861,-0.00085521844,0.6364328,0.0,0.0,0.0,-1.0
27742000,27742000,-0.0015598973,0.00089060987,0.000564336,0.63639045,0.0,0.0,0.0,-1.0
27790000,27790000,-0.0008586148,-0.0015074719,0.00041067417,0.63675475,0.0,0.0,0.0,-1.0
27843000,27843000,0.00036967895,-0.0005715074,0.0006958323,0.6368351,0.0,0.0,0.0,-1.0
27891000,27891000,0.001982985,0.0012889075,0.00020711523,0.6369207,0.0,0.0,0.0,-1.0
27945000,27945000,-0.001057314,0.00048035855,0.0003549555,0.637196,0.0,0.0,0.0,-1.0
27989000,27989000,-0.000618469,-0.0031239442,-8.356543e-05,0.6376823,0.0,0.0,0.0,-1.0
28042000,28042000,0.0030186232,0.0024210303,0.00037031,0.63684493,0.0,0.0,0.0,-1.0
28090000,28090000,0.00026346638,0.0008757658,-0.0005275403,0.63678527,0.0,0.0,0.0,-1.0
28138000,28138000,0.00031526125,6.0659193e-05,-0.0011582777,0.63685477,0.0,0.0,0.0,-1.0
28190000,28190000,0.000492274,-0.0015438056,-0.00026337913,0.63655305,0.0,0.0,0.0,-1.0
28239000,28239000,-0.0010072493,-0.0007837738,-0.0011958259,0.6368713,0.0,0.0,0.0,-1.0
28292000,28292000,0.00085459993,-0.0008348912,-2.3842167e-06,0.63732547,0.0,0.0,0.0,-1.0
28340000,28340000,-0.0026046727,0.0013286878,-0.0010633558,0.6374858,0.0,0.0,0.0,-1.0
28392000,28392000,0.0007375407,-0.003249713,-0.00042978392,0.63718784,0.0,0.0,0.0,-1.0
28440000,28440000,0.0035675517,0.0028914595,8.868611e-06,0.6370029,0.0,0.0,0.0,-1.0
28490000,28490000,-0.00072190096,-0.0035740668,-0.0018532767,0.6367849,0.0,0.0,0.0,-1.0
28538000,28538000,-1.643585e-05,0.0011376912,-0.00094980304,0.6364414,0.0,0.0,0.0,-1.0
28590000,28590000,-5.1556854e-06,0.0029476106,1.3707458e-05,0.6358835,0.0,0.0,0.0,-1.0
28642000,28642000,-0.0015475664,-0.0010119424,-0.0014071327,0.63637817,0.0,0.0,0.0,-1.0
28690000,28690000,0.0017421965,-0.0011638214,-0.00010075908,0.63612866,0.0,0.0,0.0,-1.0
28743000,28743000,-0.00065771776,-0.0009480057,-0.0001712613,0.6363609,0.0,0.0,0.0,-1.0
28791000,28791000,0.0023016606,-0.0042598387,-6.571354e-05,0.63329816,0.0,0.0,0.0,-1.0
28843000,28843000,-0.00056239346,0.0031655617,-0.00023886179,0.60028064,0.0,0.0,0.0,-1.0
28892000,28892000,-0.0013904735,-0.00055538013,-0.0013983431,0.5757556,0.0,0.0,0.0,-1.0
28940000,28940000,0.0012792037,0.00059280335,2.475578e-05,0.5650177,0.0,0.0,0.0,-1.0
28991000,28991000,-0.0004148347,-0.0011503001,-8.085389e-05,0.5604134,0.0,0.0,0.0,-1.0
29040000,29040000,0.0004654845,0.004253789,-0.0002877542,0.56089365,0.0,0.0,0.0,-1.0
29092000,29092000,-0.000614399,0.0014352511,-0.00052210636,0.5660655,0.0,0.0,0.0,-1.0
29140000,29140000,0.0016462427,0.00071339065,-0.00030900832,0.5730576,0.0,0.0,0.0,-1.0
29192000,29192000,0.003592797,0.00067306205,-0.0012979913,0.5792384,0.0,0.0,0.0,-1.0
29241000,29241000,-0.00091508,2.3844885e-05,-0.00021956346,0.584448,0.0,0.0,0.0,-1.0
29289000,29289000,-0.00084350584,-0.002258457,-0.0007046173,0.5900516,0.0,0.0,0.0,-1.0
29342000,29342000,-0.00137607,-0.0012940839,0.0004669614,0.5939166,0.0,0.0,0.0,-1.0
29390000,29390000,0.0011806889,-0.00086266454,-0.0010953466,0.59650594,0.0,0.0,0.0,-1.0
29442000,29442000,-0.0010920567,-0.00020054402,0.0006640084,0.59873646,0.0,0.0,0.0,-1.0
29490000,29490000,0.0011592073,0.001061307,0.00060511444,0.59925014,0.0,0.0,0.0,-1.0
29542000,29542000,0.00060535263,0.0009249535,0.00046987215,0.59948957,0.0,0.0,0.0,-1.0
29590000,29590000,0.0010363408,-0.000496733,-0.0016737687,0.6005285,0.0,0.0,0.0,-1.0
29642000,29642000,0.0008727062,-0.0022222805,-0.000101677935,0.6010962,0.0,0.0,0.0,-1.0
29690000,29690000,-0.0017373874,-0.001422052,-0.001092988,0.6026389,0.0,0.0,0.0,-1.0
29741000,29741000,-0.0042986916,0.0007465984,-0.0006291693,0.60583395,0.0,0.0,0.0,-1.0
29793000,29793000,1.3580284e-05,0.00043865544,-7.38319e-05,0.6074915,0.0,0.0,0.0,-1.0
29841000,29841000,0.0018302801,0.0008752307,0.00075646146,0.6085621,0.0,0.0,0.0,-1.0
29893000,29893000,-0.0009397924,-0.002229537,-0.00059559755,0.6106571,0.0,0.0,0.0,-1.0
29941000,29941000,0.0016618067,0.0028040265,2.0437375e-05,0.6105462,0.0,0.0,0.0,-1.0
29990000,29990000,-0.0023777958,-0.0018630554,0.0006009072,0.61191416,0.0,0.0,0.0,-1.0
30042000,30042000,-0.00054952374,0.0033296922,-0.0002449895,0.61313504,0.0,0.0,0.0,-1.0
30091000,30091000,-0.00010851346,-0.0037054769,-0.0012202613,0.6125642,0.0,0.0,0.0,-1.0
30139000,30139000,0.0009241733,0.0038064723,0.00045532075,0.6130893,0.0,0.0,0.0,-1.0
30191000,30191000,-0.0011453251,-0.0025631578,0.00093194173,0.612424,0.0,0.0,0.0,-1.0
30243000,30243000,0.0017973636,0.0014370687,-0.0003890817,0.61183095,0.0,0.0,0.0,-1.0
30291000,30291000,-0.0013068963,0.00020468468,-0.0012936963,0.6126426,0.0,0.0,0.0,-1.0
30343000,30343000,-2.826887e-05,-0.0003533557,-9.988006e-05,0.6132519,0.0,0.0,0.0,-1.0
30391000,30391000,-0.00080631755,-0.00079534354,0.0008380113,0.61363363,0.0,0.0,0.0,-1.0
30443000,30443000,0.0012233835,-0.00020154723,-0.00048978545,0.61343974,0.0,0.0,0.0,-1.0
30490000,30490000,0.0022971518,-0.0033663588,0.0006807378,0.6130234,0.0,0.0,0.0,-1.0
30538000,30538000,-6.678724e-05,0.0004953106,0.00025426177,0.6132518,0.0,0.0,0.0,-1.0
30590000,30590000,0.0013025419,0.0007915191,9.13919e-05,0.6144176,0.0,0.0,0.0,-1.0
30642000,30642000,-0.0004902119,-0.0005644574,0.0009750605,0.61489284,0.0,0.0,0.0,-1.0
30690000,30690000,0.00029053653,-0.0002530588,-1.1079454e-05,0.6156368,0.0,0.0,0.0,-1.0
30742000,30742000,-0.0006711483,-0.0015080763,-0.00076530804,0.6153165,0.0,0.0,0.0,-1.0
30790000,30790000,-0.0023639894,0.0010789547,0.00011084641,0.61559415,0.0,0.0,0.0,-1.0
30838000,30838000,5.4093136e-05,-0.00012595,0.000590144,0.6160162,0.0,0.0,0.0,-1.0
30890000,30890000,0.00034986166,0.0003178403,-0.00045392,0.6165465,0.0,0.0,0.0,-1.0
30942000,30942000,0.0016332733,-0.0001681514,0.001049283,0.61721545,0.0,0.0,0.0,-1.0
30987000,30987000,-0.0011916128,-0.000361135,-0.00031090362,0.6178926,0.0,0.0,0.0,-1.0
31039000,31039000,0.0018596039,-0.0013007806,-0.00032490856,0.6181346,0.0,0.0,0.0,-1.0
31091000,31091000,6.711032e-05,-0.0031286809,0.0005268158,0.61941737,0.0,0.0,0.0,-1.0
31139000,31139000,-0.0003191755,-0.0006745534,-0.00046223728,0.62084544,0.0,0.0,0.0,-1.0
31187000,31187000,-0.0016244564,-0.0019442481,-0.00063730846,0.6210985,0.0,0.0,0.0,-1.0
31239000,31239000,-0.00033235014,0.0018367373,0.0007101148,0.62265277,0.0,0.0,0.0,-1.0
31291000,31291000,0.0007969396,0.00052512385,0.001200026,0.6224613,0.0,0.0,0.0,-1.0
31343000,31343000,0.000866671,5.8869686e-05,0.001011756,0.6228161,0.0,0.0,0.0,-1.0
31391000,31391000,0.0005325247,0.00068490696,-0.0005365349,0.6229496,0.0,0.0,0.0,-1.0
31439000,31439000,-0.0006403172,0.00062364433,0.00021190397,0.6227183,0.0,0.0,0.0,-1.0
31489000,31489000,0.00050795544,0.0029743419,0.0015891984,0.6227253,0.0,0.0,0.0,-1.0
31541000,31541000,-0.0034936648,0.00047817567,0.0011217211,0.6228796,0.0,0.0,0.0,-1.0
31590000,31590000,0.0027317307,0.0011970461,0.00080156425,0.62259746,0.0,0.0,0.0,-1.0
31642000,31642000,0.0040396173,-0.0020037026,0.00071668637,0.622627,0.0,0.0,0.0,-1.0
31690000,31690000,0.001992884,0.0016268004,0.000872021,0.62309265,0.0,0.0,0.0,-1.0
31742000,31742000,-2.6938913e-05,0.0020317312,0.0005183922,0.6229833,0.0,0.0,0.0,-1.0
31790000,31790000,0.0008048587,-0.0011617511,-4.757642e-05,0.6235731,0.0,0.0,0.0,-1.0
31842000,31842000,-0.0008047659,-0.0021356798,0.0002767682,0.62479705,0.0,0.0,0.0,-1.0
31892000,31892000,-0.00085239357,0.0028356044,0.00044769252,0.62599224,0.0,0.0,0.0,-1.0
31940000,31940000,-0.00056314573,-0.0010305174,0.00072128006,0.6264929,0.0,0.0,0.0,-1.0
31993000,31993000,0.00021081977,-0.0010468734,0.00055010413,0.6260096,0.0,0.0,0.0,-1.0
32041000,32041000,-4.939927e-05,0.0017581419,0.0003973647,0.6254663,0.0,0.0,0.0,-1.0
32089000,32089000,0.0014247352,-0.00038181717,-0.0006474809,0.62533027,0.0,0.0,0.0,-1.0
32141000,32141000,0.0030329102,0.0027320867,-0.0005117619,0.624398,0.0,0.0,0.0,-1.0
32193000,32193000,-0.0017796843,-0.0016085451,-0.00031499343,0.6239487,0.0,0.0,0.0,-1.0
32241000,32241000,-0.00047277886,0.0011507154,0.0005373612,0.6242058,0.0,0.0,0.0,-1.0
32293000,32293000,-0.00046037487,0.0005992778,-0.00049968663,0.6236915,0.0,0.0,0.0,-1.0
32338000,32338000,-0.0003843625,-0.00037151616,-0.0002203451,0.6234173,0.0,0.0,0.0,-1.0
32390000,32390000,0.0010476178,-9.439445e-05,-0.0004690798,0.6223581,0.0,0.0,0.0,-1.0
32442000,32442000,0.0014864088,0.0011573195,0.00042649172,0.62204325,0.0,0.0,0.0,-1.0
32491000,32491000,-0.0025860623,0.0015760302,-0.00048783916,0.6232755,0.0,0.0,0.0,-1.0
32543000,32543000,0.0013470576,0.001446281,-8.6112464e-05,0.62434477,0.0,0.0,0.0,-1.0
32591000,32591000,-0.0012455868,-0.00028444553,0.00029345416,0.62551,0.0,0.0,0.0,-1.0
32643000,32643000,0.0030807708,-0.00018984565,-0.0010035946,0.62637436,0.0,0.0,0.0,-1.0
32691000,32691000,-5.6604244e-05,-0.0023684253,-0.0010617769,0.62663895,0.0,0.0,0.0,-1.0
32740000,32740000,-0.00035083326,0.0003453227,0.00061730493,0.6271933,0.0,0.0,0.0,-1.0
32792000,32792000,-0.0012346135,-0.0020757779,-0.000659139,0.6270388,0.0,0.0,0.0,-1.0
32840000,32840000,-0.00044173852,-0.0013213826,0.0009657655,0.62737465,0.0,0.0,0.0,-1.0
32893000,32893000,-0.000665738,0.0011350843,0.00075976626,0.6280832,0.0,0.0,0.0,-1.0
32941000,32941000,-0.0010262927,0.0010926204,0.00019728996,0.6283681,0.0,0.0,0.0,-1.0
32988000,32988000,-0.0004344118,-0.0018231976,-0.0002666746,0.6279376,0.0,0.0,0.0,-1.0
33041000,33041000,-0.0028676009,0.0005208163,-0.0007567267,0.6279294,0.0,0.0,0.0,-1.0
33093000,33093000,-0.00038957162,0.001475028,0.00017326079,0.6287646,0.0,0.0,0.0,-1.0
33141000,33141000,-0.001964081,-0.0012943259,-0.0003325209,0.6287568,0.0,0.0,0.0,-1.0
33193000,33193000,-0.0009563954,0.0010404752,0.00065761904,0.62856674,0.0,0.0,0.0,-1.0
33242000,33242000,-0.0014305371,-0.0026019206,-0.0003517058,0.62914026,0.0,0.0,0.0,-1.0
33290000,33290000,-0.0014720816,-0.0009189245,0.00013359933,0.62837005,0.0,0.0,0.0,-1.0
33342000,33342000,0.0011623235,0.0013493156,-0.0008358963,0.6282497,0.0,0.0,0.0,-1.0
33390000,33390000,0.0019292455,0.00092215487,-0.000618555,0.628043,0.0,0.0,0.0,-1.0
33439000,33439000,-0.0010216533,-0.0007405978,-0.0010501164,0.6271856,0.0,0.0,0.0,-1.0
33490000,33490000,-0.00095558487,0.0018020817,0.00028919242,0.62724257,0.0,0.0,0.0,-1.0
33538000,33538000,-0.00026521896,0.00021331018,-0.001127858,0.62740916,0.0,0.0,0.0,-1.0
33590000,33590000,0.00037516945,0.000825506,-0.00031647095,0.6286076,0.0,0.0,0.0,-1.0
33638000,33638000,0.002496057,-0.002143416,-0.00019190685,0.6292678,0.0,0.0,0.0,-1.0
33690000,33690000,-0.0016892478,0.001898789,-0.00017094964,0.62936515,0.0,0.0,0.0,-1.0
33742000,33742000,0.0013236321,-0.0014176407,-0.0006845241,0.62937367,0.0,0.0,0.0,-1.0
33791000,33791000,-0.0006137933,0.003920925,0.00086754136,0.6286115,0.0,0.0,0.0,-1.0
33843000,33843000,-0.0014537007,-0.0040094513,-0.0004947881,0.6284256,0.0,0.0,0.0,-1.0
33891000,33891000,-0.0020549337,0.0015298446,6.857562e-05,0.6282881,0.0,0.0,0.0,-1.0
33943000,33943000,-0.0023456416,-0.0020801842,0.00011701645,0.6284327,0.0,0.0,0.0,-1.0
33990000,33990000,-0.0007923399,0.003395761,-0.00017863787,0.62925035,0.0,0.0,0.0,-1.0
34042000,34042000,-0.001057751,-0.0012809034,-0.00040766507,0.62879056,0.0,0.0,0.0,-1.0
34090000,34090000,0.00093447574,-0.000494246,-0.00022172714,0.62914115,0.0,0.0,0.0,-1.0
34142000,34142000,0.001475719,-0.0027369035,-0.0015635701,0.6287708,0.0,0.0,0.0,-1.0
34190000,34190000,0.0013915831,0.003450069,-0.00020964224,0.6287097,0.0,0.0,0.0,-1.0
34242000,34242000,0.00030301366,-0.0024124612,0.0007833953,0.62856656,0.0,0.0,0.0,-1.0
34286000,34286000,-0.00083608757,0.0024248566,0.00038287923,0.6286466,0.0,0.0,0.0,-1.0
34342000,34342000,0.000618462,-0.0016300305,0.00074627326,0.6295632,0.0,0.0,0.0,-1.0
34386000,34386000,-0.0032457288,0.00038046838,-0.00039355486,0.6296678,0.0,0.0,0.0,-1.0
34442000,34442000,-8.727097e-05,0.0009938658,-0.0004919787,0.6303157,0.0,0.0,0.0,-1.0
34486000,34486000,-0.0029145067,-0.00015283318,0.0005471833,0.62913966,0.0,0.0,0.0,-1.0
34543000,34543000,-0.0008404649,0.0014611534,0.0006695711,0.6293299,0.0,0.0,0.0,-1.0
34591000,34591000,-0.0013700932,-0.0017366656,-4.5287397e-05,0.62948954,0.0,0.0,0.0,-1.0
34643000,34643000,0.0019902366,0.0033665085,0.00013566425,0.62947255,0.0,0.0,0.0,-1.0
34691000,34691000,-0.0007126555,-0.0011243811,0.00011570053,0.628896,0.0,0.0,0.0,-1.0
34739000,34739000,0.0027769697,0.0016709383,-3.5304502e-06,0.62781197,0.0,0.0,0.0,-1.0
34787000,34787000,0.0010675748,-0.00044339252,0.0013079657,0.62670666,0.0,0.0,0.0,-1.0
34840000,34840000,-0.00076439127,-0.00013690587,-0.00045015852,0.6258213,0.0,0.0,0.0,-1.0
34892000,34892000,-0.0015592937,-0.00015166786,0.00082363794,0.6251451,0.0,0.0,0.0,-1.0
34940000,34940000,-0.0018004186,0.00215209,0.00037593895,0.6247751,0.0,0.0,0.0,-1.0
34991000,34991000,0.0014460223,-0.0029983753,-0.00021304695,0.62529194,0.0,0.0,0.0,-1.0
35039000,35039000,-0.00023976606,0.0012838633,0.0009427221,0.62539154,0.0,0.0,0.0,-1.0
35091000,35091000,-0.0002472404,9.207068e-05,0.00023719222,0.62641793,0.0,0.0,0.0,-1.0
35143000,35143000,-0.002231797,0.0010307046,0.0013685925,0.6268857,0.0,0.0,0.0,-1.0
35188000,35188000,6.8106805e-05,-0.0029834947,-0.00012618919,0.6269394,0.0,0.0,0.0,-1.0
35237000,35237000,4.616799e-05,0.0007226449,-0.0012062339,0.62707675,0.0,0.0,0.0,-1.0
35293000,35293000,0.0009319171,-0.0006504044,-0.0005011462,0.62765926,0.0,0.0,0.0,-1.0
35341000,35341000,-0.00043116807,0.0017560564,0.00013046306,0.6273217,0.0,0.0,0.0,-1.0
35393000,35393000,0.00087204063,-0.0012169478,0.00091935176,0.6272366,0.0,0.0,0.0,-1.0
35441000,35441000,0.0018876313,-0.0033046002,-0.0006651585,0.6268235,0.0,0.0,0.0,-1.0
35490000,35490000,-0.00088086375,9.858534e-05,-0.00028206443,0.62776375,0.0,0.0,0.0,-1.0
35538000,35538000,-0.0007781915,0.000339531,0.0005310019,0.627563,0.0,0.0,0.0,-1.0
35586000,35586000,-0.0006226103,-0.0021377853,-0.0008189807,0.6271632,0.0,0.0,0.0,-1.0
35639000,35639000,-0.0009056938,0.0017158608,-0.0012632535,0.6268323,0.0,0.0,0.0,-1.0
35691000,35691000,-0.0029618032,-0.0003511997,-4.364081e-05,0.62745476,0.0,0.0,0.0,-1.0
35743000,35743000,0.0011675201,-0.0014077334,0.00023916518,0.6279599,0.0,0.0,0.0,-1.0
35792000,35792000,-0.00051375,-0.0001365209,0.000922227,0.62843704,0.0,0.0,0.0,-1.0
35840000,35840000,-3.3689663e-05,0.0010443768,4.122634e-05,0.62840533,0.0,0.0,0.0,-1.0
35892000,35892000,0.0026485324,-0.002209464,-0.00047291117,0.6284241,0.0,0.0,0.0,-1.0
35940000,35940000,-0.0012658221,0.00090086326,0.0015112626,0.6279754,0.0,0.0,0.0,-1.0
35990000,35990000,-0.0015438407,0.00017736286,-0.0007319785,0.62843484,0.0,0.0,0.0,-1.0
36040000,36040000,0.0018916526,-0.0018926356,-0.00057480833,0.6279421,0.0,0.0,0.0,-1.0
36092000,36092000,0.0016305085,-0.00035139627,0.00031021851,0.6283013,0.0,0.0,0.0,-1.0
36140000,36140000,-0.0012787424,0.0013502545,0.00021838541,0.6292796,0.0,0.0,0.0,-1.0
36194000,36194000,0.0002925775,-0.0011835329,-0.0004987579,0.63031137,0.0,0.0,0.0,-1.0
36242000,36242000,0.0010794181,-0.00088727113,7.012121e-05,0.6323259,0.0,0.0,0.0,-1.0
36290000,36290000,0.0019522028,0.00084505446,-0.00019575939,0.6317529,0.0,0.0,0.0,-1.0
36343000,36343000,-0.001242147,0.0001334878,-0.00065391045,0.63150096,0.0,0.0,0.0,-1.0
36391000,36391000,-0.00092750293,0.0017703769,0.00036256108,0.63058704,0.0,0.0,0.0,-1.0
36440000,36440000,0.0013806359,-0.0011103956,-6.4673004e-05,0.629912,0.0,0.0,0.0,-1.0
36490000,36490000,0.0011840181,-0.0009367252,0.00032579104,0.62984014,0.0,0.0,0.0,-1.0
36543000,36543000,0.0010540371,-0.0005831452,-0.00042014607,0.6290269,0.0,0.0,0.0,-1.0
36591000,36591000,-5.8834907e-05,0.0023193157,-0.0013812691,0.62854594,0.0,0.0,0.0,-1.0
36643000,36643000,0.00048400834,-0.002727182,0.0006900969,0.62858796,0.0,0.0,0.0,-1.0
36691000,36691000,-0.0005387985,0.0013579319,2.4671812e-05,0.62894624,0.0,0.0,0.0,-1.0
36743000,36743000,-0.00062796357,0.0021735886,0.00020888199,0.6289941,0.0,0.0,0.0,-1.0
36791000,36791000,0.0024611978,-0.00024239777,9.439882e-05,0.62736225,0.0,0.0,0.0,-1.0
36843000,36843000,-0.00081570516,0.0023487878,0.00040176103,0.62735736,0.0,0.0,0.0,-1.0
36887000,36887000,0.00014896304,0.00017771812,0.00015843904,0.627823,0.0,0.0,0.0,-1.0
36943000,36943000,-0.0009780787,-0.0023198812,-0.00023866454,0.6274441,0.0,0.0,0.0,-1.0
36993000,36993000,0.00079045526,0.0071263006,-0.0005516021,0.6274913,0.0,0.0,0.0,-1.0
37041000,37041000,-0.0020189488,-0.0014289558,0.00042672447,0.62753624,0.0,0.0,0.0,-1.0
37090000,37090000,0.004501064,0.00042952015,-0.001197792,0.6278736,0.0,0.0,0.0,-1.0
37142000,37142000,-0.000272855,-0.0024917787,-0.00055428175,0.62771505,0.0,0.0,0.0,-1.0
37190000,37190000,-0.0004091526,0.0027998204,-0.00085173274,0.62785476,0.0,0.0,0.0,-1.0
37242000,37242000,0.0010793118,-0.0010254341,-0.00012401403,0.62830883,0.0,0.0,0.0,-1.0
37290000,37290000,-0.0010598523,0.0012867384,-0.000140732,0.62944716,0.0,0.0,0.0,-1.0
37342000,37342000,0.0022954552,-0.0011312786,-0.00049398304,0.6298429,0.0,0.0,0.0,-1.0
37390000,37390000,0.0005697493,-0.0006605856,-0.00019025595,0.6294719,0.0,0.0,0.0,-1.0
37442000,37442000,-0.00023377886,0.0027709154,0.00019670668,0.6294478,0.0,0.0,0.0,-1.0
37492000,37492000,-0.001410609,-0.0006339705,-8.059828e-05,0.6287245,0.0,0.0,0.0,-1.0
37540000,37540000,0.0008789627,0.00186014,-0.0011111046,0.62894374,0.0,0.0,0.0,-1.0
37592000,37592000,0.0010014891,-0.004029163,-3.1657022e-05,0.62886024,0.0,0.0,0.0,-1.0
37641000,37641000,-0.0011880464,0.0015869207,-0.000325899,0.6284536,0.0,0.0,0.0,-1.0
37689000,37689000,0.0011449772,0.0022807636,-0.000608559,0.6278582,0.0,0.0,0.0,-1.0
37742000,37742000,0.0008919109,0.0022365286,-0.0007768315,0.6290822,0.0,0.0,0.0,-1.0
37790000,37790000,0.0009143435,0.00050590606,0.00012483992,0.62947077,0.0,0.0,0.0,-1.0
37842000,37842000,0.0030278591,0.003957755,-0.00017579453,0.6289186,0.0,0.0,0.0,-1.0
37891000,37891000,-8.755637e-05,-0.004252781,-0.0007086414,0.6282028,0.0,0.0,0.0,-1.0
37943000,37943000,0.0012064457,0.00013118488,0.0008802063,0.62834597,0.0,0.0,0.0,-1.0
37990000,37990000,-0.0008539747,0.001526747,-0.00017537521,0.6283445,0.0,0.0,0.0,-1.0
38038000,38038000,2.6548892e-05,0.003252347,-1.9698713e-05,0.62888706,0.0,0.0,0.0,-1.0
38090000,38090000,-0.0018671143,-0.0010715586,-0.00053783215,0.6285624,0.0,0.0,0.0,-1.0
38142000,38142000,0.0028930255,0.00010916916,0.00028217828,0.6280181,0.0,0.0,0.0,-1.0
38191000,38191000,-0.00028613512,0.0017019431,4.471876e-05,0.6281308,0.0,0.0,0.0,-1.0
38240000,38240000,0.0016579685,-0.0004870695,-0.00021855877,0.62823445,0.0,0.0,0.0,-1.0
38293000,38293000,0.00020287246,6.509705e-05,0.00085604395,0.6283844,0.0,0.0,0.0,-1.0
38342000,38342000,-0.00033802987,-5.9996237e-05,-0.00054562045,0.6279656,0.0,0.0,0.0,-1.0
38390000,38390000,0.0018125537,0.00021615945,0.0013748069,0.627445,0.0,0.0,0.0,-1.0
38439000,38439000,0.002306989,-0.000316626,-0.0004675688,0.6277546,0.0,0.0,0.0,-1.0
38491000,38491000,-0.0018662333,0.0008729041,0.0010706076,0.62839437,0.0,0.0,0.0,-1.0
38543000,38543000,-8.719486e-06,-0.0015306794,-0.0006716113,0.6292475,0.0,0.0,0.0,-1.0
38591000,38591000,-3.3839926e-05,0.0008989952,-0.00013443713,0.629551,0.0,0.0,0.0,-1.0
38643000,38643000,0.0003691418,0.0013171094,-0.0008781723,0.6299501,0.0,0.0,0.0,-1.0
38691000,38691000,-0.0007169192,-0.0011827147,-0.0004129764,0.6290899,0.0,0.0,0.0,-1.0
38743000,38743000,-0.00039189387,-0.002427725,-0.00081370864,0.62873864,0.0,0.0,0.0,-1.0
38791000,38791000,-0.0009975134,0.0018335029,0.0005942143,0.62887764,0.0,0.0,0.0,-1.0
38840000,38840000,-0.0013068933,-0.004524936,0.0005879937,0.6287923,0.0,0.0,0.0,-1.0
38893000,38893000,0.0026038284,0.002432678,-0.00013678266,0.6287761,0.0,0.0,0.0,-1.0
38938000,38938000,-0.0016133606,0.0003655731,-0.0014071753,0.6283397,0.0,0.0,0.0,-1.0
38992000,38992000,0.014667181,-0.013252995,0.0012049946,0.6286061,0.0,0.0,0.0,-1.0
39040000,39040000,0.22430772,-0.23402661,0.015507828,0.65146714,0.0,0.0,0.0,-1.0
39088000,39088000,0.35702956,-0.31782514,0.04577941,0.69933647,0.0,0.0,0.0,-1.0
39140000,39140000,0.45584136,-0.41242382,0.07489869,0.7818595,0.0,0.0,0.0,-1.0
39189000,39189000,0.5526944,-0.45620757,0.09668218,0.8960525,0.0,0.0,0.0,-1.0
39241000,39241000,0.6893419,-0.45253587,0.11530638,1.0,0.0,0.0,0.0,-1.0
39293000,39293000,0.84171134,-0.46758774,0.13258475,1.0,0.0,0.0,0.0,-1.0
39338000,39338000,0.9796479,-0.4759005,0.1461453,1.0,0.0,0.0,0.0,-1.0
39390000,39390000,1.0421114,-0.478654,0.15650272,1.0,0.0,0.0,0.0,-1.0
39438000,39438000,1.0637493,-0.47667608,0.16630031,1.0,0.0,0.0,0.0,-1.0
39492000,39492000,1.0899527,-0.46110028,0.1729055,1.0,0.0,0.0,0.0,-1.0
39540000,39540000,1.0859549,-0.45960388,0.17930523,1.0,0.0,0.0,0.0,-1.0
39592000,39592000,1.0752653,-0.4514971,0.18411735,1.0,0.0,0.0,0.0,-1.0
39640000,39640000,1.0568737,-0.438335,0.18820131,1.0,0.0,0.0,0.0,-1.0
39693000,39693000,1.019818,-0.42796886,0.19267493,1.0,0.0,0.0,0.0,-1.0
39741000,39741000,0.97447795,-0.41139042,0.19565913,1.0,0.0,0.0,0.0,-1.0
39790000,39790000,0.92281324,-0.39855483,0.20392066,1.0,0.0,0.0,0.0,-1.0
39838000,39838000,0.8655857,-0.377751,0.21117169,1.0,0.0,0.0,0.0,-1.0
39891000,39891000,0.7845562,-0.35525754,0.22368346,1.0,0.0,0.0,0.0,-1.0
39943000,39943000,0.6947226,-0.32453442,0.2430281,1.0,0.0,0.0,0.0,-1.0
39990000,39990000,0.5845413,-0.29468518,0.26572585,1.0,0.0,0.0,0.0,-1.0
40042000,40042000,0.47693586,-0.26416308,0.2977286,1.0,0.0,0.0,0.0,-1.0
40090000,40090000,0.35109982,-0.21829736,0.3388743,1.0,0.0,0.0,0.0,-1.0
40142000,40142000,0.2259061,-0.17724304,0.3911627,1.0,0.0,0.0,0.0,-1.0
40190000,40190000,0.16855411,-0.18011758,0.4477015,1.0,0.0,0.0,0.0,-1.0
40242000,40242000,0.1343905,-0.18598314,0.5183449,1.0,0.0,0.0,0.0,-1.0
40290000,40290000,0.113665834,-0.19368346,0.586931,1.0,0.0,0.0,0.0,-1.0
40342000,40342000,0.107688524,-0.2039391,0.6640314,1.0,0.0,0.0,0.0,-1.0
40390000,40390000,0.115394615,-0.21457697,0.73626673,1.0,0.0,0.0,0.0,-1.0
40443000,40443000,0.13457745,-0.22347517,0.8115504,1.0,0.0,0.0,0.0,-1.0
40487000,40487000,0.16450803,-0.22736819,0.8697915,1.0,0.0,0.0,0.0,-1.0
40543000,40543000,0.11196667,-0.23407644,0.9402923,1.0,0.0,0.0,0.0,-1.0
40591000,40591000,0.09925252,-0.23833291,0.99543595,1.0,0.0,0.0,0.0,-1.0
40643000,40643000,0.14903891,-0.261216,1.0495101,1.0,0.0,0.0,0.0,-1.0
40691000,40691000,0.19750884,-0.28317815,1.1010101,1.0,0.0,0.0,0.0,-1.0
40743000,40743000,0.24426797,-0.30519703,1.1409417,1.0,0.0,0.0,0.0,-1.0
40791000,40791000,0.28918287,-0.32368833,1.1594032,1.0,0.0,0.0,0.0,-1.0
40839000,40839000,0.32419193,-0.3392598,1.1768435,1.0,0.0,0.0,0.0,-1.0
40887000,40887000,0.35600647,-0.3548886,1.1934149,1.0,0.0,0.0,0.0,-1.0
40939000,40939000,0.3858357,-0.3676938,1.2104281,1.0,0.0,0.0,0.0,-1.0
40987000,40987000,0.4068779,-0.38165662,1.2236922,1.0,0.0,0.0,0.0,-1.0
41043000,41043000,0.28079543,-0.31030127,1.0303141,1.0,0.0,0.0,0.0,-1.0
41091000,41091000,0.3137182,-0.32298476,1.0029078,1.0,0.0,0.0,0.0,-1.0
41139000,41139000,0.31323734,-0.3171423,1.0017722,1.0,0.0,0.0,0.0,-1.0
41191000,41191000,0.31384313,-0.31192622,1.0011673,1.0,0.0,0.0,0.0,-1.0
41243000,41243000,0.31246546,-0.31096548,1.0018964,1.0,0.0,0.0,0.0,-1.0
41290000,41290000,0.31279474,-0.3104774,1.001641,1.0,0.0,0.0,0.0,-1.0
41323000,41323000,0.31114545,-0.3078114,1.0023131,1.0,0.0,0.0,0.0,-1.0
41387000,41387000,0.31492797,-0.3033901,1.0006696,1.0,0.0,0.0,0.0,-1.0
41443000,41443000,0.31291184,-0.30564007,1.0007262,1.0,0.0,0.0,0.0,-1.0
41491000,41491000,0.3173059,-0.30331478,1.0005356,1.0,0.0,0.0,0.0,-1.0
41543000,41543000,0.31584734,-0.3007184,0.9994314,1.0,0.0,0.0,0.0,-1.0
41591000,41591000,0.31921625,-0.30033123,1.0000453,1.0,0.0,0.0,0.0,-1.0
41640000,41640000,0.31857735,-0.30001554,1.0002246,1.0,0.0,0.0,0.0,-1.0
41692000,41692000,0.32006326,-0.29857957,0.9998419,1.0,0.0,0.0,0.0,-1.0
41740000,41740000,0.31894425,-0.29828057,1.0000811,1.0,0.0,0.0,0.0,-1.0
41792000,41792000,0.32115147,-0.29843268,1.0001547,1.0,0.0,0.0,0.0,-1.0
41840000,41840000,0.31788388,-0.29728135,1.0003691,1.0,0.0,0.0,0.0,-1.0
41892000,41892000,0.32140723,-0.29837915,0.9999088,1.0,0.0,0.0,0.0,-1.0
41940000,41940000,0.32324055,-0.29850364,1.0004585,1.0,0.0,0.0,0.0,-1.0
41986000,41986000,0.3246279,-0.29537216,0.99969983,1.0,0.0,0.0,0.0,-1.0
42039000,42039000,0.32581204,-0.296644,0.99870944,1.0,0.0,0.0,0.0,-1.0
42091000,42091000,0.32459077,-0.29343492,0.9993744,1.0,0.0,0.0,0.0,-1.0
42143000,42143000,0.32851696,-0.2966295,0.99882835,1.0,0.0,0.0,0.0,-1.0
42191000,42191000,0.3261836,-0.2948019,0.99929637,1.0,0.0,0.0,0.0,-1.0
42236000,42236000,0.3280873,-0.2958546,0.99908864,1.0,0.0,0.0,0.0,-1.0
42292000,42292000,0.32918143,-0.29533938,0.99930656,1.0,0.0,0.0,0.0,-1.0
42340000,42340000,0.33146697,-0.29334855,1.000282,1.0,0.0,0.0,0.0,-1.0
42392000,42392000,0.3324377,-0.29457432,0.9995921,1.0,0.0,0.0,0.0,-1.0
42440000,42440000,0.3330709,-0.29613027,0.9994502,1.0,0.0,0.0,0.0,-1.0
42492000,42492000,0.32882708,-0.29364562,1.0008411,1.0,0.0,0.0,0.0,-1.0
42540000,42540000,0.3294116,-0.29170468,0.9989667,1.0,0.0,0.0,0.0,-1.0
42592000,42592000,0.33004412,-0.29379132,0.99987006,1.0,0.0,0.0,0.0,-1.0
42640000,42640000,0.32785988,-0.29046297,0.99967915,1.0,0.0,0.0,0.0,-1.0
42693000,42693000,0.3284666,-0.29145843,0.99957824,1.0,0.0,0.0,0.0,-1.0
42737000,42737000,0.32643282,-0.29353306,1.0003245,1.0,0.0,0.0,0.0,-1.0
42793000,42793000,0.32807353,-0.29121518,1.0000252,1.0,0.0,0.0,0.0,-1.0
42842000,42842000,0.32758752,-0.2925886,1.0006523,1.0,0.0,0.0,0.0,-1.0
42887000,42887000,0.3284713,-0.2959253,1.0007432,1.0,0.0,0.0,0.0,-1.0
42943000,42943000,0.32756066,-0.29232126,1.0002435,1.0,0.0,0.0,0.0,-1.0
42991000,42991000,0.3241345,-0.29405177,1.0008007,1.0,0.0,0.0,0.0,-1.0
43040000,43040000,0.324668,-0.29653195,1.0003071,1.0,0.0,0.0,0.0,-1.0
43092000,43092000,0.32438964,-0.29318833,0.999852,1.0,0.0,0.0,0.0,-1.0
43140000,43140000,0.32715276,-0.29284042,0.99925154,1.0,0.0,0.0,0.0,-1.0
43193000,43193000,0.32532215,-0.294019,0.9997481,1.0,0.0,0.0,0.0,-1.0
43237000,43237000,0.32573235,-0.29393756,1.0008099,1.0,0.0,0.0,0.0,-1.0
43293000,43293000,0.32513765,-0.29298142,1.0009286,1.0,0.0,0.0,0.0,-1.0
43341000,43341000,0.3279736,-0.29457602,0.9986306,1.0,0.0,0.0,0.0,-1.0
43386000,43386000,0.32531622,-0.29395086,0.99945533,1.0,0.0,0.0,0.0,-1.0
43442000,43442000,0.3241586,-0.2948946,0.9986711,1.0,0.0,0.0,0.0,-1.0
43489000,43489000,0.3243621,-0.2938625,0.9986801,1.0,0.0,0.0,0.0,-1.0
43541000,43541000,0.322482,-0.2960967,0.9996645,1.0,0.0,0.0,0.0,-1.0
43593000,43593000,0.3239154,-0.294325,0.9995124,1.0,0.0,0.0,0.0,-1.0
43641000,43641000,0.3262778,-0.2959899,0.9992726,1.0,0.0,0.0,0.0,-1.0
43690000,43690000,0.3245742,-0.29366055,0.9995847,1.0,0.0,0.0,0.0,-1.0
43742000,43742000,0.32483894,-0.29460266,0.99915403,1.0,0.0,0.0,0.0,-1.0
43790000,43790000,0.32679093,-0.2933753,1.0010033,1.0,0.0,0.0,0.0,-1.0
43843000,43843000,0.3263609,-0.29847637,1.0010434,1.0,0.0,0.0,0.0,-1.0
43891000,43891000,0.32512388,-0.29415122,1.0009093,1.0,0.0,0.0,0.0,-1.0
43943000,43943000,0.32492584,-0.29395553,1.0003321,1.0,0.0,0.0,0.0,-1.0
43992000,43992000,0.3254688,-0.295287,0.9993635,1.0,0.0,0.0,0.0,-1.0
44040000,44040000,0.32254001,-0.29607037,0.9995532,1.0,0.0,0.0,0.0,-1.0
44092000,44092000,0.32563704,-0.29788727,0.9999638,1.0,0.0,0.0,0.0,-1.0
44140000,44140000,0.32289279,-0.2970309,0.99924123,1.0,0.0,0.0,0.0,-1.0
44192000,44192000,0.32391673,-0.2949392,0.9995219,1.0,0.0,0.0,0.0,-1.0
44237000,44237000,0.32285455,-0.29637837,0.99918526,1.0,0.0,0.0,0.0,-1.0
44289000,44289000,0.3248867,-0.2966932,0.99898237,1.0,0.0,0.0,0.0,-1.0
44337000,44337000,0.32125282,-0.29643843,1.0006018,1.0,0.0,0.0,0.0,-1.0
44393000,44393000,0.32218015,-0.29777458,0.9981668,1.0,0.0,0.0,0.0,-1.0
44441000,44441000,0.324124,-0.2961683,1.0003878,1.0,0.0,0.0,0.0,-1.0
44486000,44486000,0.3252809,-0.29590073,0.9999213,1.0,0.0,0.0,0.0,-1.0
44538000,44538000,0.32325217,-0.2964398,0.9997742,1.0,0.0,0.0,0.0,-1.0
44591000,44591000,0.32292345,-0.2957816,0.99999374,1.0,0.0,0.0,0.0,-1.0
44643000,44643000,0.32653654,-0.2963899,1.0000226,1.0,0.0,0.0,0.0,-1.0
44691000,44691000,0.3266608,-0.29621914,0.99971825,1.0,0.0,0.0,0.0,-1.0
44740000,44740000,0.32457227,-0.29774517,1.0001087,1.0,0.0,0.0,0.0,-1.0
44792000,44792000,0.32544747,-0.29688364,0.9998833,1.0,0.0,0.0,0.0,-1.0
44840000,44840000,0.32223174,-0.2963968,0.99891496,1.0,0.0,0.0,0.0,-1.0
44888000,44888000,0.32512623,-0.29622346,0.99942565,1.0,0.0,0.0,0.0,-1.0
44940000,44940000,0.32217374,-0.29507938,0.9992548,1.0,0.0,0.0,0.0,-1.0
44987000,44987000,0.32342696,-0.29789984,0.99883884,1.0,0.0,0.0,0.0,-1.0
45043000,45043000,0.32369485,-0.2968348,0.99851704,1.0,0.0,0.0,0.0,-1.0
45088000,45088000,0.32327914,-0.29578942,1.0008572,1.0,0.0,0.0,0.0,-1.0
45136000,45136000,0.32574877,-0.2958064,1.0006843,1.0,0.0,0.0,0.0,-1.0
45192000,45192000,0.324028,-0.29591104,0.9987957,1.0,0.0,0.0,0.0,-1.0
45240000,45240000,0.32399976,-0.2963797,0.9998354,1.0,0.0,0.0,0.0,-1.0
45293000,45293000,0.32341665,-0.29538366,0.99943465,1.0,0.0,0.0,0.0,-1.0
45341000,45341000,0.32232782,-0.29676148,1.0004866,1.0,0.0,0.0,0.0,-1.0
45390000,45390000,0.32110795,-0.29411772,0.998512,1.0,0.0,0.0,0.0,-1.0
45442000,45442000,0.32417768,-0.2963301,1.0007728,1.0,0.0,0.0,0.0,-1.0
45491000,45491000,0.32240367,-0.29597035,1.0000072,1.0,0.0,0.0,0.0,-1.0
45543000,45543000,0.32453668,-0.29723164,0.9989814,1.0,0.0,0.0,0.0,-1.0
45591000,45591000,0.32225224,-0.29650867,1.0000986,1.0,0.0,0.0,0.0,-1.0
45643000,45643000,0.32621646,-0.29443234,0.99878496,1.0,0.0,0.0,0.0,-1.0
45691000,45691000,0.3247714,-0.29531974,0.99976206,1.0,0.0,0.0,0.0,-1.0
45740000,45740000,0.3239393,-0.29767033,1.0002148,1.0,0.0,0.0,0.0,-1.0
45792000,45792000,0.3216548,-0.29631925,0.99932694,1.0,0.0,0.0,0.0,-1.0
45840000,45840000,0.32381698,-0.29655966,0.99997205,1.0,0.0,0.0,0.0,-1.0
45892000,45892000,0.32125542,-0.29483885,0.9991946,1.0,0.0,0.0,0.0,-1.0
45941000,45941000,0.32491153,-0.29789516,1.0001676,1.0,0.0,0.0,0.0,-1.0
45993000,45993000,0.32270578,-0.29540628,1.000536,1.0,0.0,0.0,0.0,-1.0
46043000,46043000,0.32537916,-0.2962063,1.0002246,1.0,0.0,0.0,0.0,-1.0
46091000,46091000,0.32336897,-0.29972348,1.0003376,1.0,0.0,0.0,0.0,-1.0
46143000,46143000,0.32228994,-0.2977038,0.99896294,1.0,0.0,0.0,0.0,-1.0
46187000,46187000,0.32470235,-0.29636955,0.9998431,1.0,0.0,0.0,0.0,-1.0
46239000,46239000,0.32444853,-0.29289034,1.0010881,1.0,0.0,0.0,0.0,-1.0
46288000,46288000,0.32634443,-0.29586956,1.0007765,1.0,0.0,0.0,0.0,-1.0
46340000,46340000,0.32178342,-0.294601,1.0006378,1.0,0.0,0.0,0.0,-1.0
46392000,46392000,0.32322612,-0.29653618,1.000555,1.0,0.0,0.0,0.0,-1.0
46441000,46441000,0.32209632,-0.29595926,0.99939454,1.0,0.0,0.0,0.0,-1.0
46493000,46493000,0.32378635,-0.29548284,0.9997015,1.0,0.0,0.0,0.0,-1.0
46537000,46537000,0.32544369,-0.29743898,1.0001236,1.0,0.0,0.0,0.0,-1.0
46589000,46589000,0.32386276,-0.2967199,0.99908066,1.0,0.0,0.0,0.0,-1.0
46637000,46637000,0.3231613,-0.29587793,1.0007639,1.0,0.0,0.0,0.0,-1.0
46693000,46693000,0.32428262,-0.29739875,1.0004466,1.0,0.0,0.0,0.0,-1.0
46741000,46741000,0.32494095,-0.29660466,0.99857205,1.0,0.0,0.0,0.0,-1.0
46793000,46793000,0.32349968,-0.29620034,1.0001223,1.0,0.0,0.0,0.0,-1.0
46841000,46841000,0.022693573,0.0059183035,0.001975936,0.001,0.0,0.0,0.0,-1.0
46893000,46893000,0.014782105,0.0025735698,0.00062561437,0.001,0.0,0.0,0.0,-1.0
46941000,46941000,0.015267778,0.0054592453,-0.0006176623,0.001,0.0,0.0,0.0,-1.0
46993000,46993000,0.016342536,0.0029265927,-0.0005638549,0.001,0.0,0.0,0.0,-1.0
47041000,47041000,0.011801681,0.0037020214,-0.0012580662,0.001,0.0,0.0,0.0,-1.0
47093000,47093000,0.011536601,0.001037477,0.00030527156,0.001,0.0,0.0,0.0,-1.0
47141000,47141000,0.012360106,0.002776723,0.0005744439,0.001,0.0,0.0,0.0,-1.0
47193000,47193000,0.011866152,0.0031556576,-0.0002313881,0.001,0.0,0.0,0.0,-1.0
47237000,47237000,0.011230006,0.0038030543,0.00015820768,0.001,0.0,0.0,0.0,-1.0
47289000,47289000,0.010316992,4.1640713e-05,0.00019628252,0.001,0.0,0.0,0.0,-1.0
47340000,47340000,0.009379949,0.000511995,0.00011859007,0.001,0.0,0.0,0.0,-1.0
47393000,47393000,0.008240674,0.0034133377,0.0005409097,0.001,0.0,0.0,0.0,-1.0
47437000,47437000,0.008237598,0.0007787496,-0.00026239327,0.001,0.0,0.0,0.0,-1.0
47486000,47486000,0.011424957,-0.0008497314,0.0007060856,0.001,0.0,0.0,0.0,-1.0
47542000,47542000,0.009731604,0.0008457564,0.00074979424,0.001,0.0,0.0,0.0,-1.0
47586000,47586000,0.0051799505,-0.0006760881,-0.0009912734,0.001,0.0,0.0,0.0,-1.0
47640000,47640000,0.0054379385,-0.00014934162,0.0007326247,0.001,0.0,0.0,0.0,-1.0
47692000,47692000,0.0066979034,0.00018960435,-0.0012981966,0.001,0.0,0.0,0.0,-1.0
47740000,47740000,0.005626313,-0.00025617483,-0.00016408777,0.001,0.0,0.0,0.0,-1.0
47792000,47792000,0.008020372,-0.00091830717,-0.00051750283,0.001,0.0,0.0,0.0,-1.0
