timestamp,noutputs,output[0],output[1],output[2],output[3],output[4],output[5],output[6],output[7],output[8],output[9],output[10],output[11],output[12],output[13],output[14],output[15]
537000,6,900.0,900.0,900.0,900.0,900.0,900.0,0.0,0.0,0.0,0.0,0.0,0.0,0.0,0.0,0.0,0.0
541000,6,900.0,900.0,900.0,900.0,900.0,900.0,0.0,0.0,0.0,0.0,0.0,0.0,0.0,0.0,0.0,0.0
630000,6,900.0,900.0,900.0,900.0,900.0,900.0,0.0,0.0,0.0,0.0,0.0,0.0,0.0,0.0,0.0,0.0
738000,6,900.0,900.0,900.0,900.0,900.0,900.0,0.0,0.0,0.0,0.0,0.0,0.0,0.0,0.0,0.0,0.0
833000,6,900.0,900.0,900.0,900.0,900.0,900.0,0.0,0.0,0.0,0.0,0.0,0.0,0.0,0.0,0.0,0.0
938000,6,900.0,900.0,900.0,900.0,900.0,900.0,0.0,0.0,0.0,0.0,0.0,0.0,0.0,0.0,0.0,0.0
1040000,6,900.0,900.0,900.0,900.0,900.0,900.0,0.0,0.0,0.0,0.0,0.0,0.0,0.0,0.0,0.0,0.0
1140000,6,900.0,900.0,900.0,900.0,900.0,900.0,0.0,0.0,0.0,0.0,0.0,0.0,0.0,0.0,0.0,0.0
1237000,6,900.0,900.0,900.0,900.0,900.0,900.0,0.0,0.0,0.0,0.0,0.0,0.0,0.0,0.0,0.0,0.0
1338000,6,900.0,900.0,900.0,900.0,900.0,900.0,0.0,0.0,0.0,0.0,0.0,0.0,0.0,0.0,0.0,0.0
1438000,6,900.0,900.0,900.0,900.0,900.0,900.0,0.0,0.0,0.0,0.0,0.0,0.0,0.0,0.0,0.0,0.0
1539000,6,900.0,900.0,900.0,900.0,900.0,900.0,0.0,0.0,0.0,0.0,0.0,0.0,0.0,0.0,0.0,0.0
1637000,6,900.0,900.0,900.0,900.0,900.0,900.0,0.0,0.0,0.0,0.0,0.0,0.0,0.0,0.0,0.0,0.0
1740000,6,900.0,900.0,900.0,900.0,900.0,900.0,0.0,0.0,0.0,0.0,0.0,0.0,0.0,0.0,0.0,0.0
1840000,6,900.0,900.0,900.0,900.0,900.0,900.0,0.0,0.0,0.0,0.0,0.0,0.0,0.0,0.0,0.0,0.0
1937000,6,900.0,900.0,900.0,900.0,900.0,900.0,0.0,0.0,0.0,0.0,0.0,0.0,0.0,0.0,0.0,0.0
2033000,6,900.0,900.0,900.0,900.0,900.0,900.0,0.0,0.0,0.0,0.0,0.0,0.0,0.0,0.0,0.0,0.0
2137000,6,900.0,900.0,900.0,900.0,900.0,900.0,0.0,0.0,0.0,0.0,0.0,0.0,0.0,0.0,0.0,0.0
2237000,6,900.0,900.0,900.0,900.0,900.0,900.0,0.0,0.0,0.0,0.0,0.0,0.0,0.0,0.0,0.0,0.0
2337000,6,900.0,900.0,900.0,900.0,900.0,900.0,0.0,0.0,0.0,0.0,0.0,0.0,0.0,0.0,0.0,0.0
2438000,6,900.0,900.0,900.0,900.0,900.0,900.0,0.0,0.0,0.0,0.0,0.0,0.0,0.0,0.0,0.0,0.0
2540000,6,900.0,900.0,900.0,900.0,900.0,900.0,0.0,0.0,0.0,0.0,0.0,0.0,0.0,0.0,0.0,0.0
2640000,6,900.0,900.0,900.0,900.0,900.0,900.0,0.0,0.0,0.0,0.0,0.0,0.0,0.0,0.0,0.0,0.0
2736000,6,900.0,900.0,900.0,900.0,900.0,900.0,0.0,0.0,0.0,0.0,0.0,0.0,0.0,0.0,0.0,0.0
2836000,6,900.0,900.0,900.0,900.0,900.0,900.0,0.0,0.0,0.0,0.0,0.0,0.0,0.0,0.0,0.0,0.0
2940000,6,900.0,900.0,900.0,900.0,900.0,900.0,0.0,0.0,0.0,0.0,0.0,0.0,0.0,0.0,0.0,0.0
3036000,6,900.0,900.0,900.0,900.0,900.0,900.0,0.0,0.0,0.0,0.0,0.0,0.0,0.0,0.0,0.0,0.0
3137000,6,900.0,900.0,900.0,900.0,900.0,900.0,0.0,0.0,0.0,0.0,0.0,0.0,0.0,0.0,0.0,0.0
3239000,6,900.0,900.0,900.0,900.0,900.0,900.0,0.0,0.0,0.0,0.0,0.0,0.0,0.0,0.0,0.0,0.0
3337000,6,900.0,900.0,900.0,900.0,900.0,900.0,0.0,0.0,0.0,0.0,0.0,0.0,0.0,0.0,0.0,0.0
3438000,6,900.0,900.0,900.0,900.0,900.0,900.0,0.0,0.0,0.0,0.0,0.0,0.0,0.0,0.0,0.0,0.0
3539000,6,900.0,900.0,900.0,900.0,900.0,900.0,0.0,0.0,0.0,0.0,0.0,0.0,0.0,0.0,0.0,0.0
3639000,6,900.0,900.0,900.0,900.0,900.0,900.0,0.0,0.0,0.0,0.0,0.0,0.0,0.0,0.0,0.0,0.0
3739000,6,900.0,900.0,900.0,900.0,900.0,900.0,0.0,0.0,0.0,0.0,0.0,0.0,0.0,0.0,0.0,0.0
3839000,6,900.0,900.0,900.0,900.0,900.0,900.0,0.0,0.0,0.0,0.0,0.0,0.0,0.0,0.0,0.0,0.0
3937000,6,900.0,900.0,900.0,900.0,900.0,900.0,0.0,0.0,0.0,0.0,0.0,0.0,0.0,0.0,0.0,0.0
4037000,6,900.0,900.0,900.0,900.0,900.0,900.0,0.0,0.0,0.0,0.0,0.0,0.0,0.0,0.0,0.0,0.0
4138000,6,900.0,900.0,900.0,900.0,900.0,900.0,0.0,0.0,0.0,0.0,0.0,0.0,0.0,0.0,0.0,0.0
4237000,6,900.0,900.0,900.0,900.0,900.0,900.0,0.0,0.0,0.0,0.0,0.0,0.0,0.0,0.0,0.0,0.0
4338000,6,900.0,900.0,900.0,900.0,900.0,900.0,0.0,0.0,0.0,0.0,0.0,0.0,0.0,0.0,0.0,0.0
4438000,6,900.0,900.0,900.0,900.0,900.0,900.0,0.0,0.0,0.0,0.0,0.0,0.0,0.0,0.0,0.0,0.0
4539000,6,900.0,900.0,900.0,900.0,900.0,900.0,0.0,0.0,0.0,0.0,0.0,0.0,0.0,0.0,0.0,0.0
4639000,6,900.0,900.0,900.0,900.0,900.0,900.0,0.0,0.0,0.0,0.0,0.0,0.0,0.0,0.0,0.0,0.0
4738000,6,900.0,900.0,900.0,900.0,900.0,900.0,0.0,0.0,0.0,0.0,0.0,0.0,0.0,0.0,0.0,0.0
4838000,6,900.0,900.0,900.0,900.0,900.0,900.0,0.0,0.0,0.0,0.0,0.0,0.0,0.0,0.0,0.0,0.0
4938000,6,900.0,900.0,900.0,900.0,900.0,900.0,0.0,0.0,0.0,0.0,0.0,0.0,0.0,0.0,0.0,0.0
5038000,6,900.0,900.0,900.0,900.0,900.0,900.0,0.0,0.0,0.0,0.0,0.0,0.0,0.0,0.0,0.0,0.0
5138000,6,900.0,900.0,900.0,900.0,900.0,900.0,0.0,0.0,0.0,0.0,0.0,0.0,0.0,0.0,0.0,0.0
5240000,6,900.0,900.0,900.0,900.0,900.0,900.0,0.0,0.0,0.0,0.0,0.0,0.0,0.0,0.0,0.0,0.0
5340000,6,900.0,900.0,900.0,900.0,900.0,900.0,0.0,0.0,0.0,0.0,0.0,0.0,0.0,0.0,0.0,0.0
5437000,6,900.0,900.0,900.0,900.0,900.0,900.0,0.0,0.0,0.0,0.0,0.0,0.0,0.0,0.0,0.0,0.0
5538000,6,900.0,900.0,900.0,900.0,900.0,900.0,0.0,0.0,0.0,0.0,0.0,0.0,0.0,0.0,0.0,0.0
5639000,6,900.0,900.0,900.0,900.0,900.0,900.0,0.0,0.0,0.0,0.0,0.0,0.0,0.0,0.0,0.0,0.0
5740000,6,900.0,900.0,900.0,900.0,900.0,900.0,0.0,0.0,0.0,0.0,0.0,0.0,0.0,0.0,0.0,0.0
5837000,6,900.0,900.0,900.0,900.0,900.0,900.0,0.0,0.0,0.0,0.0,0.0,0.0,0.0,0.0,0.0,0.0
5940000,6,900.0,900.0,900.0,900.0,900.0,900.0,0.0,0.0,0.0,0.0,0.0,0.0,0.0,0.0,0.0,0.0
6040000,6,900.0,900.0,900.0,900.0,900.0,900.0,0.0,0.0,0.0,0.0,0.0,0.0,0.0,0.0,0.0,0.0
6140000,6,900.0,900.0,900.0,900.0,900.0,900.0,0.0,0.0,0.0,0.0,0.0,0.0,0.0,0.0,0.0,0.0
6237000,6,900.0,900.0,900.0,900.0,900.0,900.0,0.0,0.0,0.0,0.0,0.0,0.0,0.0,0.0,0.0,0.0
6338000,6,900.0,900.0,900.0,900.0,900.0,900.0,0.0,0.0,0.0,0.0,0.0,0.0,0.0,0.0,0.0,0.0
6438000,6,900.0,900.0,900.0,900.0,900.0,900.0,0.0,0.0,0.0,0.0,0.0,0.0,0.0,0.0,0.0,0.0
6538000,6,900.0,900.0,900.0,900.0,900.0,900.0,0.0,0.0,0.0,0.0,0.0,0.0,0.0,0.0,0.0,0.0
6638000,6,900.0,900.0,900.0,900.0,900.0,900.0,0.0,0.0,0.0,0.0,0.0,0.0,0.0,0.0,0.0,0.0
6738000,6,900.0,900.0,900.0,900.0,900.0,900.0,0.0,0.0,0.0,0.0,0.0,0.0,0.0,0.0,0.0,0.0
6839000,6,900.0,900.0,900.0,900.0,900.0,900.0,0.0,0.0,0.0,0.0,0.0,0.0,0.0,0.0,0.0,0.0
6940000,6,900.0,900.0,900.0,900.0,900.0,900.0,0.0,0.0,0.0,0.0,0.0,0.0,0.0,0.0,0.0,0.0
7040000,6,900.0,900.0,900.0,900.0,900.0,900.0,0.0,0.0,0.0,0.0,0.0,0.0,0.0,0.0,0.0,0.0
7140000,6,900.0,900.0,900.0,900.0,900.0,900.0,0.0,0.0,0.0,0.0,0.0,0.0,0.0,0.0,0.0,0.0
7239000,6,900.0,900.0,900.0,900.0,900.0,900.0,0.0,0.0,0.0,0.0,0.0,0.0,0.0,0.0,0.0,0.0
7337000,6,900.0,900.0,900.0,900.0,900.0,900.0,0.0,0.0,0.0,0.0,0.0,0.0,0.0,0.0,0.0,0.0
7434000,6,900.0,900.0,900.0,900.0,900.0,900.0,0.0,0.0,0.0,0.0,0.0,0.0,0.0,0.0,0.0,0.0
7540000,6,900.0,900.0,900.0,900.0,900.0,900.0,0.0,0.0,0.0,0.0,0.0,0.0,0.0,0.0,0.0,0.0
7640000,6,900.0,900.0,900.0,900.0,900.0,900.0,0.0,0.0,0.0,0.0,0.0,0.0,0.0,0.0,0.0,0.0
7738000,6,900.0,900.0,900.0,900.0,900.0,900.0,0.0,0.0,0.0,0.0,0.0,0.0,0.0,0.0,0.0,0.0
7838000,6,900.0,900.0,900.0,900.0,900.0,900.0,0.0,0.0,0.0,0.0,0.0,0.0,0.0,0.0,0.0,0.0
7938000,6,900.0,900.0,900.0,900.0,900.0,900.0,0.0,0.0,0.0,0.0,0.0,0.0,0.0,0.0,0.0,0.0
8038000,6,900.0,900.0,900.0,900.0,900.0,900.0,0.0,0.0,0.0,0.0,0.0,0.0,0.0,0.0,0.0,0.0
8138000,6,900.0,900.0,900.0,900.0,900.0,900.0,0.0,0.0,0.0,0.0,0.0,0.0,0.0,0.0,0.0,0.0
8237000,6,900.0,900.0,900.0,900.0,900.0,900.0,0.0,0.0,0.0,0.0,0.0,0.0,0.0,0.0,0.0,0.0
8338000,6,900.0,900.0,900.0,900.0,900.0,900.0,0.0,0.0,0.0,0.0,0.0,0.0,0.0,0.0,0.0,0.0
8438000,6,900.0,900.0,900.0,900.0,900.0,900.0,0.0,0.0,0.0,0.0,0.0,0.0,0.0,0.0,0.0,0.0
8538000,6,900.0,900.0,900.0,900.0,900.0,900.0,0.0,0.0,0.0,0.0,0.0,0.0,0.0,0.0,0.0,0.0
8638000,6,900.0,900.0,900.0,900.0,900.0,900.0,0.0,0.0,0.0,0.0,0.0,0.0,0.0,0.0,0.0,0.0
8740000,6,900.0,900.0,900.0,900.0,900.0,900.0,0.0,0.0,0.0,0.0,0.0,0.0,0.0,0.0,0.0,0.0
8840000,6,900.0,900.0,900.0,900.0,900.0,900.0,0.0,0.0,0.0,0.0,0.0,0.0,0.0,0.0,0.0,0.0
8936000,6,900.0,900.0,900.0,900.0,900.0,900.0,0.0,0.0,0.0,0.0,0.0,0.0,0.0,0.0,0.0,0.0
9037000,6,900.0,900.0,900.0,900.0,900.0,900.0,0.0,0.0,0.0,0.0,0.0,0.0,0.0,0.0,0.0,0.0
9137000,6,900.0,900.0,900.0,900.0,900.0,900.0,0.0,0.0,0.0,0.0,0.0,0.0,0.0,0.0,0.0,0.0
9240000,6,900.0,900.0,900.0,900.0,900.0,900.0,0.0,0.0,0.0,0.0,0.0,0.0,0.0,0.0,0.0,0.0
9340000,6,900.0,900.0,900.0,900.0,900.0,900.0,0.0,0.0,0.0,0.0,0.0,0.0,0.0,0.0,0.0,0.0
9440000,6,900.0,900.0,900.0,900.0,900.0,900.0,0.0,0.0,0.0,0.0,0.0,0.0,0.0,0.0,0.0,0.0
9537000,6,900.0,900.0,900.0,900.0,900.0,900.0,0.0,0.0,0.0,0.0,0.0,0.0,0.0,0.0,0.0,0.0
9638000,6,900.0,900.0,900.0,900.0,900.0,900.0,0.0,0.0,0.0,0.0,0.0,0.0,0.0,0.0,0.0,0.0
9737000,6,900.0,900.0,900.0,900.0,900.0,900.0,0.0,0.0,0.0,0.0,0.0,0.0,0.0,0.0,0.0,0.0
9837000,6,900.0,900.0,900.0,900.0,900.0,900.0,0.0,0.0,0.0,0.0,0.0,0.0,0.0,0.0,0.0,0.0
9940000,6,900.0,900.0,900.0,900.0,900.0,900.0,0.0,0.0,0.0,0.0,0.0,0.0,0.0,0.0,0.0,0.0
10040000,6,900.0,900.0,900.0,900.0,900.0,900.0,0.0,0.0,0.0,0.0,0.0,0.0,0.0,0.0,0.0,0.0
10137000,6,900.0,900.0,900.0,900.0,900.0,900.0,0.0,0.0,0.0,0.0,0.0,0.0,0.0,0.0,0.0,0.0
10238000,6,900.0,900.0,900.0,900.0,900.0,900.0,0.0,0.0,0.0,0.0,0.0,0.0,0.0,0.0,0.0,0.0
10338000,6,900.0,900.0,900.0,900.0,900.0,900.0,0.0,0.0,0.0,0.0,0.0,0.0,0.0,0.0,0.0,0.0
10435000,6,900.0,900.0,900.0,900.0,900.0,900.0,0.0,0.0,0.0,0.0,0.0,0.0,0.0,0.0,0.0,0.0
10540000,6,900.0,900.0,900.0,900.0,900.0,900.0,0.0,0.0,0.0,0.0,0.0,0.0,0.0,0.0,0.0,0.0
10640000,6,900.0,900.0,900.0,900.0,900.0,900.0,0.0,0.0,0.0,0.0,0.0,0.0,0.0,0.0,0.0,0.0
10738000,6,900.0,900.0,900.0,900.0,900.0,900.0,0.0,0.0,0.0,0.0,0.0,0.0,0.0,0.0,0.0,0.0
10838000,6,900.0,900.0,900.0,900.0,900.0,900.0,0.0,0.0,0.0,0.0,0.0,0.0,0.0,0.0,0.0,0.0
10938000,6,900.0,900.0,900.0,900.0,900.0,900.0,0.0,0.0,0.0,0.0,0.0,0.0,0.0,0.0,0.0,0.0
11038000,6,900.0,900.0,900.0,900.0,900.0,900.0,0.0,0.0,0.0,0.0,0.0,0.0,0.0,0.0,0.0,0.0
11139000,6,900.0,900.0,900.0,900.0,900.0,900.0,0.0,0.0,0.0,0.0,0.0,0.0,0.0,0.0,0.0,0.0
11237000,6,900.0,900.0,900.0,900.0,900.0,900.0,0.0,0.0,0.0,0.0,0.0,0.0,0.0,0.0,0.0,0.0
11338000,6,900.0,900.0,900.0,900.0,900.0,900.0,0.0,0.0,0.0,0.0,0.0,0.0,0.0,0.0,0.0,0.0
11438000,6,900.0,900.0,900.0,900.0,900.0,900.0,0.0,0.0,0.0,0.0,0.0,0.0,0.0,0.0,0.0,0.0
11538000,6,900.0,900.0,900.0,900.0,900.0,900.0,0.0,0.0,0.0,0.0,0.0,0.0,0.0,0.0,0.0,0.0
11639000,6,900.0,900.0,900.0,900.0,900.0,900.0,0.0,0.0,0.0,0.0,0.0,0.0,0.0,0.0,0.0,0.0
11739000,6,900.0,900.0,900.0,900.0,900.0,900.0,0.0,0.0,0.0,0.0,0.0,0.0,0.0,0.0,0.0,0.0
11835000,6,900.0,900.0,900.0,900.0,900.0,900.0,0.0,0.0,0.0,0.0,0.0,0.0,0.0,0.0,0.0,0.0
11939000,6,900.0,900.0,900.0,900.0,900.0,900.0,0.0,0.0,0.0,0.0,0.0,0.0,0.0,0.0,0.0,0.0
12039000,6,900.0,900.0,900.0,900.0,900.0,900.0,0.0,0.0,0.0,0.0,0.0,0.0,0.0,0.0,0.0,0.0
12139000,6,900.0,900.0,900.0,900.0,900.0,900.0,0.0,0.0,0.0,0.0,0.0,0.0,0.0,0.0,0.0,0.0
12237000,6,900.0,900.0,900.0,900.0,900.0,900.0,0.0,0.0,0.0,0.0,0.0,0.0,0.0,0.0,0.0,0.0
12337000,6,900.0,900.0,900.0,900.0,900.0,900.0,0.0,0.0,0.0,0.0,0.0,0.0,0.0,0.0,0.0,0.0
12437000,6,900.0,900.0,900.0,900.0,900.0,900.0,0.0,0.0,0.0,0.0,0.0,0.0,0.0,0.0,0.0,0.0
12537000,6,900.0,900.0,900.0,900.0,900.0,900.0,0.0,0.0,0.0,0.0,0.0,0.0,0.0,0.0,0.0,0.0
12638000,6,900.0,900.0,900.0,900.0,900.0,900.0,0.0,0.0,0.0,0.0,0.0,0.0,0.0,0.0,0.0,0.0
12738000,6,900.0,900.0,900.0,900.0,900.0,900.0,0.0,0.0,0.0,0.0,0.0,0.0,0.0,0.0,0.0,0.0
12838000,6,900.0,900.0,900.0,900.0,900.0,900.0,0.0,0.0,0.0,0.0,0.0,0.0,0.0,0.0,0.0,0.0
12940000,6,900.0,900.0,900.0,900.0,900.0,900.0,0.0,0.0,0.0,0.0,0.0,0.0,0.0,0.0,0.0,0.0
13040000,6,900.0,900.0,900.0,900.0,900.0,900.0,0.0,0.0,0.0,0.0,0.0,0.0,0.0,0.0,0.0,0.0
13137000,6,900.0,900.0,900.0,900.0,900.0,900.0,0.0,0.0,0.0,0.0,0.0,0.0,0.0,0.0,0.0,0.0
13242000,6,900.0,900.0,900.0,900.0,900.0,900.0,0.0,0.0,0.0,0.0,0.0,0.0,0.0,0.0,0.0,0.0
13339000,6,900.0,900.0,900.0,900.0,900.0,900.0,0.0,0.0,0.0,0.0,0.0,0.0,0.0,0.0,0.0,0.0
13440000,6,900.0,900.0,900.0,900.0,900.0,900.0,0.0,0.0,0.0,0.0,0.0,0.0,0.0,0.0,0.0,0.0
13540000,6,900.0,900.0,900.0,900.0,900.0,900.0,0.0,0.0,0.0,0.0,0.0,0.0,0.0,0.0,0.0,0.0
13638000,6,900.0,900.0,900.0,900.0,900.0,900.0,0.0,0.0,0.0,0.0,0.0,0.0,0.0,0.0,0.0,0.0
13735000,6,900.0,900.0,900.0,900.0,900.0,900.0,0.0,0.0,0.0,0.0,0.0,0.0,0.0,0.0,0.0,0.0
13839000,6,1002.0,1000.0,1002.0,1000.0,1500.0,1500.0,0.0,0.0,0.0,0.0,0.0,0.0,0.0,0.0,0.0,0.0
13937000,6,1002.0,1000.0,1002.0,1000.0,1500.0,1500.0,0.0,0.0,0.0,0.0,0.0,0.0,0.0,0.0,0.0,0.0
14034000,6,1002.0,1000.0,1002.0,1000.0,1500.0,1500.0,0.0,0.0,0.0,0.0,0.0,0.0,0.0,0.0,0.0,0.0
14138000,6,1002.0,1000.0,1002.0,1000.0,1500.0,1500.0,0.0,0.0,0.0,0.0,0.0,0.0,0.0,0.0,0.0,0.0
14243000,6,1002.0,1000.0,1002.0,1000.0,1500.0,1500.0,0.0,0.0,0.0,0.0,0.0,0.0,0.0,0.0,0.0,0.0
14342000,6,1002.0,1000.0,1002.0,1000.0,1500.0,1500.0,0.0,0.0,0.0,0.0,0.0,0.0,0.0,0.0,0.0,0.0
14434000,6,1000.0,1001.0,1000.0,1001.0,1500.0,1500.0,0.0,0.0,0.0,0.0,0.0,0.0,0.0,0.0,0.0,0.0
14538000,6,1001.0,1000.0,1002.0,1000.0,1500.0,1500.0,0.0,0.0,0.0,0.0,0.0,0.0,0.0,0.0,0.0,0.0
14638000,6,1002.0,1000.0,1002.0,1000.0,1500.0,1500.0,0.0,0.0,0.0,0.0,0.0,0.0,0.0,0.0,0.0,0.0
14738000,6,1000.0,1002.0,1000.0,1002.0,1500.0,1500.0,0.0,0.0,0.0,0.0,0.0,0.0,0.0,0.0,0.0,0.0
14839000,6,1002.0,1000.0,1002.0,1000.0,1500.0,1500.0,0.0,0.0,0.0,0.0,0.0,0.0,0.0,0.0,0.0,0.0
14939000,6,1000.0,1000.0,1002.0,1001.0,1500.0,1500.0,0.0,0.0,0.0,0.0,0.0,0.0,0.0,0.0,0.0,0.0
15039000,6,1001.0,1001.0,1001.0,1000.0,1500.0,1500.0,0.0,0.0,0.0,0.0,0.0,0.0,0.0,0.0,0.0,0.0
15140000,6,1000.0,1002.0,1001.0,1000.0,1500.0,1500.0,0.0,0.0,0.0,0.0,0.0,0.0,0.0,0.0,0.0,0.0
15244000,6,1002.0,1000.0,1002.0,1000.0,1500.0,1500.0,0.0,0.0,0.0,0.0,0.0,0.0,0.0,0.0,0.0,0.0
15340000,6,1000.0,1002.0,1001.0,1000.0,1500.0,1500.0,0.0,0.0,0.0,0.0,0.0,0.0,0.0,0.0,0.0,0.0
15438000,6,1000.0,1000.0,1002.0,1000.0,1500.0,1500.0,0.0,0.0,0.0,0.0,0.0,0.0,0.0,0.0,0.0,0.0
15538000,6,1001.0,1000.0,1001.0,1000.0,1500.0,1500.0,0.0,0.0,0.0,0.0,0.0,0.0,0.0,0.0,0.0,0.0
15638000,6,1001.0,1000.0,1001.0,1001.0,1500.0,1500.0,0.0,0.0,0.0,0.0,0.0,0.0,0.0,0.0,0.0,0.0
15738000,6,1001.0,1000.0,1002.0,1000.0,1500.0,1500.0,0.0,0.0,0.0,0.0,0.0,0.0,0.0,0.0,0.0,0.0
15838000,6,1002.0,1000.0,1002.0,1000.0,1500.0,1500.0,0.0,0.0,0.0,0.0,0.0,0.0,0.0,0.0,0.0,0.0
15938000,6,1000.0,1001.0,1002.0,1000.0,1500.0,1500.0,0.0,0.0,0.0,0.0,0.0,0.0,0.0,0.0,0.0,0.0
16038000,6,1002.0,1000.0,1002.0,1000.0,1500.0,1500.0,0.0,0.0,0.0,0.0,0.0,0.0,0.0,0.0,0.0,0.0
16138000,6,1001.0,1000.0,1001.0,1000.0,1500.0,1500.0,0.0,0.0,0.0,0.0,0.0,0.0,0.0,0.0,0.0,0.0
16238000,6,1002.0,1000.0,1002.0,1000.0,1500.0,1500.0,0.0,0.0,0.0,0.0,0.0,0.0,0.0,0.0,0.0,0.0
16337000,6,1002.0,1000.0,1002.0,1000.0,1500.0,1500.0,0.0,0.0,0.0,0.0,0.0,0.0,0.0,0.0,0.0,0.0
16437000,6,1002.0,1000.0,1002.0,1000.0,1500.0,1500.0,0.0,0.0,0.0,0.0,0.0,0.0,0.0,0.0,0.0,0.0
16537000,6,1001.0,1001.0,1000.0,1000.0,1500.0,1500.0,0.0,0.0,0.0,0.0,0.0,0.0,0.0,0.0,0.0,0.0
16638000,6,1002.0,1000.0,1002.0,1000.0,1500.0,1500.0,0.0,0.0,0.0,0.0,0.0,0.0,0.0,0.0,0.0,0.0
16739000,6,1002.0,1000.0,1002.0,1000.0,1500.0,1500.0,0.0,0.0,0.0,0.0,0.0,0.0,0.0,0.0,0.0,0.0
16838000,6,1002.0,1000.0,1002.0,1000.0,1500.0,1500.0,0.0,0.0,0.0,0.0,0.0,0.0,0.0,0.0,0.0,0.0
16938000,6,1002.0,1000.0,1002.0,1000.0,1500.0,1500.0,0.0,0.0,0.0,0.0,0.0,0.0,0.0,0.0,0.0,0.0
17034000,6,1002.0,1000.0,1002.0,1000.0,1500.0,1500.0,0.0,0.0,0.0,0.0,0.0,0.0,0.0,0.0,0.0,0.0
17139000,6,1002.0,1000.0,1002.0,1000.0,1500.0,1500.0,0.0,0.0,0.0,0.0,0.0,0.0,0.0,0.0,0.0,0.0
17237000,6,1002.0,1000.0,1002.0,1000.0,1500.0,1500.0,0.0,0.0,0.0,0.0,0.0,0.0,0.0,0.0,0.0,0.0
17340000,6,1002.0,1000.0,1002.0,1000.0,1500.0,1500.0,0.0,0.0,0.0,0.0,0.0,0.0,0.0,0.0,0.0,0.0
17437000,6,1002.0,1000.0,1002.0,1000.0,1500.0,1500.0,0.0,0.0,0.0,0.0,0.0,0.0,0.0,0.0,0.0,0.0
17538000,6,1002.0,1000.0,1002.0,1000.0,1500.0,1500.0,0.0,0.0,0.0,0.0,0.0,0.0,0.0,0.0,0.0,0.0
17639000,6,1001.0,1000.0,1002.0,1000.0,1500.0,1500.0,0.0,0.0,0.0,0.0,0.0,0.0,0.0,0.0,0.0,0.0
17739000,6,1001.0,1000.0,1002.0,1000.0,1500.0,1500.0,0.0,0.0,0.0,0.0,0.0,0.0,0.0,0.0,0.0,0.0
17839000,6,1002.0,1000.0,1002.0,1000.0,1500.0,1500.0,0.0,0.0,0.0,0.0,0.0,0.0,0.0,0.0,0.0,0.0
17940000,6,1001.0,1000.0,1002.0,1000.0,1500.0,1500.0,0.0,0.0,0.0,0.0,0.0,0.0,0.0,0.0,0.0,0.0
18037000,6,1002.0,1000.0,1002.0,1000.0,1500.0,1500.0,0.0,0.0,0.0,0.0,0.0,0.0,0.0,0.0,0.0,0.0
18138000,6,1002.0,1000.0,1002.0,1000.0,1500.0,1500.0,0.0,0.0,0.0,0.0,0.0,0.0,0.0,0.0,0.0,0.0
18239000,6,1002.0,1000.0,1002.0,1000.0,1500.0,1500.0,0.0,0.0,0.0,0.0,0.0,0.0,0.0,0.0,0.0,0.0
18338000,6,1002.0,1000.0,1002.0,1000.0,1500.0,1500.0,0.0,0.0,0.0,0.0,0.0,0.0,0.0,0.0,0.0,0.0
18438000,6,1000.0,1002.0,1001.0,1000.0,1500.0,1500.0,0.0,0.0,0.0,0.0,0.0,0.0,0.0,0.0,0.0,0.0
18539000,6,1001.0,1000.0,1002.0,1000.0,1500.0,1500.0,0.0,0.0,0.0,0.0,0.0,0.0,0.0,0.0,0.0,0.0
18639000,6,1000.0,1000.0,1002.0,1000.0,1500.0,1500.0,0.0,0.0,0.0,0.0,0.0,0.0,0.0,0.0,0.0,0.0
18736000,6,1000.0,1000.0,1002.0,1000.0,1500.0,1500.0,0.0,0.0,0.0,0.0,0.0,0.0,0.0,0.0,0.0,0.0
18840000,6,1000.0,1002.0,1000.0,1000.0,1500.0,1500.0,0.0,0.0,0.0,0.0,0.0,0.0,0.0,0.0,0.0,0.0
18940000,6,1001.0,1000.0,1002.0,1000.0,1500.0,1500.0,0.0,0.0,0.0,0.0,0.0,0.0,0.0,0.0,0.0,0.0
19040000,6,1002.0,1000.0,1002.0,1000.0,1500.0,1500.0,0.0,0.0,0.0,0.0,0.0,0.0,0.0,0.0,0.0,0.0
19136000,6,1002.0,1000.0,1002.0,1000.0,1500.0,1500.0,0.0,0.0,0.0,0.0,0.0,0.0,0.0,0.0,0.0,0.0
19240000,6,1002.0,1000.0,1001.0,1000.0,1500.0,1500.0,0.0,0.0,0.0,0.0,0.0,0.0,0.0,0.0,0.0,0.0
19340000,6,1001.0,1000.0,1002.0,1000.0,1500.0,1500.0,0.0,0.0,0.0,0.0,0.0,0.0,0.0,0.0,0.0,0.0
19437000,6,1002.0,1000.0,1002.0,1000.0,1500.0,1500.0,0.0,0.0,0.0,0.0,0.0,0.0,0.0,0.0,0.0,0.0
19539000,6,1002.0,1000.0,1002.0,1000.0,1500.0,1500.0,0.0,0.0,0.0,0.0,0.0,0.0,0.0,0.0,0.0,0.0
19640000,6,1002.0,1000.0,1002.0,1000.0,1500.0,1500.0,0.0,0.0,0.0,0.0,0.0,0.0,0.0,0.0,0.0,0.0
19737000,6,1000.0,1002.0,1000.0,1000.0,1500.0,1500.0,0.0,0.0,0.0,0.0,0.0,0.0,0.0,0.0,0.0,0.0
19840000,6,1002.0,1000.0,1002.0,1000.0,1500.0,1500.0,0.0,0.0,0.0,0.0,0.0,0.0,0.0,0.0,0.0,0.0
19940000,6,1001.0,1000.0,1001.0,1000.0,1500.0,1500.0,0.0,0.0,0.0,0.0,0.0,0.0,0.0,0.0,0.0,0.0
20037000,6,1000.0,1001.0,1000.0,1002.0,1500.0,1500.0,0.0,0.0,0.0,0.0,0.0,0.0,0.0,0.0,0.0,0.0
20137000,6,1000.0,1001.0,1002.0,1000.0,1500.0,1500.0,0.0,0.0,0.0,0.0,0.0,0.0,0.0,0.0,0.0,0.0
20238000,6,1000.0,1002.0,1001.0,1000.0,1500.0,1500.0,0.0,0.0,0.0,0.0,0.0,0.0,0.0,0.0,0.0,0.0
20338000,6,1000.0,1001.0,1000.0,1001.0,1500.0,1500.0,0.0,0.0,0.0,0.0,0.0,0.0,0.0,0.0,0.0,0.0
20438000,6,1000.0,1000.0,1000.0,1002.0,1500.0,1500.0,0.0,0.0,0.0,0.0,0.0,0.0,0.0,0.0,0.0,0.0
20538000,6,1000.0,1002.0,1000.0,1001.0,1500.0,1500.0,0.0,0.0,0.0,0.0,0.0,0.0,0.0,0.0,0.0,0.0
20638000,6,1000.0,1002.0,1000.0,1002.0,1500.0,1500.0,0.0,0.0,0.0,0.0,0.0,0.0,0.0,0.0,0.0,0.0
20738000,6,1000.0,1001.0,1001.0,1000.0,1500.0,1500.0,0.0,0.0,0.0,0.0,0.0,0.0,0.0,0.0,0.0,0.0
20838000,6,1000.0,1001.0,1001.0,1001.0,1500.0,1500.0,0.0,0.0,0.0,0.0,0.0,0.0,0.0,0.0,0.0,0.0
20939000,6,1000.0,1002.0,1000.0,1002.0,1500.0,1500.0,0.0,0.0,0.0,0.0,0.0,0.0,0.0,0.0,0.0,0.0
21039000,6,1000.0,1001.0,1001.0,1001.0,1500.0,1500.0,0.0,0.0,0.0,0.0,0.0,0.0,0.0,0.0,0.0,0.0
21140000,6,1002.0,1000.0,1002.0,1000.0,1500.0,1500.0,0.0,0.0,0.0,0.0,0.0,0.0,0.0,0.0,0.0,0.0
21240000,6,1000.0,1000.0,1002.0,1001.0,1500.0,1500.0,0.0,0.0,0.0,0.0,0.0,0.0,0.0,0.0,0.0,0.0
21340000,6,1001.0,1000.0,1002.0,1000.0,1500.0,1500.0,0.0,0.0,0.0,0.0,0.0,0.0,0.0,0.0,0.0,0.0
21440000,6,1001.0,1000.0,1002.0,1000.0,1500.0,1500.0,0.0,0.0,0.0,0.0,0.0,0.0,0.0,0.0,0.0,0.0
21540000,6,1000.0,1002.0,1000.0,1002.0,1500.0,1500.0,0.0,0.0,0.0,0.0,0.0,0.0,0.0,0.0,0.0,0.0
21640000,6,1001.0,1000.0,1002.0,1000.0,1500.0,1500.0,0.0,0.0,0.0,0.0,0.0,0.0,0.0,0.0,0.0,0.0
21740000,6,1000.0,1002.0,1000.0,1002.0,1500.0,1500.0,0.0,0.0,0.0,0.0,0.0,0.0,0.0,0.0,0.0,0.0
21840000,6,1000.0,1002.0,1001.0,1000.0,1500.0,1500.0,0.0,0.0,0.0,0.0,0.0,0.0,0.0,0.0,0.0,0.0
21938000,6,1001.0,1002.0,1000.0,1000.0,1500.0,1500.0,0.0,0.0,0.0,0.0,0.0,0.0,0.0,0.0,0.0,0.0
22039000,6,1000.0,1000.0,1002.0,1001.0,1500.0,1500.0,0.0,0.0,0.0,0.0,0.0,0.0,0.0,0.0,0.0,0.0
22140000,6,1000.0,1002.0,1000.0,1001.0,1500.0,1500.0,0.0,0.0,0.0,0.0,0.0,0.0,0.0,0.0,0.0,0.0
22237000,6,1001.0,1000.0,1002.0,1000.0,1500.0,1500.0,0.0,0.0,0.0,0.0,0.0,0.0,0.0,0.0,0.0,0.0
22337000,6,1000.0,1002.0,1001.0,1000.0,1500.0,1500.0,0.0,0.0,0.0,0.0,0.0,0.0,0.0,0.0,0.0,0.0
22437000,6,1002.0,1000.0,1002.0,1000.0,1500.0,1500.0,0.0,0.0,0.0,0.0,0.0,0.0,0.0,0.0,0.0,0.0
22537000,6,1001.0,1000.0,1000.0,1001.0,1500.0,1500.0,0.0,0.0,0.0,0.0,0.0,0.0,0.0,0.0,0.0,0.0
22638000,6,1000.0,1002.0,1000.0,1002.0,1500.0,1500.0,0.0,0.0,0.0,0.0,0.0,0.0,0.0,0.0,0.0,0.0
22739000,6,1000.0,1002.0,1000.0,1000.0,1500.0,1500.0,0.0,0.0,0.0,0.0,0.0,0.0,0.0,0.0,0.0,0.0
22838000,6,1004.0,1040.0,1032.0,1000.0,1500.0,1500.0,0.0,0.0,0.0,0.0,0.0,0.0,0.0,0.0,0.0,0.0
22938000,6,1015.0,1053.0,1049.0,1013.0,1500.0,1500.0,0.0,0.0,0.0,0.0,0.0,0.0,0.0,0.0,0.0,0.0
23038000,6,1034.0,1068.0,1059.0,1031.0,1500.0,1500.0,0.0,0.0,0.0,0.0,0.0,0.0,0.0,0.0,0.0,0.0
23139000,6,1051.0,1085.0,1074.0,1050.0,1500.0,1500.0,0.0,0.0,0.0,0.0,0.0,0.0,0.0,0.0,0.0,0.0
23240000,6,1068.0,1105.0,1093.0,1072.0,1500.0,1500.0,0.0,0.0,0.0,0.0,0.0,0.0,0.0,0.0,0.0,0.0
23337000,6,1089.0,1122.0,1106.0,1091.0,1500.0,1500.0,0.0,0.0,0.0,0.0,0.0,0.0,0.0,0.0,0.0,0.0
23438000,6,1105.0,1138.0,1123.0,1111.0,1500.0,1500.0,0.0,0.0,0.0,0.0,0.0,0.0,0.0,0.0,0.0,0.0
23540000,6,1160.0,1194.0,1171.0,1171.0,1500.0,1500.0,0.0,0.0,0.0,0.0,0.0,0.0,0.0,0.0,0.0,0.0
23640000,6,1166.0,1192.0,1173.0,1171.0,1500.0,1500.0,0.0,0.0,0.0,0.0,0.0,0.0,0.0,0.0,0.0,0.0
23737000,6,1210.0,1237.0,1215.0,1222.0,1500.0,1500.0,0.0,0.0,0.0,0.0,0.0,0.0,0.0,0.0,0.0,0.0
23840000,6,1246.0,1278.0,1250.0,1264.0,1500.0,1500.0,0.0,0.0,0.0,0.0,0.0,0.0,0.0,0.0,0.0,0.0
23937000,6,1280.0,1306.0,1283.0,1292.0,1500.0,1500.0,0.0,0.0,0.0,0.0,0.0,0.0,0.0,0.0,0.0,0.0
24037000,6,1314.0,1342.0,1314.0,1329.0,1500.0,1500.0,0.0,0.0,0.0,0.0,0.0,0.0,0.0,0.0,0.0,0.0
24137000,6,1350.0,1366.0,1350.0,1356.0,1500.0,1500.0,0.0,0.0,0.0,0.0,0.0,0.0,0.0,0.0,0.0,0.0
24237000,6,1378.0,1393.0,1384.0,1378.0,1500.0,1500.0,0.0,0.0,0.0,0.0,0.0,0.0,0.0,0.0,0.0,0.0
24338000,6,1419.0,1420.0,1417.0,1408.0,1500.0,1500.0,0.0,0.0,0.0,0.0,0.0,0.0,0.0,0.0,0.0,0.0
24439000,6,1469.0,1469.0,1470.0,1458.0,1500.0,1500.0,0.0,0.0,0.0,0.0,0.0,0.0,0.0,0.0,0.0,0.0
24540000,6,1537.0,1536.0,1532.0,1533.0,1500.0,1500.0,0.0,0.0,0.0,0.0,0.0,0.0,0.0,0.0,0.0,0.0
24640000,6,1541.0,1551.0,1535.0,1545.0,1500.0,1500.0,0.0,0.0,0.0,0.0,0.0,0.0,0.0,0.0,0.0,0.0
24736000,6,1577.0,1577.0,1574.0,1576.0,1500.0,1500.0,0.0,0.0,0.0,0.0,0.0,0.0,0.0,0.0,0.0,0.0
24837000,6,1584.0,1593.0,1587.0,1594.0,1500.0,1500.0,0.0,0.0,0.0,0.0,0.0,0.0,0.0,0.0,0.0,0.0
24938000,6,1585.0,1593.0,1589.0,1594.0,1500.0,1500.0,0.0,0.0,0.0,0.0,0.0,0.0,0.0,0.0,0.0,0.0
25038000,6,1586.0,1593.0,1591.0,1592.0,1500.0,1500.0,0.0,0.0,0.0,0.0,0.0,0.0,0.0,0.0,0.0,0.0
25138000,6,1590.0,1586.0,1591.0,1593.0,1500.0,1500.0,0.0,0.0,0.0,0.0,0.0,0.0,0.0,0.0,0.0,0.0
25238000,6,1588.0,1587.0,1589.0,1593.0,1500.0,1500.0,0.0,0.0,0.0,0.0,0.0,0.0,0.0,0.0,0.0,0.0
25340000,6,1587.0,1590.0,1586.0,1593.0,1500.0,1500.0,0.0,0.0,0.0,0.0,0.0,0.0,0.0,0.0,0.0,0.0
25437000,6,1588.0,1588.0,1587.0,1592.0,1500.0,1500.0,0.0,0.0,0.0,0.0,0.0,0.0,0.0,0.0,0.0,0.0
25537000,6,1589.0,1588.0,1587.0,1591.0,1500.0,1500.0,0.0,0.0,0.0,0.0,0.0,0.0,0.0,0.0,0.0,0.0
25637000,6,1591.0,1588.0,1589.0,1590.0,1500.0,1500.0,0.0,0.0,0.0,0.0,0.0,0.0,0.0,0.0,0.0,0.0
25738000,6,1592.0,1589.0,1592.0,1590.0,1500.0,1500.0,0.0,0.0,0.0,0.0,0.0,0.0,0.0,0.0,0.0,0.0
25838000,6,1566.0,1565.0,1558.0,1557.0,1500.0,1500.0,0.0,0.0,0.0,0.0,0.0,0.0,0.0,0.0,0.0,0.0
25939000,6,1546.0,1548.0,1545.0,1540.0,1500.0,1500.0,0.0,0.0,0.0,0.0,0.0,0.0,0.0,0.0,0.0,0.0
26039000,6,1541.0,1540.0,1544.0,1539.0,1500.0,1500.0,0.0,0.0,0.0,0.0,0.0,0.0,0.0,0.0,0.0,0.0
26136000,6,1538.0,1541.0,1545.0,1542.0,1500.0,1500.0,0.0,0.0,0.0,0.0,0.0,0.0,0.0,0.0,0.0,0.0
26237000,6,1541.0,1539.0,1548.0,1543.0,1500.0,1500.0,0.0,0.0,0.0,0.0,0.0,0.0,0.0,0.0,0.0,0.0
26338000,6,1540.0,1543.0,1544.0,1543.0,1500.0,1500.0,0.0,0.0,0.0,0.0,0.0,0.0,0.0,0.0,0.0,0.0
26439000,6,1543.0,1541.0,1546.0,1539.0,1500.0,1500.0,0.0,0.0,0.0,0.0,0.0,0.0,0.0,0.0,0.0,0.0
26540000,6,1541.0,1543.0,1544.0,1541.0,1500.0,1500.0,0.0,0.0,0.0,0.0,0.0,0.0,0.0,0.0,0.0,0.0
26638000,6,1542.0,1541.0,1541.0,1544.0,1500.0,1500.0,0.0,0.0,0.0,0.0,0.0,0.0,0.0,0.0,0.0,0.0
26739000,6,1544.0,1541.0,1543.0,1541.0,1500.0,1500.0,0.0,0.0,0.0,0.0,0.0,0.0,0.0,0.0,0.0,0.0
26840000,6,1541.0,1544.0,1541.0,1541.0,1500.0,1500.0,0.0,0.0,0.0,0.0,0.0,0.0,0.0,0.0,0.0,0.0
26940000,6,1542.0,1542.0,1540.0,1541.0,1500.0,1500.0,0.0,0.0,0.0,0.0,0.0,0.0,0.0,0.0,0.0,0.0
27040000,6,1543.0,1541.0,1544.0,1542.0,1500.0,1500.0,0.0,0.0,0.0,0.0,0.0,0.0,0.0,0.0,0.0,0.0
27140000,6,1541.0,1543.0,1542.0,1543.0,1500.0,1500.0,0.0,0.0,0.0,0.0,0.0,0.0,0.0,0.0,0.0,0.0
27240000,6,1544.0,1543.0,1542.0,1542.0,1500.0,1500.0,0.0,0.0,0.0,0.0,0.0,0.0,0.0,0.0,0.0,0.0
27338000,6,1543.0,1544.0,1542.0,1543.0,1500.0,1500.0,0.0,0.0,0.0,0.0,0.0,0.0,0.0,0.0,0.0,0.0
27438000,6,1542.0,1544.0,1540.0,1546.0,1500.0,1500.0,0.0,0.0,0.0,0.0,0.0,0.0,0.0,0.0,0.0,0.0
27539000,6,1542.0,1540.0,1541.0,1543.0,1500.0,1500.0,0.0,0.0,0.0,0.0,0.0,0.0,0.0,0.0,0.0,0.0
27639000,6,1538.0,1543.0,1539.0,1542.0,1500.0,1500.0,0.0,0.0,0.0,0.0,0.0,0.0,0.0,0.0,0.0,0.0
27740000,6,1540.0,1543.0,1541.0,1540.0,1500.0,1500.0,0.0,0.0,0.0,0.0,0.0,0.0,0.0,0.0,0.0,0.0
27838000,6,1540.0,1541.0,1542.0,1543.0,1500.0,1500.0,0.0,0.0,0.0,0.0,0.0,0.0,0.0,0.0,0.0,0.0
27939000,6,1541.0,1542.0,1544.0,1543.0,1500.0,1500.0,0.0,0.0,0.0,0.0,0.0,0.0,0.0,0.0,0.0,0.0
28040000,6,1543.0,1542.0,1544.0,1541.0,1500.0,1500.0,0.0,0.0,0.0,0.0,0.0,0.0,0.0,0.0,0.0,0.0
28137000,6,1540.0,1544.0,1544.0,1542.0,1500.0,1500.0,0.0,0.0,0.0,0.0,0.0,0.0,0.0,0.0,0.0,0.0
28237000,6,1542.0,1543.0,1543.0,1544.0,1500.0,1500.0,0.0,0.0,0.0,0.0,0.0,0.0,0.0,0.0,0.0,0.0
28339000,6,1543.0,1546.0,1543.0,1543.0,1500.0,1500.0,0.0,0.0,0.0,0.0,0.0,0.0,0.0,0.0,0.0,0.0
28439000,6,1542.0,1545.0,1543.0,1542.0,1500.0,1500.0,0.0,0.0,0.0,0.0,0.0,0.0,0.0,0.0,0.0,0.0
28539000,6,1542.0,1542.0,1543.0,1538.0,1500.0,1500.0,0.0,0.0,0.0,0.0,0.0,0.0,0.0,0.0,0.0,0.0
28639000,6,1539.0,1540.0,1543.0,1538.0,1500.0,1500.0,0.0,0.0,0.0,0.0,0.0,0.0,0.0,0.0,0.0,0.0
28737000,6,1542.0,1537.0,1541.0,1542.0,1500.0,1500.0,0.0,0.0,0.0,0.0,0.0,0.0,0.0,0.0,0.0,0.0
28840000,6,1540.0,1540.0,1541.0,1542.0,1500.0,1500.0,0.0,0.0,0.0,0.0,0.0,0.0,0.0,0.0,0.0,0.0
28940000,6,1541.0,1540.0,1540.0,1538.0,1500.0,1500.0,0.0,0.0,0.0,0.0,0.0,0.0,0.0,0.0,0.0,0.0
29036000,6,1537.0,1541.0,1538.0,1543.0,1500.0,1500.0,0.0,0.0,0.0,0.0,0.0,0.0,0.0,0.0,0.0,0.0
29137000,6,1541.0,1537.0,1539.0,1541.0,1500.0,1500.0,0.0,0.0,0.0,0.0,0.0,0.0,0.0,0.0,0.0,0.0
29237000,6,1542.0,1541.0,1543.0,1539.0,1500.0,1500.0,0.0,0.0,0.0,0.0,0.0,0.0,0.0,0.0,0.0,0.0
29338000,6,1543.0,1539.0,1542.0,1542.0,1500.0,1500.0,0.0,0.0,0.0,0.0,0.0,0.0,0.0,0.0,0.0,0.0
29439000,6,1543.0,1541.0,1539.0,1543.0,1500.0,1500.0,0.0,0.0,0.0,0.0,0.0,0.0,0.0,0.0,0.0,0.0
29539000,6,1541.0,1544.0,1541.0,1546.0,1500.0,1500.0,0.0,0.0,0.0,0.0,0.0,0.0,0.0,0.0,0.0,0.0
29639000,6,1536.0,1534.0,1533.0,1533.0,1500.0,1500.0,0.0,0.0,0.0,0.0,0.0,0.0,0.0,0.0,0.0,0.0
29740000,6,1485.0,1482.0,1486.0,1485.0,1500.0,1500.0,0.0,0.0,0.0,0.0,0.0,0.0,0.0,0.0,0.0,0.0
29839000,6,1463.0,1464.0,1465.0,1462.0,1500.0,1500.0,0.0,0.0,0.0,0.0,0.0,0.0,0.0,0.0,0.0,0.0
29939000,6,1457.0,1463.0,1459.0,1460.0,1500.0,1500.0,0.0,0.0,0.0,0.0,0.0,0.0,0.0,0.0,0.0,0.0
30040000,6,1466.0,1465.0,1467.0,1463.0,1500.0,1500.0,0.0,0.0,0.0,0.0,0.0,0.0,0.0,0.0,0.0,0.0
30140000,6,1473.0,1477.0,1472.0,1474.0,1500.0,1500.0,0.0,0.0,0.0,0.0,0.0,0.0,0.0,0.0,0.0,0.0
30237000,6,1483.0,1481.0,1483.0,1482.0,1500.0,1500.0,0.0,0.0,0.0,0.0,0.0,0.0,0.0,0.0,0.0,0.0
30339000,6,1488.0,1489.0,1489.0,1490.0,1500.0,1500.0,0.0,0.0,0.0,0.0,0.0,0.0,0.0,0.0,0.0,0.0
30439000,6,1495.0,1494.0,1493.0,1497.0,1500.0,1500.0,0.0,0.0,0.0,0.0,0.0,0.0,0.0,0.0,0.0,0.0
30537000,6,1501.0,1501.0,1500.0,1502.0,1500.0,1500.0,0.0,0.0,0.0,0.0,0.0,0.0,0.0,0.0,0.0,0.0
30637000,6,1505.0,1504.0,1504.0,1507.0,1500.0,1500.0,0.0,0.0,0.0,0.0,0.0,0.0,0.0,0.0,0.0,0.0
30737000,6,1510.0,1508.0,1510.0,1504.0,1500.0,1500.0,0.0,0.0,0.0,0.0,0.0,0.0,0.0,0.0,0.0,0.0
30840000,6,1509.0,1507.0,1511.0,1507.0,1500.0,1500.0,0.0,0.0,0.0,0.0,0.0,0.0,0.0,0.0,0.0,0.0
30940000,6,1510.0,1507.0,1509.0,1504.0,1500.0,1500.0,0.0,0.0,0.0,0.0,0.0,0.0,0.0,0.0,0.0,0.0
31040000,6,1506.0,1507.0,1509.0,1506.0,1500.0,1500.0,0.0,0.0,0.0,0.0,0.0,0.0,0.0,0.0,0.0,0.0
31140000,6,1508.0,1510.0,1510.0,1505.0,1500.0,1500.0,0.0,0.0,0.0,0.0,0.0,0.0,0.0,0.0,0.0,0.0
31237000,6,1509.0,1513.0,1513.0,1509.0,1500.0,1500.0,0.0,0.0,0.0,0.0,0.0,0.0,0.0,0.0,0.0,0.0
31339000,6,1517.0,1513.0,1518.0,1512.0,1500.0,1500.0,0.0,0.0,0.0,0.0,0.0,0.0,0.0,0.0,0.0,0.0
31440000,6,1515.0,1518.0,1515.0,1518.0,1500.0,1500.0,0.0,0.0,0.0,0.0,0.0,0.0,0.0,0.0,0.0,0.0
31540000,6,1514.0,1516.0,1516.0,1517.0,1500.0,1500.0,0.0,0.0,0.0,0.0,0.0,0.0,0.0,0.0,0.0,0.0
31640000,6,1514.0,1517.0,1514.0,1517.0,1500.0,1500.0,0.0,0.0,0.0,0.0,0.0,0.0,0.0,0.0,0.0,0.0
31737000,6,1516.0,1515.0,1515.0,1518.0,1500.0,1500.0,0.0,0.0,0.0,0.0,0.0,0.0,0.0,0.0,0.0,0.0
31839000,6,1517.0,1518.0,1517.0,1516.0,1500.0,1500.0,0.0,0.0,0.0,0.0,0.0,0.0,0.0,0.0,0.0,0.0
31939000,6,1522.0,1518.0,1520.0,1520.0,1500.0,1500.0,0.0,0.0,0.0,0.0,0.0,0.0,0.0,0.0,0.0,0.0
32035000,6,1523.0,1523.0,1521.0,1525.0,1500.0,1500.0,0.0,0.0,0.0,0.0,0.0,0.0,0.0,0.0,0.0,0.0
32140000,6,1523.0,1527.0,1523.0,1529.0,1500.0,1500.0,0.0,0.0,0.0,0.0,0.0,0.0,0.0,0.0,0.0,0.0
32237000,6,1526.0,1530.0,1524.0,1531.0,1500.0,1500.0,0.0,0.0,0.0,0.0,0.0,0.0,0.0,0.0,0.0,0.0
32340000,6,1528.0,1529.0,1527.0,1527.0,1500.0,1500.0,0.0,0.0,0.0,0.0,0.0,0.0,0.0,0.0,0.0,0.0
32440000,6,1527.0,1530.0,1527.0,1529.0,1500.0,1500.0,0.0,0.0,0.0,0.0,0.0,0.0,0.0,0.0,0.0,0.0
32537000,6,1531.0,1526.0,1528.0,1528.0,1500.0,1500.0,0.0,0.0,0.0,0.0,0.0,0.0,0.0,0.0,0.0,0.0
32638000,6,1528.0,1525.0,1527.0,1525.0,1500.0,1500.0,0.0,0.0,0.0,0.0,0.0,0.0,0.0,0.0,0.0,0.0
32740000,6,1526.0,1525.0,1525.0,1527.0,1500.0,1500.0,0.0,0.0,0.0,0.0,0.0,0.0,0.0,0.0,0.0,0.0
32837000,6,1524.0,1527.0,1524.0,1524.0,1500.0,1500.0,0.0,0.0,0.0,0.0,0.0,0.0,0.0,0.0,0.0,0.0
32939000,6,1526.0,1524.0,1527.0,1524.0,1500.0,1500.0,0.0,0.0,0.0,0.0,0.0,0.0,0.0,0.0,0.0,0.0
33040000,6,1527.0,1528.0,1526.0,1528.0,1500.0,1500.0,0.0,0.0,0.0,0.0,0.0,0.0,0.0,0.0,0.0,0.0
33140000,6,1532.0,1527.0,1528.0,1529.0,1500.0,1500.0,0.0,0.0,0.0,0.0,0.0,0.0,0.0,0.0,0.0,0.0
33240000,6,1532.0,1529.0,1533.0,1528.0,1500.0,1500.0,0.0,0.0,0.0,0.0,0.0,0.0,0.0,0.0,0.0,0.0
33338000,6,1536.0,1531.0,1532.0,1531.0,1500.0,1500.0,0.0,0.0,0.0,0.0,0.0,0.0,0.0,0.0,0.0,0.0
33434000,6,1536.0,1530.0,1534.0,1530.0,1500.0,1500.0,0.0,0.0,0.0,0.0,0.0,0.0,0.0,0.0,0.0,0.0
33540000,6,1528.0,1531.0,1531.0,1529.0,1500.0,1500.0,0.0,0.0,0.0,0.0,0.0,0.0,0.0,0.0,0.0,0.0
33640000,6,1529.0,1527.0,1530.0,1527.0,1500.0,1500.0,0.0,0.0,0.0,0.0,0.0,0.0,0.0,0.0,0.0,0.0
33740000,6,1528.0,1531.0,1526.0,1532.0,1500.0,1500.0,0.0,0.0,0.0,0.0,0.0,0.0,0.0,0.0,0.0,0.0
33837000,6,1530.0,1529.0,1528.0,1533.0,1500.0,1500.0,0.0,0.0,0.0,0.0,0.0,0.0,0.0,0.0,0.0,0.0
33937000,6,1532.0,1531.0,1530.0,1530.0,1500.0,1500.0,0.0,0.0,0.0,0.0,0.0,0.0,0.0,0.0,0.0,0.0
34037000,6,1532.0,1532.0,1530.0,1536.0,1500.0,1500.0,0.0,0.0,0.0,0.0,0.0,0.0,0.0,0.0,0.0,0.0
34138000,6,1529.0,1533.0,1531.0,1531.0,1500.0,1500.0,0.0,0.0,0.0,0.0,0.0,0.0,0.0,0.0,0.0,0.0
34239000,6,1528.0,1530.0,1529.0,1527.0,1500.0,1500.0,0.0,0.0,0.0,0.0,0.0,0.0,0.0,0.0,0.0,0.0
34339000,6,1529.0,1529.0,1527.0,1529.0,1500.0,1500.0,0.0,0.0,0.0,0.0,0.0,0.0,0.0,0.0,0.0,0.0
34439000,6,1527.0,1529.0,1528.0,1531.0,1500.0,1500.0,0.0,0.0,0.0,0.0,0.0,0.0,0.0,0.0,0.0,0.0
34539000,6,1530.0,1529.0,1529.0,1529.0,1500.0,1500.0,0.0,0.0,0.0,0.0,0.0,0.0,0.0,0.0,0.0,0.0
34640000,6,1526.0,1530.0,1529.0,1531.0,1500.0,1500.0,0.0,0.0,0.0,0.0,0.0,0.0,0.0,0.0,0.0,0.0
34739000,6,1527.0,1531.0,1529.0,1529.0,1500.0,1500.0,0.0,0.0,0.0,0.0,0.0,0.0,0.0,0.0,0.0,0.0
34837000,6,1528.0,1531.0,1530.0,1530.0,1500.0,1500.0,0.0,0.0,0.0,0.0,0.0,0.0,0.0,0.0,0.0,0.0
34937000,6,1528.0,1527.0,1529.0,1529.0,1500.0,1500.0,0.0,0.0,0.0,0.0,0.0,0.0,0.0,0.0,0.0,0.0
35038000,6,1527.0,1527.0,1526.0,1528.0,1500.0,1500.0,0.0,0.0,0.0,0.0,0.0,0.0,0.0,0.0,0.0,0.0
35138000,6,1529.0,1529.0,1529.0,1526.0,1500.0,1500.0,0.0,0.0,0.0,0.0,0.0,0.0,0.0,0.0,0.0,0.0
35240000,6,1530.0,1531.0,1529.0,1532.0,1500.0,1500.0,0.0,0.0,0.0,0.0,0.0,0.0,0.0,0.0,0.0,0.0
35333000,6,1530.0,1533.0,1533.0,1534.0,1500.0,1500.0,0.0,0.0,0.0,0.0,0.0,0.0,0.0,0.0,0.0,0.0
35437000,6,1535.0,1534.0,1530.0,1536.0,1500.0,1500.0,0.0,0.0,0.0,0.0,0.0,0.0,0.0,0.0,0.0,0.0
35537000,6,1532.0,1532.0,1528.0,1534.0,1500.0,1500.0,0.0,0.0,0.0,0.0,0.0,0.0,0.0,0.0,0.0,0.0
35637000,6,1530.0,1533.0,1529.0,1533.0,1500.0,1500.0,0.0,0.0,0.0,0.0,0.0,0.0,0.0,0.0,0.0,0.0
35737000,6,1531.0,1533.0,1534.0,1531.0,1500.0,1500.0,0.0,0.0,0.0,0.0,0.0,0.0,0.0,0.0,0.0,0.0
35838000,6,1533.0,1532.0,1532.0,1533.0,1500.0,1500.0,0.0,0.0,0.0,0.0,0.0,0.0,0.0,0.0,0.0,0.0
35938000,6,1532.0,1535.0,1533.0,1531.0,1500.0,1500.0,0.0,0.0,0.0,0.0,0.0,0.0,0.0,0.0,0.0,0.0
36037000,6,1532.0,1532.0,1533.0,1531.0,1500.0,1500.0,0.0,0.0,0.0,0.0,0.0,0.0,0.0,0.0,0.0,0.0
36138000,6,1535.0,1532.0,1535.0,1529.0,1500.0,1500.0,0.0,0.0,0.0,0.0,0.0,0.0,0.0,0.0,0.0,0.0
36240000,6,1533.0,1533.0,1535.0,1531.0,1500.0,1500.0,0.0,0.0,0.0,0.0,0.0,0.0,0.0,0.0,0.0,0.0
36338000,6,1536.0,1531.0,1535.0,1531.0,1500.0,1500.0,0.0,0.0,0.0,0.0,0.0,0.0,0.0,0.0,0.0,0.0
36439000,6,1537.0,1528.0,1536.0,1530.0,1500.0,1500.0,0.0,0.0,0.0,0.0,0.0,0.0,0.0,0.0,0.0,0.0
36540000,6,1530.0,1531.0,1534.0,1530.0,1500.0,1500.0,0.0,0.0,0.0,0.0,0.0,0.0,0.0,0.0,0.0,0.0
36637000,6,1528.0,1529.0,1531.0,1528.0,1500.0,1500.0,0.0,0.0,0.0,0.0,0.0,0.0,0.0,0.0,0.0,0.0
36737000,6,1528.0,1526.0,1527.0,1528.0,1500.0,1500.0,0.0,0.0,0.0,0.0,0.0,0.0,0.0,0.0,0.0,0.0
36837000,6,1526.0,1527.0,1527.0,1525.0,1500.0,1500.0,0.0,0.0,0.0,0.0,0.0,0.0,0.0,0.0,0.0,0.0
36938000,6,1525.0,1528.0,1525.0,1528.0,1500.0,1500.0,0.0,0.0,0.0,0.0,0.0,0.0,0.0,0.0,0.0,0.0
37038000,6,1525.0,1530.0,1526.0,1529.0,1500.0,1500.0,0.0,0.0,0.0,0.0,0.0,0.0,0.0,0.0,0.0,0.0
37139000,6,1530.0,1526.0,1532.0,1526.0,1500.0,1500.0,0.0,0.0,0.0,0.0,0.0,0.0,0.0,0.0,0.0,0.0
37239000,6,1530.0,1530.0,1532.0,1529.0,1500.0,1500.0,0.0,0.0,0.0,0.0,0.0,0.0,0.0,0.0,0.0,0.0
37340000,6,1528.0,1530.0,1528.0,1532.0,1500.0,1500.0,0.0,0.0,0.0,0.0,0.0,0.0,0.0,0.0,0.0,0.0
37440000,6,1530.0,1527.0,1529.0,1529.0,1500.0,1500.0,0.0,0.0,0.0,0.0,0.0,0.0,0.0,0.0,0.0,0.0
37540000,6,1530.0,1527.0,1530.0,1531.0,1500.0,1500.0,0.0,0.0,0.0,0.0,0.0,0.0,0.0,0.0,0.0,0.0
37640000,6,1533.0,1525.0,1533.0,1529.0,1500.0,1500.0,0.0,0.0,0.0,0.0,0.0,0.0,0.0,0.0,0.0,0.0
37737000,6,1532.0,1533.0,1531.0,1532.0,1500.0,1500.0,0.0,0.0,0.0,0.0,0.0,0.0,0.0,0.0,0.0,0.0
37838000,6,1531.0,1532.0,1531.0,1532.0,1500.0,1500.0,0.0,0.0,0.0,0.0,0.0,0.0,0.0,0.0,0.0,0.0
37940000,6,1521.0,1521.0,1520.0,1521.0,1500.0,1500.0,0.0,0.0,0.0,0.0,0.0,0.0,0.0,0.0,0.0,0.0
38040000,6,1505.0,1503.0,1505.0,1504.0,1500.0,1500.0,0.0,0.0,0.0,0.0,0.0,0.0,0.0,0.0,0.0,0.0
38140000,6,1485.0,1486.0,1485.0,1487.0,1500.0,1500.0,0.0,0.0,0.0,0.0,0.0,0.0,0.0,0.0,0.0,0.0
38240000,6,1469.0,1468.0,1467.0,1466.0,1500.0,1500.0,0.0,0.0,0.0,0.0,0.0,0.0,0.0,0.0,0.0,0.0
38333000,6,1451.0,1452.0,1450.0,1449.0,1500.0,1500.0,0.0,0.0,0.0,0.0,0.0,0.0,0.0,0.0,0.0,0.0
38437000,6,1428.0,1434.0,1429.0,1429.0,1500.0,1500.0,0.0,0.0,0.0,0.0,0.0,0.0,0.0,0.0,0.0,0.0
38537000,6,1413.0,1413.0,1410.0,1411.0,1500.0,1500.0,0.0,0.0,0.0,0.0,0.0,0.0,0.0,0.0,0.0,0.0
38637000,6,1395.0,1392.0,1392.0,1391.0,1500.0,1500.0,0.0,0.0,0.0,0.0,0.0,0.0,0.0,0.0,0.0,0.0
38738000,6,1373.0,1373.0,1371.0,1374.0,1500.0,1500.0,0.0,0.0,0.0,0.0,0.0,0.0,0.0,0.0,0.0,0.0
38840000,6,1355.0,1350.0,1354.0,1353.0,1500.0,1500.0,0.0,0.0,0.0,0.0,0.0,0.0,0.0,0.0,0.0,0.0
38937000,6,1334.0,1330.0,1335.0,1330.0,1500.0,1500.0,0.0,0.0,0.0,0.0,0.0,0.0,0.0,0.0,0.0,0.0
39037000,6,1310.0,1306.0,1309.0,1309.0,1500.0,1500.0,0.0,0.0,0.0,0.0,0.0,0.0,0.0,0.0,0.0,0.0
39133000,6,1287.0,1287.0,1286.0,1287.0,1500.0,1500.0,0.0,0.0,0.0,0.0,0.0,0.0,0.0,0.0,0.0,0.0
39234000,6,1261.0,1262.0,1260.0,1261.0,1500.0,1500.0,0.0,0.0,0.0,0.0,0.0,0.0,0.0,0.0,0.0,0.0
39337000,6,1232.0,1236.0,1237.0,1233.0,1500.0,1500.0,0.0,0.0,0.0,0.0,0.0,0.0,0.0,0.0,0.0,0.0
39437000,6,1200.0,1199.0,1202.0,1197.0,1500.0,1500.0,0.0,0.0,0.0,0.0,0.0,0.0,0.0,0.0,0.0,0.0
39534000,6,1165.0,1166.0,1169.0,1167.0,1500.0,1500.0,0.0,0.0,0.0,0.0,0.0,0.0,0.0,0.0,0.0,0.0
39639000,6,1121.0,1118.0,1117.0,1122.0,1500.0,1500.0,0.0,0.0,0.0,0.0,0.0,0.0,0.0,0.0,0.0,0.0
39739000,6,1121.0,1117.0,1117.0,1122.0,1500.0,1500.0,0.0,0.0,0.0,0.0,0.0,0.0,0.0,0.0,0.0,0.0
39833000,6,1121.0,1117.0,1116.0,1124.0,1500.0,1500.0,0.0,0.0,0.0,0.0,0.0,0.0,0.0,0.0,0.0,0.0
39938000,6,1121.0,1117.0,1120.0,1121.0,1500.0,1500.0,0.0,0.0,0.0,0.0,0.0,0.0,0.0,0.0,0.0,0.0
40038000,6,1116.0,1122.0,1122.0,1118.0,1500.0,1500.0,0.0,0.0,0.0,0.0,0.0,0.0,0.0,0.0,0.0,0.0
40139000,6,1116.0,1122.0,1121.0,1119.0,1500.0,1500.0,0.0,0.0,0.0,0.0,0.0,0.0,0.0,0.0,0.0,0.0
40239000,6,1118.0,1119.0,1122.0,1119.0,1500.0,1500.0,0.0,0.0,0.0,0.0,0.0,0.0,0.0,0.0,0.0,0.0
40334000,6,1117.0,1118.0,1123.0,1120.0,1500.0,1500.0,0.0,0.0,0.0,0.0,0.0,0.0,0.0,0.0,0.0,0.0
40434000,6,1119.0,1117.0,1124.0,1118.0,1500.0,1500.0,0.0,0.0,0.0,0.0,0.0,0.0,0.0,0.0,0.0,0.0
40534000,6,1120.0,1116.0,1121.0,1121.0,1500.0,1500.0,0.0,0.0,0.0,0.0,0.0,0.0,0.0,0.0,0.0,0.0
40638000,6,1119.0,1118.0,1118.0,1122.0,1500.0,1500.0,0.0,0.0,0.0,0.0,0.0,0.0,0.0,0.0,0.0,0.0
40734000,6,1118.0,1122.0,1115.0,1122.0,1500.0,1500.0,0.0,0.0,0.0,0.0,0.0,0.0,0.0,0.0,0.0,0.0
40838000,6,1117.0,1122.0,1118.0,1120.0,1500.0,1500.0,0.0,0.0,0.0,0.0,0.0,0.0,0.0,0.0,0.0,0.0
40935000,6,1118.0,1121.0,1121.0,1118.0,1500.0,1500.0,0.0,0.0,0.0,0.0,0.0,0.0,0.0,0.0,0.0,0.0
41039000,6,1121.0,1118.0,1122.0,1117.0,1500.0,1500.0,0.0,0.0,0.0,0.0,0.0,0.0,0.0,0.0,0.0,0.0
41132000,6,1122.0,1119.0,1123.0,1115.0,1500.0,1500.0,0.0,0.0,0.0,0.0,0.0,0.0,0.0,0.0,0.0,0.0
41234000,6,1120.0,1120.0,1120.0,1118.0,1500.0,1500.0,0.0,0.0,0.0,0.0,0.0,0.0,0.0,0.0,0.0,0.0
41340000,6,1118.0,1121.0,1118.0,1121.0,1500.0,1500.0,0.0,0.0,0.0,0.0,0.0,0.0,0.0,0.0,0.0,0.0
41440000,6,1120.0,1119.0,1118.0,1121.0,1500.0,1500.0,0.0,0.0,0.0,0.0,0.0,0.0,0.0,0.0,0.0,0.0
41540000,6,1121.0,1120.0,1118.0,1119.0,1500.0,1500.0,0.0,0.0,0.0,0.0,0.0,0.0,0.0,0.0,0.0,0.0
41638000,6,1120.0,1120.0,1117.0,1121.0,1500.0,1500.0,0.0,0.0,0.0,0.0,0.0,0.0,0.0,0.0,0.0,0.0
41739000,6,1118.0,1120.0,1121.0,1119.0,1500.0,1500.0,0.0,0.0,0.0,0.0,0.0,0.0,0.0,0.0,0.0,0.0
41839000,6,1119.0,1120.0,1120.0,1119.0,1500.0,1500.0,0.0,0.0,0.0,0.0,0.0,0.0,0.0,0.0,0.0,0.0
41933000,6,1120.0,1122.0,1117.0,1118.0,1500.0,1500.0,0.0,0.0,0.0,0.0,0.0,0.0,0.0,0.0,0.0,0.0
42037000,6,1120.0,1121.0,1120.0,1118.0,1500.0,1500.0,0.0,0.0,0.0,0.0,0.0,0.0,0.0,0.0,0.0,0.0
42137000,6,1120.0,1119.0,1121.0,1118.0,1500.0,1500.0,0.0,0.0,0.0,0.0,0.0,0.0,0.0,0.0,0.0,0.0
42234000,6,1118.0,1120.0,1120.0,1120.0,1500.0,1500.0,0.0,0.0,0.0,0.0,0.0,0.0,0.0,0.0,0.0,0.0
42338000,6,1117.0,1125.0,1120.0,1117.0,1500.0,1500.0,0.0,0.0,0.0,0.0,0.0,0.0,0.0,0.0,0.0,0.0
42438000,6,1115.0,1127.0,1120.0,1117.0,1500.0,1500.0,0.0,0.0,0.0,0.0,0.0,0.0,0.0,0.0,0.0,0.0
42538000,6,1119.0,1120.0,1120.0,1119.0,1500.0,1500.0,0.0,0.0,0.0,0.0,0.0,0.0,0.0,0.0,0.0,0.0
42638000,6,1125.0,1116.0,1119.0,1118.0,1500.0,1500.0,0.0,0.0,0.0,0.0,0.0,0.0,0.0,0.0,0.0,0.0
42734000,6,1125.0,1114.0,1117.0,1122.0,1500.0,1500.0,0.0,0.0,0.0,0.0,0.0,0.0,0.0,0.0,0.0,0.0
42833000,6,1126.0,1112.0,1118.0,1123.0,1500.0,1500.0,0.0,0.0,0.0,0.0,0.0,0.0,0.0,0.0,0.0,0.0
42937000,6,1122.0,1115.0,1117.0,1124.0,1500.0,1500.0,0.0,0.0,0.0,0.0,0.0,0.0,0.0,0.0,0.0,0.0
43034000,6,1118.0,1118.0,1119.0,1123.0,1500.0,1500.0,0.0,0.0,0.0,0.0,0.0,0.0,0.0,0.0,0.0,0.0
43138000,6,1115.0,1124.0,1121.0,1118.0,1500.0,1500.0,0.0,0.0,0.0,0.0,0.0,0.0,0.0,0.0,0.0,0.0
43239000,6,1115.0,1123.0,1124.0,1117.0,1500.0,1500.0,0.0,0.0,0.0,0.0,0.0,0.0,0.0,0.0,0.0,0.0
43337000,6,1115.0,1123.0,1118.0,1122.0,1500.0,1500.0,0.0,0.0,0.0,0.0,0.0,0.0,0.0,0.0,0.0,0.0
43433000,6,1115.0,1121.0,1114.0,1127.0,1500.0,1500.0,0.0,0.0,0.0,0.0,0.0,0.0,0.0,0.0,0.0,0.0
43533000,6,1120.0,1117.0,1118.0,1123.0,1500.0,1500.0,0.0,0.0,0.0,0.0,0.0,0.0,0.0,0.0,0.0,0.0
43637000,6,1124.0,1112.0,1125.0,1117.0,1500.0,1500.0,0.0,0.0,0.0,0.0,0.0,0.0,0.0,0.0,0.0,0.0
43738000,6,1121.0,1117.0,1127.0,1113.0,1500.0,1500.0,0.0,0.0,0.0,0.0,0.0,0.0,0.0,0.0,0.0,0.0
43834000,6,1120.0,1118.0,1123.0,1118.0,1500.0,1500.0,0.0,0.0,0.0,0.0,0.0,0.0,0.0,0.0,0.0,0.0
43939000,6,1117.0,1121.0,1122.0,1118.0,1500.0,1500.0,0.0,0.0,0.0,0.0,0.0,0.0,0.0,0.0,0.0,0.0
44040000,6,1118.0,1122.0,1119.0,1119.0,1500.0,1500.0,0.0,0.0,0.0,0.0,0.0,0.0,0.0,0.0,0.0,0.0
44133000,6,1118.0,1121.0,1117.0,1122.0,1500.0,1500.0,0.0,0.0,0.0,0.0,0.0,0.0,0.0,0.0,0.0,0.0
44238000,6,1118.0,1121.0,1118.0,1121.0,1500.0,1500.0,0.0,0.0,0.0,0.0,0.0,0.0,0.0,0.0,0.0,0.0
44338000,6,1121.0,1117.0,1119.0,1121.0,1500.0,1500.0,0.0,0.0,0.0,0.0,0.0,0.0,0.0,0.0,0.0,0.0
44438000,6,1120.0,1117.0,1118.0,1123.0,1500.0,1500.0,0.0,0.0,0.0,0.0,0.0,0.0,0.0,0.0,0.0,0.0
44539000,6,1121.0,1120.0,1118.0,1119.0,1500.0,1500.0,0.0,0.0,0.0,0.0,0.0,0.0,0.0,0.0,0.0,0.0
44639000,6,1118.0,1119.0,1123.0,1118.0,1500.0,1500.0,0.0,0.0,0.0,0.0,0.0,0.0,0.0,0.0,0.0,0.0
44739000,6,1117.0,1122.0,1120.0,1119.0,1500.0,1500.0,0.0,0.0,0.0,0.0,0.0,0.0,0.0,0.0,0.0,0.0
44839000,6,1118.0,1121.0,1120.0,1120.0,1500.0,1500.0,0.0,0.0,0.0,0.0,0.0,0.0,0.0,0.0,0.0,0.0
44939000,6,1119.0,1120.0,1119.0,1120.0,1500.0,1500.0,0.0,0.0,0.0,0.0,0.0,0.0,0.0,0.0,0.0,0.0
45039000,6,1121.0,1119.0,1118.0,1119.0,1500.0,1500.0,0.0,0.0,0.0,0.0,0.0,0.0,0.0,0.0,0.0,0.0
45140000,6,1122.0,1116.0,1121.0,1119.0,1500.0,1500.0,0.0,0.0,0.0,0.0,0.0,0.0,0.0,0.0,0.0,0.0
45238000,6,1121.0,1120.0,1115.0,1122.0,1500.0,1500.0,0.0,0.0,0.0,0.0,0.0,0.0,0.0,0.0,0.0,0.0
45333000,6,1121.0,1120.0,1117.0,1120.0,1500.0,1500.0,0.0,0.0,0.0,0.0,0.0,0.0,0.0,0.0,0.0,0.0
45433000,6,1120.0,1121.0,1122.0,1115.0,1500.0,1500.0,0.0,0.0,0.0,0.0,0.0,0.0,0.0,0.0,0.0,0.0
45533000,6,1119.0,1120.0,1120.0,1119.0,1500.0,1500.0,0.0,0.0,0.0,0.0,0.0,0.0,0.0,0.0,0.0,0.0
45639000,6,1117.0,1122.0,1116.0,1122.0,1500.0,1500.0,0.0,0.0,0.0,0.0,0.0,0.0,0.0,0.0,0.0,0.0
45740000,6,1120.0,1121.0,1117.0,1120.0,1500.0,1500.0,0.0,0.0,0.0,0.0,0.0,0.0,0.0,0.0,0.0,0.0
45839000,6,1120.0,1120.0,1115.0,1124.0,1500.0,1500.0,0.0,0.0,0.0,0.0,0.0,0.0,0.0,0.0,0.0,0.0
45939000,6,1119.0,1120.0,1115.0,1124.0,1500.0,1500.0,0.0,0.0,0.0,0.0,0.0,0.0,0.0,0.0,0.0,0.0
46039000,6,1118.0,1120.0,1119.0,1121.0,1500.0,1500.0,0.0,0.0,0.0,0.0,0.0,0.0,0.0,0.0,0.0,0.0
46136000,6,1122.0,1117.0,1124.0,1115.0,1500.0,1500.0,0.0,0.0,0.0,0.0,0.0,0.0,0.0,0.0,0.0,0.0
46237000,6,1121.0,1116.0,1126.0,1115.0,1500.0,1500.0,0.0,0.0,0.0,0.0,0.0,0.0,0.0,0.0,0.0,0.0
46338000,6,1116.0,1121.0,1123.0,1118.0,1500.0,1500.0,0.0,0.0,0.0,0.0,0.0,0.0,0.0,0.0,0.0,0.0
46438000,6,1116.0,1123.0,1121.0,1119.0,1500.0,1500.0,0.0,0.0,0.0,0.0,0.0,0.0,0.0,0.0,0.0,0.0
46538000,6,1117.0,1122.0,1118.0,1122.0,1500.0,1500.0,0.0,0.0,0.0,0.0,0.0,0.0,0.0,0.0,0.0,0.0
46636000,6,1122.0,1118.0,1116.0,1122.0,1500.0,1500.0,0.0,0.0,0.0,0.0,0.0,0.0,0.0,0.0,0.0,0.0
46740000,6,1123.0,1116.0,1117.0,1122.0,1500.0,1500.0,0.0,0.0,0.0,0.0,0.0,0.0,0.0,0.0,0.0,0.0
46834000,6,1123.0,1113.0,1124.0,1118.0,1500.0,1500.0,0.0,0.0,0.0,0.0,0.0,0.0,0.0,0.0,0.0,0.0
46934000,6,1120.0,1118.0,1121.0,1119.0,1500.0,1500.0,0.0,0.0,0.0,0.0,0.0,0.0,0.0,0.0,0.0,0.0
47039000,6,1119.0,1118.0,1121.0,1120.0,1500.0,1500.0,0.0,0.0,0.0,0.0,0.0,0.0,0.0,0.0,0.0,0.0
47140000,6,1117.0,1121.0,1122.0,1119.0,1500.0,1500.0,0.0,0.0,0.0,0.0,0.0,0.0,0.0,0.0,0.0,0.0
47240000,6,1115.0,1122.0,1122.0,1119.0,1500.0,1500.0,0.0,0.0,0.0,0.0,0.0,0.0,0.0,0.0,0.0,0.0
47339000,6,1118.0,1120.0,1119.0,1120.0,1500.0,1500.0,0.0,0.0,0.0,0.0,0.0,0.0,0.0,0.0,0.0,0.0
47439000,6,1118.0,1123.0,1117.0,1120.0,1500.0,1500.0,0.0,0.0,0.0,0.0,0.0,0.0,0.0,0.0,0.0,0.0
47539000,6,1117.0,1121.0,1119.0,1120.0,1500.0,1500.0,0.0,0.0,0.0,0.0,0.0,0.0,0.0,0.0,0.0,0.0
47640000,6,1124.0,1115.0,1120.0,1119.0,1500.0,1500.0,0.0,0.0,0.0,0.0,0.0,0.0,0.0,0.0,0.0,0.0
47737000,6,1123.0,1117.0,1120.0,1118.0,1500.0,1500.0,0.0,0.0,0.0,0.0,0.0,0.0,0.0,0.0,0.0,0.0
47839000,6,1121.0,1117.0,1119.0,1121.0,1500.0,1500.0,0.0,0.0,0.0,0.0,0.0,0.0,0.0,0.0,0.0,0.0
47939000,6,1121.0,1119.0,1118.0,1119.0,1500.0,1500.0,0.0,0.0,0.0,0.0,0.0,0.0,0.0,0.0,0.0,0.0
48040000,6,1120.0,1120.0,1120.0,1119.0,1500.0,1500.0,0.0,0.0,0.0,0.0,0.0,0.0,0.0,0.0,0.0,0.0
48140000,6,1119.0,1120.0,1121.0,1118.0,1500.0,1500.0,0.0,0.0,0.0,0.0,0.0,0.0,0.0,0.0,0.0,0.0
48233000,6,1118.0,1120.0,1121.0,1119.0,1500.0,1500.0,0.0,0.0,0.0,0.0,0.0,0.0,0.0,0.0,0.0,0.0
48338000,6,1122.0,1119.0,1122.0,1115.0,1500.0,1500.0,0.0,0.0,0.0,0.0,0.0,0.0,0.0,0.0,0.0,0.0
48438000,6,1120.0,1119.0,1122.0,1117.0,1500.0,1500.0,0.0,0.0,0.0,0.0,0.0,0.0,0.0,0.0,0.0,0.0
48540000,6,1121.0,1119.0,1117.0,1121.0,1500.0,1500.0,0.0,0.0,0.0,0.0,0.0,0.0,0.0,0.0,0.0,0.0
48637000,6,1121.0,1118.0,1116.0,1123.0,1500.0,1500.0,0.0,0.0,0.0,0.0,0.0,0.0,0.0,0.0,0.0,0.0
48737000,6,1118.0,1121.0,1112.0,1126.0,1500.0,1500.0,0.0,0.0,0.0,0.0,0.0,0.0,0.0,0.0,0.0,0.0
48837000,6,1118.0,1121.0,1116.0,1123.0,1500.0,1500.0,0.0,0.0,0.0,0.0,0.0,0.0,0.0,0.0,0.0,0.0
48933000,6,1117.0,1123.0,1119.0,1119.0,1500.0,1500.0,0.0,0.0,0.0,0.0,0.0,0.0,0.0,0.0,0.0,0.0
49038000,6,1115.0,1122.0,1122.0,1118.0,1500.0,1500.0,0.0,0.0,0.0,0.0,0.0,0.0,0.0,0.0,0.0,0.0
49138000,6,1114.0,1125.0,1123.0,1116.0,1500.0,1500.0,0.0,0.0,0.0,0.0,0.0,0.0,0.0,0.0,0.0,0.0
49234000,6,1121.0,1119.0,1124.0,1115.0,1500.0,1500.0,0.0,0.0,0.0,0.0,0.0,0.0,0.0,0.0,0.0,0.0
49338000,6,1119.0,1119.0,1121.0,1119.0,1500.0,1500.0,0.0,0.0,0.0,0.0,0.0,0.0,0.0,0.0,0.0,0.0
49438000,6,1121.0,1117.0,1122.0,1118.0,1500.0,1500.0,0.0,0.0,0.0,0.0,0.0,0.0,0.0,0.0,0.0,0.0
49538000,6,1122.0,1120.0,1116.0,1121.0,1500.0,1500.0,0.0,0.0,0.0,0.0,0.0,0.0,0.0,0.0,0.0,0.0
49638000,6,1118.0,1121.0,1115.0,1124.0,1500.0,1500.0,0.0,0.0,0.0,0.0,0.0,0.0,0.0,0.0,0.0,0.0
49739000,6,1119.0,1121.0,1118.0,1121.0,1500.0,1500.0,0.0,0.0,0.0,0.0,0.0,0.0,0.0,0.0,0.0,0.0
49839000,6,1117.0,1123.0,1120.0,1118.0,1500.0,1500.0,0.0,0.0,0.0,0.0,0.0,0.0,0.0,0.0,0.0,0.0
49939000,6,1120.0,1119.0,1122.0,1117.0,1500.0,1500.0,0.0,0.0,0.0,0.0,0.0,0.0,0.0,0.0,0.0,0.0
50040000,6,1118.0,1121.0,1122.0,1117.0,1500.0,1500.0,0.0,0.0,0.0,0.0,0.0,0.0,0.0,0.0,0.0,0.0
50140000,6,1118.0,1119.0,1123.0,1117.0,1500.0,1500.0,0.0,0.0,0.0,0.0,0.0,0.0,0.0,0.0,0.0,0.0
50237000,6,1118.0,1122.0,1119.0,1119.0,1500.0,1500.0,0.0,0.0,0.0,0.0,0.0,0.0,0.0,0.0,0.0,0.0
50340000,6,1119.0,1119.0,1117.0,1124.0,1500.0,1500.0,0.0,0.0,0.0,0.0,0.0,0.0,0.0,0.0,0.0,0.0
50436000,6,1123.0,1116.0,1114.0,1125.0,1500.0,1500.0,0.0,0.0,0.0,0.0,0.0,0.0,0.0,0.0,0.0,0.0
50540000,6,1124.0,1113.0,1117.0,1123.0,1500.0,1500.0,0.0,0.0,0.0,0.0,0.0,0.0,0.0,0.0,0.0,0.0
50640000,6,1122.0,1117.0,1117.0,1122.0,1500.0,1500.0,0.0,0.0,0.0,0.0,0.0,0.0,0.0,0.0,0.0,0.0
50740000,6,1122.0,1118.0,1122.0,1117.0,1500.0,1500.0,0.0,0.0,0.0,0.0,0.0,0.0,0.0,0.0,0.0,0.0
50840000,6,1115.0,1125.0,1118.0,1120.0,1500.0,1500.0,0.0,0.0,0.0,0.0,0.0,0.0,0.0,0.0,0.0,0.0
50940000,6,1117.0,1122.0,1122.0,1117.0,1500.0,1500.0,0.0,0.0,0.0,0.0,0.0,0.0,0.0,0.0,0.0,0.0
51037000,6,1119.0,1121.0,1122.0,1117.0,1500.0,1500.0,0.0,0.0,0.0,0.0,0.0,0.0,0.0,0.0,0.0,0.0
51137000,6,1121.0,1117.0,1123.0,1117.0,1500.0,1500.0,0.0,0.0,0.0,0.0,0.0,0.0,0.0,0.0,0.0,0.0
51238000,6,1122.0,1116.0,1122.0,1118.0,1500.0,1500.0,0.0,0.0,0.0,0.0,0.0,0.0,0.0,0.0,0.0,0.0
51338000,6,1124.0,1115.0,1118.0,1120.0,1500.0,1500.0,0.0,0.0,0.0,0.0,0.0,0.0,0.0,0.0,0.0,0.0
51438000,6,1120.0,1120.0,1117.0,1121.0,1500.0,1500.0,0.0,0.0,0.0,0.0,0.0,0.0,0.0,0.0,0.0,0.0
51539000,6,1119.0,1119.0,1117.0,1123.0,1500.0,1500.0,0.0,0.0,0.0,0.0,0.0,0.0,0.0,0.0,0.0,0.0
51639000,6,1118.0,1119.0,1120.0,1120.0,1500.0,1500.0,0.0,0.0,0.0,0.0,0.0,0.0,0.0,0.0,0.0,0.0
51733000,6,1117.0,1122.0,1121.0,1118.0,1500.0,1500.0,0.0,0.0,0.0,0.0,0.0,0.0,0.0,0.0,0.0,0.0
51838000,6,1119.0,1117.0,1123.0,1119.0,1500.0,1500.0,0.0,0.0,0.0,0.0,0.0,0.0,0.0,0.0,0.0,0.0
51934000,6,1119.0,1120.0,1121.0,1119.0,1500.0,1500.0,0.0,0.0,0.0,0.0,0.0,0.0,0.0,0.0,0.0,0.0
52039000,6,1119.0,1120.0,1122.0,1117.0,1500.0,1500.0,0.0,0.0,0.0,0.0,0.0,0.0,0.0,0.0,0.0,0.0
52133000,6,1120.0,1118.0,1122.0,1118.0,1500.0,1500.0,0.0,0.0,0.0,0.0,0.0,0.0,0.0,0.0,0.0,0.0
52237000,6,1122.0,1118.0,1120.0,1119.0,1500.0,1500.0,0.0,0.0,0.0,0.0,0.0,0.0,0.0,0.0,0.0,0.0
52339000,6,1117.0,1121.0,1121.0,1119.0,1500.0,1500.0,0.0,0.0,0.0,0.0,0.0,0.0,0.0,0.0,0.0,0.0
52439000,6,1119.0,1119.0,1121.0,1119.0,1500.0,1500.0,0.0,0.0,0.0,0.0,0.0,0.0,0.0,0.0,0.0,0.0
52539000,6,1121.0,1117.0,1117.0,1123.0,1500.0,1500.0,0.0,0.0,0.0,0.0,0.0,0.0,0.0,0.0,0.0,0.0
52640000,6,1119.0,1120.0,1116.0,1123.0,1500.0,1500.0,0.0,0.0,0.0,0.0,0.0,0.0,0.0,0.0,0.0,0.0
52733000,6,1121.0,1119.0,1118.0,1121.0,1500.0,1500.0,0.0,0.0,0.0,0.0,0.0,0.0,0.0,0.0,0.0,0.0
52840000,6,1118.0,1119.0,1119.0,1122.0,1500.0,1500.0,0.0,0.0,0.0,0.0,0.0,0.0,0.0,0.0,0.0,0.0
52938000,6,1119.0,1119.0,1122.0,1117.0,1500.0,1500.0,0.0,0.0,0.0,0.0,0.0,0.0,0.0,0.0,0.0,0.0
53041000,6,1117.0,1121.0,1123.0,1117.0,1500.0,1500.0,0.0,0.0,0.0,0.0,0.0,0.0,0.0,0.0,0.0,0.0
53137000,6,1118.0,1120.0,1123.0,1118.0,1500.0,1500.0,0.0,0.0,0.0,0.0,0.0,0.0,0.0,0.0,0.0,0.0
53233000,6,1119.0,1119.0,1120.0,1120.0,1500.0,1500.0,0.0,0.0,0.0,0.0,0.0,0.0,0.0,0.0,0.0,0.0
53333000,6,1122.0,1119.0,1116.0,1122.0,1500.0,1500.0,0.0,0.0,0.0,0.0,0.0,0.0,0.0,0.0,0.0,0.0
53437000,6,1122.0,1116.0,1118.0,1122.0,1500.0,1500.0,0.0,0.0,0.0,0.0,0.0,0.0,0.0,0.0,0.0,0.0
53537000,6,1122.0,1118.0,1117.0,1121.0,1500.0,1500.0,0.0,0.0,0.0,0.0,0.0,0.0,0.0,0.0,0.0,0.0
53637000,6,1118.0,1122.0,1117.0,1121.0,1500.0,1500.0,0.0,0.0,0.0,0.0,0.0,0.0,0.0,0.0,0.0,0.0
53733000,6,1118.0,1121.0,1119.0,1120.0,1500.0,1500.0,0.0,0.0,0.0,0.0,0.0,0.0,0.0,0.0,0.0,0.0
53838000,6,1117.0,1121.0,1123.0,1117.0,1500.0,1500.0,0.0,0.0,0.0,0.0,0.0,0.0,0.0,0.0,0.0,0.0
53934000,6,1117.0,1119.0,1121.0,1121.0,1500.0,1500.0,0.0,0.0,0.0,0.0,0.0,0.0,0.0,0.0,0.0,0.0
54034000,6,1118.0,1120.0,1121.0,1119.0,1500.0,1500.0,0.0,0.0,0.0,0.0,0.0,0.0,0.0,0.0,0.0,0.0
54138000,6,1119.0,1118.0,1120.0,1121.0,1500.0,1500.0,0.0,0.0,0.0,0.0,0.0,0.0,0.0,0.0,0.0,0.0
54234000,6,1122.0,1118.0,1120.0,1118.0,1500.0,1500.0,0.0,0.0,0.0,0.0,0.0,0.0,0.0,0.0,0.0,0.0
54339000,6,1120.0,1121.0,1114.0,1123.0,1500.0,1500.0,0.0,0.0,0.0,0.0,0.0,0.0,0.0,0.0,0.0,0.0
54439000,6,1121.0,1118.0,1118.0,1122.0,1500.0,1500.0,0.0,0.0,0.0,0.0,0.0,0.0,0.0,0.0,0.0,0.0
54539000,6,1121.0,1117.0,1121.0,1119.0,1500.0,1500.0,0.0,0.0,0.0,0.0,0.0,0.0,0.0,0.0,0.0,0.0
54635000,6,1118.0,1119.0,1123.0,1118.0,1500.0,1500.0,0.0,0.0,0.0,0.0,0.0,0.0,0.0,0.0,0.0,0.0
54739000,6,1117.0,1121.0,1123.0,1118.0,1500.0,1500.0,0.0,0.0,0.0,0.0,0.0,0.0,0.0,0.0,0.0,0.0
54833000,6,1120.0,1121.0,1120.0,1117.0,1500.0,1500.0,0.0,0.0,0.0,0.0,0.0,0.0,0.0,0.0,0.0,0.0
54934000,6,1117.0,1121.0,1117.0,1122.0,1500.0,1500.0,0.0,0.0,0.0,0.0,0.0,0.0,0.0,0.0,0.0,0.0
55038000,6,1121.0,1118.0,1117.0,1122.0,1500.0,1500.0,0.0,0.0,0.0,0.0,0.0,0.0,0.0,0.0,0.0,0.0
55140000,6,1120.0,1120.0,1117.0,1122.0,1500.0,1500.0,0.0,0.0,0.0,0.0,0.0,0.0,0.0,0.0,0.0,0.0
55237000,6,1123.0,1118.0,1119.0,1118.0,1500.0,1500.0,0.0,0.0,0.0,0.0,0.0,0.0,0.0,0.0,0.0,0.0
55337000,6,1121.0,1118.0,1121.0,1118.0,1500.0,1500.0,0.0,0.0,0.0,0.0,0.0,0.0,0.0,0.0,0.0,0.0
55437000,6,1122.0,1120.0,1118.0,1118.0,1500.0,1500.0,0.0,0.0,0.0,0.0,0.0,0.0,0.0,0.0,0.0,0.0
55538000,6,1121.0,1119.0,1120.0,1118.0,1500.0,1500.0,0.0,0.0,0.0,0.0,0.0,0.0,0.0,0.0,0.0,0.0
55639000,6,1117.0,1122.0,1118.0,1121.0,1500.0,1500.0,0.0,0.0,0.0,0.0,0.0,0.0,0.0,0.0,0.0,0.0
55740000,6,1120.0,1120.0,1121.0,1117.0,1500.0,1500.0,0.0,0.0,0.0,0.0,0.0,0.0,0.0,0.0,0.0,0.0
55838000,6,1118.0,1122.0,1119.0,1119.0,1500.0,1500.0,0.0,0.0,0.0,0.0,0.0,0.0,0.0,0.0,0.0,0.0
55939000,6,1116.0,1124.0,1119.0,1118.0,1500.0,1500.0,0.0,0.0,0.0,0.0,0.0,0.0,0.0,0.0,0.0,0.0
56041000,6,1120.0,1120.0,1124.0,1115.0,1500.0,1500.0,0.0,0.0,0.0,0.0,0.0,0.0,0.0,0.0,0.0,0.0
56138000,6,1122.0,1117.0,1122.0,1117.0,1500.0,1500.0,0.0,0.0,0.0,0.0,0.0,0.0,0.0,0.0,0.0,0.0
56235000,6,1121.0,1120.0,1117.0,1120.0,1500.0,1500.0,0.0,0.0,0.0,0.0,0.0,0.0,0.0,0.0,0.0,0.0
56340000,6,1118.0,1120.0,1118.0,1121.0,1500.0,1500.0,0.0,0.0,0.0,0.0,0.0,0.0,0.0,0.0,0.0,0.0
56440000,6,1122.0,1119.0,1119.0,1118.0,1500.0,1500.0,0.0,0.0,0.0,0.0,0.0,0.0,0.0,0.0,0.0,0.0
56540000,6,1118.0,1122.0,1118.0,1120.0,1500.0,1500.0,0.0,0.0,0.0,0.0,0.0,0.0,0.0,0.0,0.0,0.0
56640000,6,1117.0,1121.0,1121.0,1119.0,1500.0,1500.0,0.0,0.0,0.0,0.0,0.0,0.0,0.0,0.0,0.0,0.0
56737000,6,1119.0,1119.0,1119.0,1120.0,1500.0,1500.0,0.0,0.0,0.0,0.0,0.0,0.0,0.0,0.0,0.0,0.0
56838000,6,1117.0,1121.0,1120.0,1120.0,1500.0,1500.0,0.0,0.0,0.0,0.0,0.0,0.0,0.0,0.0,0.0,0.0
56934000,6,1119.0,1120.0,1120.0,1119.0,1500.0,1500.0,0.0,0.0,0.0,0.0,0.0,0.0,0.0,0.0,0.0,0.0
57038000,6,1121.0,1116.0,1122.0,1119.0,1500.0,1500.0,0.0,0.0,0.0,0.0,0.0,0.0,0.0,0.0,0.0,0.0
57138000,6,1119.0,1119.0,1119.0,1121.0,1500.0,1500.0,0.0,0.0,0.0,0.0,0.0,0.0,0.0,0.0,0.0,0.0
57238000,6,1118.0,1123.0,1119.0,1118.0,1500.0,1500.0,0.0,0.0,0.0,0.0,0.0,0.0,0.0,0.0,0.0,0.0
57338000,6,1120.0,1118.0,1122.0,1119.0,1500.0,1500.0,0.0,0.0,0.0,0.0,0.0,0.0,0.0,0.0,0.0,0.0
57439000,6,1120.0,1119.0,1122.0,1117.0,1500.0,1500.0,0.0,0.0,0.0,0.0,0.0,0.0,0.0,0.0,0.0,0.0
57539000,6,1119.0,1121.0,1121.0,1118.0,1500.0,1500.0,0.0,0.0,0.0,0.0,0.0,0.0,0.0,0.0,0.0,0.0
57639000,6,1117.0,1121.0,1120.0,1121.0,1500.0,1500.0,0.0,0.0,0.0,0.0,0.0,0.0,0.0,0.0,0.0,0.0
57739000,6,1121.0,1118.0,1119.0,1120.0,1500.0,1500.0,0.0,0.0,0.0,0.0,0.0,0.0,0.0,0.0,0.0,0.0
57840000,6,1121.0,1118.0,1118.0,1121.0,1500.0,1500.0,0.0,0.0,0.0,0.0,0.0,0.0,0.0,0.0,0.0,0.0
57940000,6,1120.0,1120.0,1118.0,1120.0,1500.0,1500.0,0.0,0.0,0.0,0.0,0.0,0.0,0.0,0.0,0.0,0.0
58039000,6,1120.0,1120.0,1120.0,1117.0,1500.0,1500.0,0.0,0.0,0.0,0.0,0.0,0.0,0.0,0.0,0.0,0.0
58140000,6,1117.0,1120.0,1120.0,1121.0,1500.0,1500.0,0.0,0.0,0.0,0.0,0.0,0.0,0.0,0.0,0.0,0.0
58237000,6,1120.0,1119.0,1123.0,1116.0,1500.0,1500.0,0.0,0.0,0.0,0.0,0.0,0.0,0.0,0.0,0.0,0.0
58337000,6,1117.0,1122.0,1120.0,1120.0,1500.0,1500.0,0.0,0.0,0.0,0.0,0.0,0.0,0.0,0.0,0.0,0.0
58439000,6,1118.0,1119.0,1121.0,1120.0,1500.0,1500.0,0.0,0.0,0.0,0.0,0.0,0.0,0.0,0.0,0.0,0.0
58535000,6,1121.0,1120.0,1119.0,1118.0,1500.0,1500.0,0.0,0.0,0.0,0.0,0.0,0.0,0.0,0.0,0.0,0.0
58639000,6,900.0,900.0,900.0,900.0,900.0,900.0,0.0,0.0,0.0,0.0,0.0,0.0,0.0,0.0,0.0,0.0
58740000,6,900.0,900.0,900.0,900.0,900.0,900.0,0.0,0.0,0.0,0.0,0.0,0.0,0.0,0.0,0.0,0.0
58828000,6,900.0,900.0,900.0,900.0,900.0,900.0,0.0,0.0,0.0,0.0,0.0,0.0,0.0,0.0,0.0,0.0
58940000,6,900.0,900.0,900.0,900.0,900.0,900.0,0.0,0.0,0.0,0.0,0.0,0.0,0.0,0.0,0.0,0.0
59039000,6,900.0,900.0,900.0,900.0,900.0,900.0,0.0,0.0,0.0,0.0,0.0,0.0,0.0,0.0,0.0,0.0
59139000,6,900.0,900.0,900.0,900.0,900.0,900.0,0.0,0.0,0.0,0.0,0.0,0.0,0.0,0.0,0.0,0.0
59239000,6,900.0,900.0,900.0,900.0,900.0,900.0,0.0,0.0,0.0,0.0,0.0,0.0,0.0,0.0,0.0,0.0
59339000,6,900.0,900.0,900.0,900.0,900.0,900.0,0.0,0.0,0.0,0.0,0.0,0.0,0.0,0.0,0.0,0.0
59440000,6,900.0,900.0,900.0,900.0,900.0,900.0,0.0,0.0,0.0,0.0,0.0,0.0,0.0,0.0,0.0,0.0
59540000,6,900.0,900.0,900.0,900.0,900.0,900.0,0.0,0.0,0.0,0.0,0.0,0.0,0.0,0.0,0.0,0.0
