timestamp,timestamp_sample,xyz[0],xyz[1],xyz[2]
494000,494000,-0.046362825,-0.0018868458,-9.769885
498000,498000,-0.04167286,0.013037472,-9.757312
547000,547000,0.044102505,0.06074567,-9.797286
596000,596000,-0.025318574,0.004700443,-9.803732
644000,644000,-0.004057901,-0.016153377,-9.903171
694000,694000,0.0021646372,-0.036399424,-9.858746
746000,746000,-0.048650786,0.05586,-9.7678
794000,794000,0.033407755,-0.037305217,-9.763177
847000,847000,-0.0020017968,0.017810544,-9.788883
896000,896000,-0.0057570087,0.027543642,-9.784836
944000,944000,0.039015386,0.04599056,-9.709652
996000,996000,0.011652248,-0.017016,-9.914719
1044000,1044000,0.0010244052,-0.016990703,-9.725791
1097000,1097000,-0.06241834,-0.015298112,-9.843035
1145000,1145000,0.01797793,0.010082653,-9.853931
1195000,1195000,-0.022219632,0.013667025,-9.816148
1247000,1247000,0.0211475,-0.056235068,-9.779132
1295000,1295000,0.026945457,0.0048289835,-9.789636
1347000,1347000,0.016247563,0.049203165,-9.863502
1395000,1395000,-0.031834245,0.0048595616,-9.882801
1447000,1447000,0.02449162,0.022798147,-9.773613
1495000,1495000,-0.0046967035,-0.011565909,-9.897577
1547000,1547000,0.003512924,0.041730884,-9.826074
1595000,1595000,0.041769512,-0.03505281,-9.737461
1647000,1647000,-0.003341009,-0.013119479,-9.835792
1697000,1697000,-0.0033472637,0.021026282,-9.809448
1745000,1745000,0.020192483,-0.021546954,-9.8416605
1797000,1797000,0.031753074,-0.010069535,-9.764864
1845000,1845000,0.032274023,0.02921864,-9.862457
1897000,1897000,0.021947073,0.044721812,-9.765165
1946000,1946000,0.019144861,0.011186418,-9.770948
1995000,1995000,0.0040110783,-0.012220616,-9.818161
2047000,2047000,0.010222735,0.005291756,-9.733795
2091000,2091000,0.012944127,0.008982718,-9.766701
2147000,2147000,0.033168215,0.0020704682,-9.849087
2196000,2196000,-0.0124735385,-0.011297321,-9.8568735
2244000,2244000,0.019299997,0.02469258,-9.711478
2296000,2296000,0.044646233,-0.042008035,-9.700302
2344000,2344000,-0.009076121,0.011660376,-9.88358
2397000,2397000,0.012140528,-0.0008507953,-9.902208
2446000,2446000,0.032028966,0.0371468,-9.82645
2494000,2494000,-0.03473288,-0.04151362,-9.639736
2546000,2546000,0.0115833,0.025930684,-9.847644
2594000,2594000,-0.022779826,-0.003724142,-9.754417
2647000,2647000,-0.014777239,-0.013138082,-9.781007
2696000,2696000,-0.03133759,-0.028206142,-9.822828
2744000,2744000,-0.017546898,-0.024894204,-9.830712
2797000,2797000,0.0019737626,-0.0024959494,-9.746042
2845000,2845000,0.0032424883,0.024775924,-9.746101
2894000,2894000,0.041894317,-0.020731334,-9.74188
2946000,2946000,0.010647103,-0.012091783,-9.713919
2995000,2995000,0.016872574,0.001196079,-9.849613
3047000,3047000,-0.04711972,-0.018526092,-9.885668
3095000,3095000,-0.007044953,0.008218955,-9.8986435
3147000,3147000,0.013591001,0.018132012,-9.866838
3195000,3195000,0.00726614,0.028715655,-9.699838
3247000,3247000,-0.010424539,0.064033516,-9.801848
3295000,3295000,-0.035659436,-0.040409107,-9.784078
3347000,3347000,-0.01873587,0.03763327,-9.842821
3395000,3395000,0.012635507,-0.0064664353,-9.803846
3444000,3444000,0.01215295,0.024941308,-9.711529
3497000,3497000,-0.0043624253,0.0062457295,-9.776303
3547000,3547000,0.013986437,0.00054200063,-9.752684
3595000,3595000,-0.016183559,-0.022087876,-9.789976
3648000,3648000,0.0049327584,0.0713642,-9.741449
3694000,3694000,0.009881062,0.034628756,-9.690378
3746000,3746000,-0.00072864955,0.011662,-9.806538
3795000,3795000,-0.034795716,-0.038739078,-9.882864
3849000,3849000,0.039052423,-0.053745795,-9.787261
3897000,3897000,0.02940382,0.0019684266,-9.776426
3947000,3947000,0.0071206084,0.039874315,-9.82713
3995000,3995000,-0.0023225183,0.05273378,-9.808746
4044000,4044000,-0.011072553,0.013436697,-9.854675
4097000,4097000,-0.013800875,-0.021952022,-9.771364
4145000,4145000,-0.046416163,-0.002893629,-9.776659
4194000,4194000,0.016444001,0.029256731,-9.840918
4247000,4247000,0.0048490213,0.021629997,-9.830847
4295000,4295000,-0.008854426,-0.0035767236,-9.848984
4347000,4347000,-0.0037600584,-0.004800307,-9.72675
4395000,4395000,0.010816151,-0.012487427,-9.824692
4447000,4447000,-0.03148467,0.041794002,-9.821375
4495000,4495000,-0.03858231,-0.022060346,-9.856049
4547000,4547000,0.036024585,-0.0013842279,-9.851657
4595000,4595000,0.011227347,-0.043036666,-9.925472
4647000,4647000,0.014906137,-0.012272794,-9.77126
4697000,4697000,0.012420424,-0.013244843,-9.747866
4745000,4745000,-0.0059990883,-0.055873543,-9.708161
4797000,4797000,0.028666629,0.0040128445,-9.796855
4845000,4845000,0.024851603,-0.03589113,-9.799509
4897000,4897000,0.02819166,-0.07256038,-9.819683
4945000,4945000,0.041693248,0.01367357,-9.686127
4997000,4997000,-0.05494938,0.008352013,-9.791361
5045000,5045000,-0.009818968,0.003335631,-9.758779
5094000,5094000,-0.020121489,-0.018284798,-9.895575
5146000,5146000,-0.01885,0.005788788,-9.831088
5195000,5195000,-0.014450812,0.017306272,-9.82939
5247000,5247000,-0.00066595385,-0.018465202,-9.867755
5295000,5295000,0.016185539,-0.033773296,-9.962995
5347000,5347000,-0.04567582,-0.0004365947,-9.805615
5395000,5395000,0.021380277,0.06307722,-9.778339
5447000,5447000,-0.00299154,0.026791489,-9.837046
5495000,5495000,-0.027676973,0.0051624887,-9.7852745
5547000,5547000,-0.0060588885,-0.034849893,-9.787702
5595000,5595000,0.020786278,0.032030083,-9.777173
5647000,5647000,-0.0096560735,0.028385274,-9.710487
5695000,5695000,-0.0022013192,-0.016963087,-9.712054
5747000,5747000,0.013166577,0.04410132,-9.872795
5795000,5795000,-0.03615791,0.013443407,-9.852522
5847000,5847000,-0.023831505,-0.033385884,-9.862459
5895000,5895000,-0.025583848,-0.0034378888,-9.818952
5947000,5947000,0.02654203,-0.011031328,-9.854288
5995000,5995000,0.004460754,0.007804545,-9.759254
6047000,6047000,0.046287607,-0.020685175,-9.78661
6097000,6097000,0.04705666,-0.0063814325,-9.831836
6145000,6145000,-0.021365456,0.002321029,-9.744728
6197000,6197000,-0.055149447,-0.026333697,-9.8885145
6245000,6245000,-0.00013779523,0.04047493,-9.884531
6297000,6297000,0.026870426,-0.004465332,-9.750605
6345000,6345000,-0.036211815,-0.051927637,-9.940108
6397000,6397000,0.0015449412,-0.021843694,-9.826607
6445000,6445000,-0.048525907,0.032391217,-9.747599
6497000,6497000,0.05637961,-0.043338288,-9.746899
6545000,6545000,-0.04722148,0.003035511,-9.805686
6597000,6597000,0.018598547,-0.0012093313,-9.92177
6645000,6645000,0.0015949621,-0.0073701646,-9.915078
6694000,6694000,0.032233387,0.029024184,-9.813631
6746000,6746000,-0.022370128,0.0029898663,-9.847704
6794000,6794000,-0.006621264,0.024974626,-9.774919
6846000,6846000,0.015348488,0.04208381,-9.859331
6894000,6894000,0.034968525,0.03624308,-9.832954
6946000,6946000,-0.0014079695,-0.021390915,-9.837692
6995000,6995000,-0.0146102775,0.031021066,-9.825428
7047000,7047000,0.018323537,-0.026419904,-9.732808
7095000,7095000,0.022892209,0.0048935865,-9.827113
7147000,7147000,0.042913105,0.023406863,-9.8986435
7195000,7195000,-0.019244293,-0.013254353,-9.778762
7247000,7247000,0.02530152,-0.01783417,-9.743086
7295000,7295000,0.006373098,-0.05154375,-9.795994
7347000,7347000,0.01648421,-0.03248486,-9.730416
7395000,7395000,0.007639949,0.041291893,-9.900822
7447000,7447000,0.0057736533,-0.012555551,-9.836732
7495000,7495000,0.03550396,0.023099368,-9.735692
7544000,7544000,0.010954509,-0.03890775,-9.797709
7597000,7597000,0.004887374,0.05315506,-9.796471
7645000,7645000,-0.029585807,0.0032550003,-9.801201
7695000,7695000,-0.012095526,0.027707454,-9.709135
7747000,7747000,-0.014381209,-0.05364503,-9.883839
7795000,7795000,0.0021821898,0.03747888,-9.787665
7847000,7847000,0.035337396,0.010695782,-9.768486
7895000,7895000,-0.022914503,0.009174767,-9.80017
7947000,7947000,-0.015934372,-0.0016075708,-9.847733
7995000,7995000,0.020836875,-0.026785346,-9.780006
8047000,8047000,-0.011430262,0.020653429,-9.738835
8095000,8095000,0.0030602093,0.05102255,-9.884753
8147000,8147000,-0.043174244,0.009448361,-9.743713
8196000,8196000,0.02773541,-0.01594412,-9.830146
8245000,8245000,0.047020055,0.053461947,-9.844774
8297000,8297000,0.026525998,0.016812602,-9.789175
8345000,8345000,0.02717432,0.018939052,-9.852932
8397000,8397000,0.008183731,0.018998016,-9.741068
8446000,8446000,0.009638155,0.05891771,-9.765684
8494000,8494000,-0.015990568,0.017404964,-9.78122
8546000,8546000,0.041542936,0.056707457,-9.860459
8594000,8594000,-0.0055011325,0.026081359,-9.787685
8646000,8646000,-0.00045529427,-0.0057623177,-9.851267
8697000,8697000,-0.0010753358,-0.033965524,-9.791132
8741000,8741000,0.020786092,-0.012161614,-9.734662
8794000,8794000,-0.02361979,-0.036546912,-9.89468
8846000,8846000,-0.035916805,0.047221452,-9.759293
8894000,8894000,-0.036173884,0.020555776,-9.861195
8946000,8946000,-0.022483157,-0.04295642,-9.901556
8994000,8994000,0.012638144,0.015447125,-9.755827
9046000,9046000,0.019106308,0.02426211,-9.812965
9094000,9094000,0.02501655,-0.04416533,-9.856331
9146000,9146000,0.030890275,-0.042859986,-9.79217
9194000,9194000,-0.0026542475,0.037379146,-9.879288
9246000,9246000,-0.03650353,-0.009661464,-9.7999525
9294000,9294000,0.0006587902,0.0040265666,-9.767644
9346000,9346000,-0.0330669,-0.036183335,-9.806561
9394000,9394000,-0.009780328,0.014384093,-9.858329
9446000,9446000,-0.006888394,-0.04148892,-9.751647
9494000,9494000,0.019589992,0.020105641,-9.727892
9546000,9546000,-0.009208027,0.02199309,-9.867341
9594000,9594000,0.00029645767,0.012190839,-9.839352
9647000,9647000,-0.033149272,0.018925365,-9.78064
9695000,9695000,0.028656818,0.022028636,-9.791852
9747000,9747000,0.03282577,-0.03429605,-9.816538
9795000,9795000,-0.0019053505,-0.031476494,-9.825024
9844000,9844000,-0.036631238,-0.032019485,-9.772121
9896000,9896000,-0.0035998104,0.01330491,-9.916205
9945000,9945000,0.028807264,0.014822891,-9.836788
9994000,9994000,0.015831767,0.034194563,-9.749642
10046000,10046000,0.018295923,0.027789116,-9.751837
10094000,10094000,0.014464336,-0.056021526,-9.729233
10146000,10146000,-0.044865627,-0.013963763,-9.846964
10196000,10196000,-0.030266397,0.018252838,-9.830141
10244000,10244000,-0.009760141,-0.00052477187,-9.854763
10296000,10296000,0.039966002,-0.050078806,-9.905626
10344000,10344000,0.04228678,0.011174003,-9.880699
10396000,10396000,0.017593417,-0.020399043,-9.822172
10444000,10444000,-0.00050608325,0.0013972291,-9.92441
10496000,10496000,-0.048376277,0.023631632,-9.852254
10545000,10545000,-0.0065508205,-0.004223942,-9.855607
10597000,10597000,-0.033358186,-0.04298947,-9.709835
10645000,10645000,0.0010395511,0.05170448,-9.724739
10697000,10697000,0.025410347,0.047132496,-9.8107605
10745000,10745000,-0.016434817,0.0075691203,-9.878636
10797000,10797000,0.0015702784,-0.0042934883,-9.817083
10845000,10845000,0.007395533,-0.04323148,-9.693497
10897000,10897000,-0.010974737,-0.03229399,-9.85125
10945000,10945000,-0.0031211125,-0.020237138,-9.801618
10997000,10997000,0.015682993,0.012857996,-9.742383
11045000,11045000,-0.008451521,0.02769778,-9.797517
11097000,11097000,0.022213347,-0.0055924114,-9.7898445
11145000,11145000,0.040253665,0.019182924,-9.716945
11196000,11196000,0.034051113,-0.005339276,-9.680818
11244000,11244000,-0.0059321225,0.0325872,-9.783508
11299000,11299000,-0.0067869048,0.0108427135,-9.814157
11347000,11347000,-0.0270095,-0.02483968,-9.791758
11396000,11396000,0.04797963,-0.0036849144,-9.850639
11444000,11444000,0.0032949129,0.02488262,-9.857904
11496000,11496000,-0.0114849,0.027515762,-9.753042
11545000,11545000,-0.004506792,-0.04571346,-9.798262
11597000,11597000,-0.030199908,0.027752887,-9.751977
11645000,11645000,-0.004864517,0.00011823885,-9.794893
11696000,11696000,-0.0062290574,0.035928905,-9.887372
11744000,11744000,-0.007274007,0.003707264,-9.794897
11796000,11796000,0.011145843,-0.0135726,-9.922205
11844000,11844000,-0.027379848,-0.011408782,-9.726963
11892000,11892000,-0.025793657,-0.037352256,-9.846989
11945000,11945000,0.049215555,0.02849394,-9.816704
11997000,11997000,0.056579966,-0.0051771724,-9.813072
12045000,12045000,-0.01917875,-0.028759215,-9.797455
12094000,12094000,-0.014476528,-0.030703785,-9.789917
12146000,12146000,0.02571338,0.03715186,-9.794852
12196000,12196000,-0.064443424,-0.0077622505,-9.807751
12244000,12244000,-0.034828093,-0.007970944,-9.809051
12298000,12298000,0.027369289,-0.042948976,-9.8388
12346000,12346000,-0.045277428,-0.04887776,-9.741393
12394000,12394000,-0.009193651,-0.023566857,-9.779066
12446000,12446000,0.017597463,-0.074106365,-9.755771
12494000,12494000,-0.047121365,0.012720203,-9.675148
12547000,12547000,0.011203469,0.060748376,-9.74752
12595000,12595000,-0.02444661,-0.024348836,-9.817375
12647000,12647000,-0.05642363,0.015473721,-9.797025
12696000,12696000,0.007336098,-0.028845115,-9.791826
12744000,12744000,0.03177829,-0.035765264,-9.796236
12796000,12796000,0.04503768,-0.017922118,-9.882467
12844000,12844000,0.026380416,-0.048408367,-9.859289
12897000,12897000,-0.017728824,-0.02331454,-9.91943
12946000,12946000,0.03261868,0.0022616275,-9.735448
12994000,12994000,-0.011405526,-0.057645194,-9.757775
13046000,13046000,-0.0070925173,0.018669602,-9.830494
13094000,13094000,-0.028328428,0.047486864,-9.83139
13146000,13146000,0.012987625,0.009831874,-9.867151
13194000,13194000,0.023475066,0.007921908,-9.772315
13247000,13247000,-0.0057136947,0.003603919,-9.824708
13295000,13295000,0.035332598,0.022950113,-9.87161
13344000,13344000,-0.001785547,-0.038763877,-9.840361
13396000,13396000,0.014892758,-0.010262776,-9.851295
13444000,13444000,0.0062299236,0.052934647,-9.769312
13496000,13496000,-0.004347806,-0.007994646,-9.775785
13544000,13544000,0.0017081788,0.005595773,-9.674746
13596000,13596000,0.0020689177,0.02625836,-9.759639
13644000,13644000,0.0088790925,0.005947802,-9.839738
13695000,13695000,-0.022437587,-0.0011882586,-9.889729
13747000,13747000,0.011223293,-0.042165134,-9.919373
13795000,13795000,0.009214634,0.013380966,-9.777416
13847000,13847000,-0.0052489117,-0.04950586,-9.857131
13895000,13895000,-0.008908448,-0.06457994,-9.913312
13947000,13947000,-0.010474119,-0.00372071,-9.827206
13995000,13995000,0.059913598,-0.05553219,-9.720855
14044000,14044000,0.03447075,0.05101968,-9.823459
14096000,14096000,0.024842996,0.004701124,-9.919514
14144000,14144000,-0.023662405,-0.042282887,-9.841557
14196000,14196000,-0.06289826,0.017474763,-9.943104
14244000,14244000,0.008971055,0.007362018,-9.80945
14296000,14296000,-0.0062988726,-0.035192724,-9.765857
14344000,14344000,-0.003447316,0.005939807,-9.822135
14397000,14397000,0.04206644,0.009497707,-9.73804
14445000,14445000,-0.045310542,-0.010936962,-9.738501
14497000,14497000,-0.050981004,0.03820508,-9.796776
14546000,14546000,-0.023372216,0.025689041,-9.837096
14594000,14594000,0.014671201,0.0141084995,-9.81845
14646000,14646000,-0.0065422985,-0.00131086,-9.798088
14696000,14696000,-0.0037993079,-0.012912955,-9.80904
14764000,14764000,0.0024047052,-0.01265345,-9.856187
14796000,14796000,0.00754313,0.017434899,-9.760581
14845000,14845000,-0.029385867,-0.0055551925,-9.774569
14897000,14897000,0.011411406,0.0047656097,-9.797541
14945000,14945000,-0.0271874,-0.011075281,-9.770774
14997000,14997000,0.034598444,0.04501689,-9.943639
15045000,15045000,0.012554807,-0.032885097,-9.846814
15097000,15097000,-0.00699408,0.031954326,-9.810091
15145000,15145000,0.025171861,0.025848668,-9.914888
15197000,15197000,0.0150703285,0.012080077,-9.810557
15245000,15245000,0.018922217,-0.0170885,-9.760123
15294000,15294000,0.035298973,0.030230232,-9.909295
15344000,15344000,-0.016838387,0.053257674,-9.872881
15396000,15396000,0.02583758,-0.06472309,-9.864732
15444000,15444000,0.039293945,0.0046944898,-9.876717
15496000,15496000,0.0108557055,0.043226607,-9.83903
15544000,15544000,0.021099072,0.0032292919,-9.820946
15596000,15596000,0.049337924,-0.02079181,-9.76889
15644000,15644000,-0.024964515,-0.023316441,-9.964063
15694000,15694000,-0.018441886,0.056564182,-9.780461
15746000,15746000,0.034658216,0.002513885,-9.775726
15794000,15794000,0.010936495,-0.011505306,-9.775117
15846000,15846000,-0.04171013,0.025465563,-9.801085
15895000,15895000,-0.02228844,0.01552573,-9.734047
15947000,15947000,0.030386914,-0.03260455,-9.88088
15995000,15995000,-0.055981502,0.0001968029,-9.765187
16043000,16043000,0.031988423,0.026211858,-9.820915
16095000,16095000,-0.010712438,0.017200854,-9.825244
16147000,16147000,0.018150413,0.040481992,-9.8841095
16196000,16196000,0.024407396,0.009931738,-9.746155
16244000,16244000,-0.014947366,-0.038603753,-9.832197
16296000,16296000,-0.019686729,-0.042038955,-9.746128
16345000,16345000,0.012866401,0.030228173,-9.865967
16397000,16397000,0.03852262,-0.03994679,-9.800665
16445000,16445000,-0.0024440335,-0.01709537,-9.794089
16494000,16494000,0.012843122,0.006000056,-9.779763
16546000,16546000,-0.003328964,0.03150565,-9.79565
16594000,16594000,0.012391506,-0.047277287,-9.872377
16647000,16647000,0.054475896,0.032869633,-9.807284
16695000,16695000,-0.0027416165,-0.019394476,-9.862326
16747000,16747000,0.027296588,0.04457841,-9.805646
16795000,16795000,-0.027427092,0.026964772,-9.867067
16847000,16847000,0.0058545624,-0.019052971,-9.849001
16895000,16895000,0.036253225,-0.05344601,-9.933885
16947000,16947000,0.0058646984,0.009470658,-9.656294
16995000,16995000,-0.011365822,0.030819014,-9.85837
17048000,17048000,-0.02465774,0.03315101,-9.713638
17096000,17096000,0.035275042,-0.0060917493,-9.87136
17144000,17144000,-0.0016550263,-0.021653203,-9.93192
17195000,17195000,0.034079477,0.08474652,-9.870293
17244000,17244000,-0.041384332,-0.012235561,-9.776322
17296000,17296000,-0.056763396,-0.042093806,-9.848392
17344000,17344000,-0.021189831,0.0026251916,-9.86684
17396000,17396000,-0.0003201496,-0.056675434,-9.753971
17445000,17445000,0.02091951,-0.020233922,-9.899975
17497000,17497000,0.057169493,-0.0051964554,-9.84559
17545000,17545000,0.02070816,0.010884084,-9.7010765
17597000,17597000,-0.017447207,-0.021848442,-9.74424
17646000,17646000,-0.040047944,-0.02268264,-9.7830715
17696000,17696000,-0.011988708,0.020590069,-9.704188
17744000,17744000,0.007980684,0.03688828,-9.80596
17796000,17796000,-0.02818193,0.00037888638,-9.912788
17845000,17845000,-0.0032950668,-0.019270424,-9.666609
17897000,17897000,-0.0077865818,-0.06321491,-9.760225
17945000,17945000,0.0031815302,-0.019233694,-9.885
17994000,17994000,0.048836805,0.030438665,-9.818099
18046000,18046000,0.034785416,0.07798605,-9.86203
18095000,18095000,0.0052980157,0.017703837,-9.84918
18147000,18147000,0.0011810478,-0.03230417,-9.730979
18196000,18196000,0.023910373,-0.007425918,-9.774929
18244000,18244000,-0.0569882,0.00022099447,-9.819262
18297000,18297000,-0.0155186765,-0.022097915,-9.839889
18313000,18313000,-0.03531731,-0.007396601,-9.866703
18420000,18420000,-0.03217966,0.0026557487,-9.891688
18472000,18472000,-0.014780939,0.015568166,-9.866853
18520000,18520000,-0.0309718,0.02154893,-9.821606
18572000,18572000,0.0169321,0.03223737,-9.815676
18620000,18620000,0.016717102,-0.042698596,-9.838858
18673000,18673000,-0.0013474277,0.03285871,-9.704692
18721000,18721000,-0.054919876,-0.025717001,-9.775321
18770000,18770000,0.0098708235,0.015106985,-9.853377
18822000,18822000,0.008476542,-0.034424447,-9.86683
18870000,18870000,-0.044881254,-0.055938065,-9.746288
18923000,18923000,0.03073334,-0.01642087,-9.828923
18971000,18971000,0.033452127,-0.017885745,-9.784641
19019000,19019000,0.008141409,0.026695672,-9.717453
19073000,19073000,-0.0042045265,-0.0552957,-9.751411
19114000,19114000,0.060261093,-0.028455103,-9.886606
19258000,19258000,0.041201316,-0.015619646,-9.826905
19294000,19294000,-0.022655504,-0.022597827,-9.848709
19346000,19346000,0.042923525,0.04610475,-9.789009
19395000,19395000,-0.03357089,-0.0018855382,-9.806476
19447000,19447000,0.019736312,-0.002559051,-9.839574
19495000,19495000,-0.00986998,-0.028259695,-9.804993
19544000,19544000,0.03177817,0.054758042,-9.764288
19596000,19596000,-0.011999712,0.028652431,-9.77295
19647000,19647000,-0.019048536,0.03538589,-9.863573
19695000,19695000,-0.03584111,-0.031191815,-9.747592
19745000,19745000,0.02424297,0.05076596,-9.89633
19794000,19794000,0.05996759,0.013620684,-9.776549
19846000,19846000,-0.032151178,0.002440245,-9.735081
19894000,19894000,0.0014730969,0.026301326,-9.753196
19946000,19946000,0.002534464,0.011232627,-9.740642
19995000,19995000,0.012110108,-0.020393897,-9.830681
20044000,20044000,0.022508953,0.02022137,-9.813782
20097000,20097000,0.0068730153,0.005419699,-9.865602
20145000,20145000,-0.012652897,0.00037245918,-9.840004
20197000,20197000,-0.006747838,0.011313234,-9.771225
20245000,20245000,0.011650716,-0.046331055,-9.719715
20297000,20297000,-0.04725106,-0.0003343001,-9.848181
20345000,20345000,-0.014396334,-0.007870784,-9.9546585
20397000,20397000,0.011186958,-0.010668079,-9.820152
20446000,20446000,0.012430477,-0.019695628,-9.869142
20494000,20494000,-0.072321445,0.026094545,-9.846371
20546000,20546000,-0.021465847,-0.052505564,-9.795572
20594000,20594000,-0.01272951,-0.023440924,-9.771672
20646000,20646000,0.022388656,-0.009360636,-9.700712
20694000,20694000,-0.009612018,0.007843075,-9.755605
20746000,20746000,0.012669318,0.0035182782,-9.857002
20794000,20794000,-0.011248673,0.016142968,-9.780472
20846000,20846000,-0.004101009,-0.0119976625,-9.790653
20894000,20894000,0.009077887,-0.011269137,-9.894406
20946000,20946000,0.015895613,0.0049144197,-9.829164
20995000,20995000,0.0144577725,0.021663472,-9.771099
21047000,21047000,0.0017866155,-0.0009215603,-9.752411
21096000,21096000,-0.021249454,0.06576856,-9.81377
21146000,21146000,-0.028344857,-0.013865383,-9.876616
21195000,21195000,0.013680316,-0.003852543,-9.795472
21247000,21247000,0.040857863,0.03072327,-9.826136
21295000,21295000,0.01715024,-0.0055071856,-9.797815
21347000,21347000,0.031039372,-0.017563859,-9.8448515
21395000,21395000,0.026089735,-0.012462314,-9.812738
21444000,21444000,0.01058547,0.03489532,-9.817759
21496000,21496000,-0.049764022,-0.007309273,-9.742325
21544000,21544000,-0.019670554,0.018723609,-9.820206
21596000,21596000,-0.030476954,-0.031092979,-9.821735
21644000,21644000,-0.02702819,0.026546612,-9.836277
21696000,21696000,0.030432105,-0.023032565,-9.772586
21744000,21744000,0.016910471,0.020498069,-9.789091
21796000,21796000,-0.006335011,-0.037481584,-9.870816
21844000,21844000,-0.036377538,0.010566797,-9.912255
21896000,21896000,-0.03681764,-0.013272928,-9.880291
21944000,21944000,0.0076366197,-0.03213098,-9.84336
21997000,21997000,-0.041575313,-0.026808962,-9.819125
22045000,22045000,0.0043638526,-0.0223994,-9.767505
22097000,22097000,-0.011314537,0.008120351,-9.792885
22145000,22145000,0.042467073,0.048482828,-9.727549
22194000,22194000,0.023189472,0.032251447,-9.804248
22245000,22245000,0.052617177,-0.0036143858,-9.8336735
22297000,22297000,-0.02203521,-0.0004599737,-9.794682
22345000,22345000,0.015399811,0.009496643,-9.7832575
22397000,22397000,-0.042243537,-0.0054792417,-9.729977
22445000,22445000,-0.008044775,0.0068761846,-9.809635
22497000,22497000,0.019636594,0.0038923707,-9.7796335
22545000,22545000,0.04354002,0.011093397,-9.818954
22594000,22594000,0.016466532,0.02331833,-9.855857
22646000,22646000,0.0019483594,-0.025377883,-9.897723
22694000,22694000,0.010337357,-0.022001252,-9.833971
22747000,22747000,-0.027886529,-0.043141764,-9.768109
22795000,22795000,0.00844765,0.031218335,-9.779638
22847000,22847000,-0.02956954,-0.02138968,-9.845658
22895000,22895000,-0.020530311,-0.0627024,-9.747578
22947000,22947000,-0.0035210848,-0.015287675,-9.711955
22996000,22996000,0.021607805,0.00888882,-9.851095
23044000,23044000,-0.043644764,0.046942603,-9.847892
23097000,23097000,-0.0041400543,0.013156351,-9.847631
23145000,23145000,-0.014489841,0.00065088377,-9.834077
23197000,23197000,-0.04250954,0.05618864,-9.766492
23247000,23247000,-0.063434176,0.029655535,-9.742846
23295000,23295000,0.033477128,0.004611818,-9.805007
23347000,23347000,0.016333625,0.010768766,-9.784523
23395000,23395000,-0.026073532,0.008286465,-9.900917
23447000,23447000,-0.03099446,0.029863795,-9.77907
23495000,23495000,-0.032877795,-0.012861233,-9.77588
23548000,23548000,-0.036222152,-0.07010241,-9.763718
23596000,23596000,-0.0035734968,-0.077222794,-9.828044
23644000,23644000,-0.008851411,-0.022876816,-9.756786
23696000,23696000,-0.027026571,-0.009067968,-9.797054
23744000,23744000,-0.016161036,-0.0034579241,-9.797146
23797000,23797000,0.02797736,0.028561514,-9.841312
23845000,23845000,-0.009129093,0.014297594,-9.8114395
23897000,23897000,-0.013885798,0.025549386,-9.89447
23945000,23945000,0.026201181,-0.021219729,-9.866783
23994000,23994000,0.0004453035,0.00015905767,-9.811348
24046000,24046000,-0.0018581356,-0.019243624,-9.83192
24094000,24094000,0.0047903094,-0.030930996,-9.812114
24144000,24144000,0.03922572,-0.040057447,-9.78034
24196000,24196000,0.03237269,0.040966634,-9.816189
24244000,24244000,-0.009793064,0.02210243,-9.761028
24296000,24296000,0.027380196,-0.023292193,-9.818687
24345000,24345000,-0.036444142,0.06957326,-9.907022
24397000,24397000,0.017216412,0.004097432,-9.91206
24445000,24445000,-0.004720919,0.06658068,-9.7964735
24494000,24494000,-0.021091612,-0.01503718,-9.728212
24547000,24547000,-0.005518174,-0.01587272,-9.778589
24595000,24595000,-0.02118279,0.04597737,-9.736847
24647000,24647000,-0.016670797,-0.034510933,-9.724264
24695000,24695000,-0.010034643,0.015947863,-9.818064
24752000,24752000,0.0043137046,0.012908693,-9.80147
24796000,24796000,0.03692001,-0.035282068,-9.889893
24844000,24844000,-0.010150256,-0.018766904,-9.797892
24896000,24896000,-0.022178411,0.028760724,-9.882991
24945000,24945000,-0.012607734,-0.015481627,-9.856556
24994000,24994000,0.01880298,0.018815087,-10.015955
25047000,25047000,-0.029923817,-0.05861292,-9.971329
25095000,25095000,0.021225262,-0.036266524,-10.117498
25147000,25147000,-0.0057039126,0.0031973072,-9.967194
25196000,25196000,0.0083927065,-0.0019952762,-10.152372
25244000,25244000,-0.0049185944,-0.0020272643,-1.9356966
25295000,25295000,-0.0020151383,-0.059793554,-11.347842
25347000,25347000,0.038443856,-0.002191383,-11.231909
25395000,25395000,0.04673717,-0.0056195487,-11.688695
25444000,25444000,0.060646456,-0.00908305,-12.093708
25497000,25497000,0.066543244,-0.043086987,-10.488636
25545000,25545000,0.043341782,-0.03852435,-12.525503
25594000,25594000,0.021848734,-0.051410325,-10.695331
25647000,25647000,0.06592084,0.022398887,-8.555727
25695000,25695000,0.12373136,-0.08469391,-13.183514
25744000,25744000,0.034708004,-0.04763582,-6.3262777
25795000,25795000,0.15520388,-0.027898218,-12.737101
25844000,25844000,-0.031469658,0.027307898,-6.64433
25896000,25896000,-0.0033165794,0.023730824,-7.5073156
25944000,25944000,0.2071521,-0.095926896,-15.538128
25996000,25996000,0.023596816,0.010031015,-8.9485655
26045000,26045000,0.009457694,-0.029200885,-9.911409
26097000,26097000,-0.020644303,-0.0158742,-11.052181
26146000,26146000,0.06555717,-0.012858212,-11.61675
26194000,26194000,-0.018834027,0.022646125,-12.102436
26246000,26246000,0.032245547,-0.006626561,-12.219294
26295000,26295000,0.022288924,-0.012623933,-12.3532095
26347000,26347000,0.03120937,-0.009798339,-12.211785
26395000,26395000,0.038164474,0.04660012,-12.293225
26444000,26444000,0.06263673,0.010540226,-12.227435
26497000,26497000,0.035357848,0.030940438,-12.215618
26546000,26546000,0.025399256,0.010312728,-12.243718
26594000,26594000,-0.009495916,0.008175802,-12.167662
26647000,26647000,0.035129264,0.037600026,-12.12583
26695000,26695000,-0.024711875,0.043653734,-12.145414
26744000,26744000,0.049010824,0.017166656,-12.18415
26795000,26795000,0.012009345,0.003817407,-12.159106
26847000,26847000,-0.0066346615,0.03224997,-12.035957
26895000,26895000,-0.011321504,0.05709365,-12.092597
26947000,26947000,-0.006082213,0.069073156,-11.983741
26995000,26995000,0.023353525,0.020673702,-11.833889
27045000,27045000,0.022872929,0.00669739,-11.176653
27097000,27097000,-0.012338325,0.014121175,-10.58653
27145000,27145000,0.0022185375,-0.016332936,-10.286135
27197000,27197000,-0.0440643,0.0036255324,-10.180775
27245000,27245000,-0.05667942,0.022264473,-10.174447
27297000,27297000,-0.010712911,-0.032433003,-10.13775
27345000,27345000,-0.0065046563,0.014091053,-10.170599
27397000,27397000,-0.0014856819,0.02903215,-10.063717
27446000,27446000,0.008382979,-0.03471338,-10.044232
27494000,27494000,0.029050132,0.039334733,-10.059535
27546000,27546000,0.047139965,0.019275153,-10.106551
27595000,27595000,-0.013244616,-0.0006187011,-10.131262
27647000,27647000,0.009290149,-0.020531483,-9.986254
27695000,27695000,0.022278443,0.058549136,-10.060595
27747000,27747000,0.032593567,0.05291806,-9.918946
27798000,27798000,-0.018642839,-0.00471928,-9.996063
27846000,27846000,0.0064871805,0.07578709,-10.06973
27894000,27894000,-0.043718856,0.04217701,-10.115696
27946000,27946000,0.012629337,-0.012206512,-10.040846
27994000,27994000,0.033025052,0.013076715,-10.120804
28046000,28046000,-0.05807403,-0.024801422,-10.109191
28094000,28094000,0.01118408,0.03297337,-10.028141
28147000,28147000,-0.0119486125,0.05325881,-9.976519
28195000,28195000,-0.029243998,0.05328009,-9.98817
28244000,28244000,-0.017101988,-0.011623069,-10.0249405
28297000,28297000,0.027168527,0.03891263,-10.085822
28345000,28345000,-0.014729749,-0.016165594,-10.031883
28397000,28397000,0.020036321,0.019324947,-9.959013
28445000,28445000,-0.016733512,0.020539258,-10.054518
28497000,28497000,0.02795278,-0.028097946,-9.943581
28546000,28546000,-0.03347596,0.010770347,-9.897726
28595000,28595000,0.0135876555,-0.017666101,-9.918133
28644000,28644000,0.034378387,0.008500061,-9.976173
28696000,28696000,-0.029912509,0.0139139155,-9.927797
28744000,28744000,-0.07422714,0.051015183,-9.844335
28796000,28796000,0.009425616,0.032570336,-9.952868
28845000,28845000,-0.048831716,-0.03383981,-10.060766
28897000,28897000,-0.049043655,0.051338866,-9.920571
28945000,28945000,-0.00530464,0.04001217,-9.995345
28997000,28997000,-0.053814285,-0.010929676,-9.943012
29045000,29045000,0.026669934,0.035829805,-10.008245
29097000,29097000,0.051682767,0.040239353,-9.968828
29145000,29145000,-0.017719205,-0.0063914726,-9.787025
29197000,29197000,-0.028056612,0.00035531877,-9.86502
29245000,29245000,-0.0062274258,0.02944445,-9.915989
29296000,29296000,-0.036017563,0.04679322,-9.940039
29344000,29344000,0.00033874484,-0.027043134,-9.996523
29396000,29396000,0.030694893,-0.0104302615,-9.971862
29445000,29445000,-0.028782768,0.0015863479,-9.837103
29497000,29497000,-0.027567087,0.019439029,-9.879453
29545000,29545000,0.022497749,0.026482964,-9.972432
29597000,29597000,-0.064610004,0.049318608,-9.833669
29645000,29645000,0.009742411,0.029002607,-9.892788
29697000,29697000,-0.04922758,0.01659469,-9.962642
29745000,29745000,-0.048648268,-0.007307644,-9.840382
29796000,29796000,0.011546399,0.009852182,-9.970533
29844000,29844000,0.0023060073,-0.009825455,-9.964827
29896000,29896000,0.0021183323,0.05919818,-9.8169565
29944000,29944000,-0.0037334797,-0.013970919,-9.816326
29997000,29997000,-0.038918708,0.034826078,-9.77776
30046000,30046000,-0.0020734635,0.008098775,-9.828345
30094000,30094000,-0.032138657,-0.03594372,-9.957464
30147000,30147000,-0.02918449,0.06057685,-9.829899
30195000,30195000,-0.0048671383,-0.020050183,-9.932962
30247000,30247000,0.002786488,-0.05606836,-9.877586
30295000,30295000,-0.048348043,-0.04605923,-9.956321
30347000,30347000,-0.029136533,0.0041325614,-9.756416
30396000,30396000,-0.077476874,-0.016930472,-9.808961
30444000,30444000,-0.014838759,-0.022396933,-9.791983
30496000,30496000,-0.0030126288,0.01703686,-9.883355
30545000,30545000,0.0031087534,0.03368892,-9.860785
30597000,30597000,0.0076606604,-0.01946339,-9.858566
30645000,30645000,0.022846563,0.02301054,-9.897556
30694000,30694000,-0.03178835,0.0080210585,-9.867212
30746000,30746000,-0.011192279,0.0006525994,-9.906612
30796000,30796000,0.00015403423,0.006186951,-9.802177
30844000,30844000,0.0029744124,0.017106894,-9.77636
30896000,30896000,0.011220622,-0.0010369112,-9.862805
30944000,30944000,-0.051162563,-0.0049834643,-9.885449
30997000,30997000,-0.031661116,0.018545913,-9.829868
31045000,31045000,0.036437146,0.015833367,-9.927369
31094000,31094000,0.026721116,-0.03363147,-9.385515
31146000,31146000,-0.027322423,-0.01148153,-8.402505
31195000,31195000,-0.034765795,0.013815172,-7.740217
31247000,31247000,-0.031660944,-0.027069975,-7.2596474
31296000,31296000,-0.045661364,0.015191842,-7.2073183
31344000,31344000,0.04894907,-0.021518283,-7.2313404
31396000,31396000,-0.06481255,0.0039914786,-7.451708
31444000,31444000,-0.0510754,-0.0055203335,-7.4444113
31496000,31496000,-0.069638036,-0.026873166,-7.615004
31544000,31544000,-0.01034003,-0.004783568,-7.6205387
31596000,31596000,-0.009900965,0.025818683,-7.772972
31644000,31644000,-0.036458828,-0.019278862,-7.831129
31696000,31696000,-0.0036906952,-0.016947918,-7.9597893
31744000,31744000,0.0019748588,-0.003160844,-7.9494905
31794000,31794000,-0.023967674,-0.016466735,-8.074673
31846000,31846000,0.0018282789,0.026345896,-8.341615
31895000,31895000,-0.0043847496,0.029589131,-8.469399
31947000,31947000,0.049782112,-0.016977465,-8.575772
31995000,31995000,-0.012813997,-0.020258669,-8.510082
32047000,32047000,-0.04009909,0.006467658,-8.525037
32095000,32095000,0.036562342,0.05382864,-8.656726
32147000,32147000,-0.015197234,-0.006062865,-8.848233
32195000,32195000,-0.013965292,-0.0108598145,-8.828876
32244000,32244000,0.0092878,0.037859503,-8.918406
32294000,32294000,0.005472596,-0.0075286147,-8.972742
32346000,32346000,0.011815003,0.06100729,-8.889361
32395000,32395000,-0.041282654,-0.027184056,-8.935446
32447000,32447000,0.0069846218,0.010739699,-9.169998
32495000,32495000,-0.0327652,-0.0086755175,-9.1256695
32547000,32547000,0.006960289,0.032208398,-9.30099
32595000,32595000,0.027868012,-0.0051771915,-9.215431
32644000,32644000,0.007103605,-0.046155088,-9.297665
32696000,32696000,-0.00029492844,-0.026137717,-9.252183
32744000,32744000,0.01976159,0.027021596,-9.294539
32795000,32795000,-0.022478297,0.021476977,-9.296761
32847000,32847000,-0.026893675,-0.040086072,-9.333368
32895000,32895000,-0.011085798,-0.00062214676,-9.385752
32947000,32947000,-0.053187177,0.055212006,-9.435973
32995000,32995000,-0.044426024,0.0077814795,-9.549473
33047000,33047000,-0.026178388,-0.04407075,-9.523706
33095000,33095000,0.015433629,-0.025769897,-9.40069
33147000,33147000,0.01648453,0.01746861,-9.474857
33195000,33195000,-0.027383119,-0.035296813,-9.511061
33247000,33247000,-0.019768517,0.013862148,-9.426768
33296000,33296000,-0.030286942,-0.023454703,-9.427149
33344000,33344000,-0.044086233,-0.030666865,-9.475006
33396000,33396000,-0.020501405,0.004240842,-9.5581875
33445000,33445000,0.031332582,-0.012959093,-9.534864
33497000,33497000,-0.0252577,0.051173568,-9.506881
33546000,33546000,-0.055777274,0.004359502,-9.533654
33594000,33594000,-0.036510713,-0.049387977,-9.648782
33647000,33647000,-0.009233713,-0.013839701,-9.71492
33695000,33695000,-0.0069744433,0.006061421,-9.728379
33747000,33747000,-0.01691299,-0.040290184,-9.649338
33794000,33794000,-0.0058852024,0.020168774,-10.756798
33847000,33847000,0.02004245,0.0019069068,-10.906738
33896000,33896000,-0.0024278644,0.010195922,-10.367786
33944000,33944000,0.027696395,0.013481572,-9.716127
33997000,33997000,-0.0041798176,0.02386051,-9.452837
34045000,34045000,0.043019224,0.0066464967,-9.24547
34094000,34094000,-0.027920906,-0.022040255,-9.333017
34146000,34146000,-0.030698646,0.014553233,-9.457104
34194000,34194000,-0.00927025,0.026965,-9.402683
34247000,34247000,-0.002618245,0.013520691,-9.592306
34294000,34294000,-0.0009029078,0.033821538,-9.601454
34346000,34346000,-0.024637245,0.05573237,-9.742932
34395000,34395000,0.029686091,-0.023764655,-9.736839
34447000,34447000,0.019968562,0.052419893,-9.661968
34495000,34495000,0.01551046,-0.009997431,-9.578559
34540000,34540000,-0.007125428,0.008904536,-9.728879
34596000,34596000,-0.0054539107,0.0026278552,-9.687653
34645000,34645000,0.04828142,-0.020164829,-9.716659
34697000,34697000,0.014724826,0.049763862,-9.691685
34746000,34746000,0.00555711,-0.003285035,-9.659388
34796000,34796000,-0.008817345,0.015425512,-9.577611
34845000,34845000,0.0058234436,0.024410058,-9.610383
34897000,34897000,-0.011141165,0.034331117,-9.63142
34945000,34945000,0.010594729,-0.0053862887,-9.5629015
34997000,34997000,-0.006580979,0.011158922,-9.708291
35046000,35046000,-0.013012492,0.03871181,-9.681726
35095000,35095000,0.0021732717,0.014411345,-9.688779
35147000,35147000,-0.0027885276,0.03374946,-9.646873
35195000,35195000,0.004472341,0.087057956,-9.848469
35247000,35247000,0.030734701,0.0518187,-9.624463
35296000,35296000,-0.002587886,0.05491869,-9.670929
35344000,35344000,0.011520595,0.002558293,-9.627472
35397000,35397000,-0.017792314,-0.020857329,-9.731979
35445000,35445000,-0.03587976,-0.0156484,-9.684425
35497000,35497000,-0.04479072,-0.030023554,-9.6763525
35545000,35545000,-0.012234459,-0.018859714,-9.610668
35598000,35598000,0.01686729,0.03166531,-9.7343025
35647000,35647000,-0.046532463,0.020110354,-9.693947
35695000,35695000,0.001534214,-0.002664408,-9.7529125
35747000,35747000,-0.013902168,-0.029346228,-9.721126
35794000,35794000,-0.0068246434,-0.0061760955,-9.738192
35846000,35846000,-0.048758358,-0.009467244,-9.791405
35894000,35894000,-0.022797894,0.025782818,-9.8283
35946000,35946000,0.011251115,0.034856465,-9.9035845
35994000,35994000,-0.0015384583,0.03571036,-9.811468
36046000,36046000,-0.030483289,0.012919223,-9.808641
36094000,36094000,-0.021813076,0.040455583,-9.77319
36146000,36146000,-0.016711198,-0.03575399,-9.808396
36195000,36195000,-0.010990382,0.0055925036,-9.845132
36244000,36244000,0.044164527,0.04105391,-9.771946
36294000,36294000,-0.0068001845,0.002345256,-9.662411
36346000,36346000,-0.02220735,0.009012874,-9.757244
36394000,36394000,-0.03508393,0.007834074,-9.8841305
36446000,36446000,-0.039852988,0.045913942,-9.866123
36494000,36494000,-0.038182784,-0.003715681,-9.839738
36546000,36546000,0.0018960419,-0.008309564,-9.795751
36594000,36594000,-0.0019204463,0.021391382,-9.786519
36646000,36646000,0.008419935,-0.014111094,-9.7679615
36694000,36694000,-0.069533765,0.0063674385,-9.77961
36746000,36746000,0.0014822129,-0.05773813,-9.795328
36795000,36795000,-0.02187321,-0.014303422,-9.845152
36847000,36847000,-0.010650305,0.03500952,-9.822776
36896000,36896000,0.004341637,0.01412436,-9.744218
36944000,36944000,-0.055809885,-0.0022043963,-9.768936
36997000,36997000,-0.03791864,-0.013429864,-9.856484
37045000,37045000,-0.03977017,0.060303845,-9.7622175
37097000,37097000,0.0074434183,-0.03430163,-9.855245
37145000,37145000,0.01816145,0.035437547,-9.774765
37197000,37197000,-0.01290986,0.037246373,-9.78393
37245000,37245000,0.008549518,-0.034969367,-9.821017
37295000,37295000,-0.029738469,0.00606641,-9.839739
37347000,37347000,-0.046711113,0.051643565,-9.819597
37395000,37395000,-0.024499027,-0.005260065,-9.787846
37447000,37447000,0.024616916,-0.0051400214,-9.725772
37496000,37496000,-0.021848207,0.037182774,-9.855013
37544000,37544000,-0.017875122,-0.009530397,-9.869878
37597000,37597000,-0.033477265,-0.019554649,-9.739823
37645000,37645000,-0.016528018,-0.045163672,-9.782328
37697000,37697000,-0.01577333,-0.035471857,-9.957095
37745000,37745000,-0.038002554,-0.019248636,-9.795132
37797000,37797000,-0.05853904,0.006291883,-9.87632
37845000,37845000,-0.015560782,0.042150028,-9.787715
37897000,37897000,0.005855254,0.054198574,-9.778188
37945000,37945000,0.012390604,0.058426537,-9.886895
37994000,37994000,-0.017982846,-0.0340004,-9.80277
38046000,38046000,-0.047026888,0.01405306,-9.954159
38094000,38094000,0.009982737,0.039616495,-9.812902
38146000,38146000,-0.0014240777,0.04863187,-9.721609
38194000,38194000,-0.03448417,0.0055186143,-9.801468
38247000,38247000,0.019130995,0.049032837,-9.934198
38295000,38295000,-0.07153925,-0.053829007,-9.735747
38347000,38347000,0.008100068,0.03819399,-9.835364
38395000,38395000,-0.0075278487,-0.029703531,-9.666821
38447000,38447000,-0.047433093,0.041029885,-9.746882
38495000,38495000,-0.010848327,-0.0028353843,-9.729926
38547000,38547000,-0.06746658,-0.025753222,-9.813027
38595000,38595000,-0.03302067,0.021833403,-9.797678
38647000,38647000,-0.0069665485,-0.0016335449,-9.708239
38695000,38695000,-0.019937709,0.031821746,-9.843562
38744000,38744000,-0.04942139,0.044123173,-9.814093
38795000,38795000,0.005503692,0.027202077,-9.918494
38844000,38844000,-0.01784671,0.015408919,-9.791431
38896000,38896000,0.019768942,-0.007129907,-9.860046
38944000,38944000,0.005479799,-0.006289174,-9.807593
38996000,38996000,-0.0478099,0.0150050605,-8.958248
39044000,39044000,-0.024167674,0.07117053,-8.66787
39092000,39092000,-0.009701848,-0.031489503,-9.165558
39144000,39144000,-0.021072622,0.06387377,-9.668556
39196000,39196000,-0.03330595,-0.0016770136,-9.80784
39244000,39244000,-0.01758184,-0.05326476,-10.02411
39294000,39294000,0.022311319,-0.005638838,-9.944847
39346000,39346000,-0.06406982,0.02473152,-10.130533
39394000,39394000,-0.032666326,-0.0056516235,-10.083734
39444000,39444000,-0.004831179,-0.030377973,-10.031493
39496000,39496000,-0.023218982,0.026305169,-9.9874935
39544000,39544000,-0.05047951,0.012162086,-10.005913
39597000,39597000,-0.036111537,0.07680541,-10.142135
39645000,39645000,-0.018510344,-0.011423141,-10.030195
39695000,39695000,-0.014121478,-0.02403631,-9.835366
39745000,39745000,-0.01228179,-0.012192553,-9.885796
39790000,39790000,-0.022608327,-0.03759627,-9.909205
39846000,39846000,-0.019373437,-0.0119820945,-9.914326
39890000,39890000,-0.029423343,0.019438595,-9.929559
39946000,39946000,-0.016506864,0.045205437,-9.839453
39994000,39994000,0.010827735,0.02428978,-9.949165
40047000,40047000,0.020057773,0.051435363,-9.902224
40095000,40095000,-0.01642304,0.02291581,-9.974394
40147000,40147000,0.014261782,-0.02037689,-9.864314
40197000,40197000,-0.022212982,0.025783878,-9.695675
40247000,40247000,0.012449831,-0.009821153,-9.765184
40295000,40295000,-0.0024346968,0.0007054545,-9.775692
40347000,40347000,-0.011133462,-0.009397043,-9.895702
40395000,40395000,-0.008967632,0.028405,-9.962264
40447000,40447000,-0.039715067,0.030241417,-9.715595
40495000,40495000,0.0015608396,-0.048165776,-9.855562
40544000,40544000,-0.020838419,-0.007790646,-9.814961
40596000,40596000,-0.032664817,0.06695776,-9.829791
40645000,40645000,-0.021290224,0.010418,-9.80179
40697000,40697000,-0.0024747846,0.0367464,-9.871857
40745000,40745000,-0.0061258464,0.039463036,-9.93018
40795000,40795000,-1.8758234e-05,-0.008944292,-9.92032
40844000,40844000,-0.006942561,0.004837812,-9.747147
40896000,40896000,-0.030272087,-0.0069759153,-9.873538
40944000,40944000,0.011542577,-0.020733973,-9.949858
40996000,40996000,0.021967802,0.008853013,-9.927309
41044000,41044000,0.033970788,0.013439993,-9.934975
41097000,41097000,-0.012266297,0.06484982,-9.82098
41145000,41145000,0.005331449,-0.006373738,-9.835434
41197000,41197000,0.019000836,0.035369724,-9.8718605
41245000,41245000,-0.024564406,-0.03394648,-9.898886
41296000,41296000,0.019643024,0.02181662,-9.785205
41340000,41340000,-0.03317373,-0.024910199,-9.853765
41396000,41396000,-0.013120519,0.04662922,-9.9243765
41444000,41444000,-0.05955296,-0.011309998,-9.767457
41496000,41496000,-0.0047941846,0.0434018,-9.78301
41544000,41544000,-0.0033461936,-0.05582654,-9.9165
41596000,41596000,0.05147263,0.0020856573,-9.914457
41645000,41645000,-0.020094406,0.03662933,-9.856493
41697000,41697000,0.016153468,-0.040915295,-9.777348
41745000,41745000,0.009397873,-0.011456267,-9.857521
41797000,41797000,-0.034242816,0.02871865,-9.861406
41845000,41845000,-0.026402194,0.013472377,-9.731076
41897000,41897000,-0.0011284086,0.016316568,-9.941397
41945000,41945000,0.017847687,0.036640026,-9.894808
41997000,41997000,-0.07478647,0.037762266,-9.882999
42045000,42045000,-0.0032717346,0.08017311,-9.812764
42093000,42093000,0.005797447,0.034906898,-9.787382
42146000,42146000,-0.0316102,0.044549935,-9.750405
42194000,42194000,-0.02260933,-0.022039276,-9.8211775
42246000,42246000,-0.025609912,0.040573146,-9.773051
42295000,42295000,-0.052413203,0.039254185,-9.804993
42347000,42347000,-0.0022784348,0.023434212,-9.832838
42396000,42396000,-0.017597256,-0.003316328,-9.825838
42444000,42444000,0.015444033,-0.04673273,-9.901336
42496000,42496000,-0.0358193,0.07634445,-9.915345
42544000,42544000,-0.023923585,-0.017002355,-9.872102
42597000,42597000,-0.027418632,0.034221895,-9.7744465
42645000,42645000,-0.06275889,-0.041985482,-9.896959
42697000,42697000,-0.04210163,0.013144115,-9.79155
42745000,42745000,0.032341294,0.04492902,-9.734892
42795000,42795000,-0.00970557,-0.020005891,-9.758825
42847000,42847000,0.00068654865,-0.025660641,-9.772368
42895000,42895000,-0.040448427,-0.0342838,-9.930185
42947000,42947000,0.0041111824,0.0017920374,-9.763586
42996000,42996000,-0.011849077,0.03540851,-9.787395
43044000,43044000,0.014250949,0.022227615,-9.692167
43097000,43097000,-0.07736067,0.037298355,-9.851841
43145000,43145000,-0.024347011,0.004073437,-9.744607
43197000,43197000,-0.02348001,0.027144436,-9.620899
43245000,43245000,-0.07312567,0.015661854,-9.699915
43296000,43296000,-0.021805212,-0.061567355,-9.635593
43345000,43345000,0.019816913,0.061513983,-9.712866
43397000,43397000,-0.0056410907,0.041917633,-9.647825
43445000,43445000,-0.0060442933,-0.030878235,-9.703452
43497000,43497000,-0.0007917213,0.001032406,-9.728493
43546000,43546000,-0.028253205,0.023404744,-9.665506
43595000,43595000,-0.032890044,0.016077861,-9.73798
43647000,43647000,0.016730571,0.023976278,-9.693779
43695000,43695000,0.00093952427,0.034663964,-9.612468
43747000,43747000,-0.034173205,-0.009381505,-9.768658
43790000,43790000,0.0003063723,0.020403083,-9.8165045
43846000,43846000,0.00095018186,0.016310386,-9.718716
43894000,43894000,-0.03164291,-0.022256244,-9.837751
43944000,43944000,-0.01976045,0.014236225,-9.800534
43996000,43996000,0.021154072,0.033349395,-9.815125
44044000,44044000,-0.031128615,-0.023359757,-9.794116
44096000,44096000,-0.0025567692,0.029608062,-9.676052
44144000,44144000,-0.06685166,0.0386048,-9.971138
44196000,44196000,-0.0065830015,-0.017295329,-9.808693
44245000,44245000,0.026828784,0.024561213,-9.8389015
44295000,44295000,-0.037664816,-0.010724525,-9.73683
44347000,44347000,0.027972216,-0.015440421,-9.782483
44395000,44395000,-0.008882747,0.005134226,-9.929743
44447000,44447000,0.01353097,0.0032046642,-9.76125
44495000,44495000,-0.010157514,0.038241535,-9.860633
44547000,44547000,-0.046017475,-0.00016138819,-9.81066
44595000,44595000,-0.0064455234,-0.031829607,-9.774286
44644000,44644000,0.00019270304,-0.017477572,-9.80575
44696000,44696000,-0.028741658,-0.008851904,-9.773546
44744000,44744000,0.014799738,-0.005030551,-9.751948
44794000,44794000,-0.031037217,0.027967755,-9.78373
44846000,44846000,0.027558265,0.00753682,-9.744717
44894000,44894000,-0.035548348,0.04450156,-9.935008
44947000,44947000,0.01366543,-0.019911021,-9.806615
44995000,44995000,0.0025361315,0.0060792477,-9.785604
45047000,45047000,0.03203372,0.027731026,-9.643977
45095000,45095000,-0.009691719,-0.005886429,-9.797183
45144000,45144000,-0.0011809769,-0.012287816,-9.711775
45196000,45196000,-0.014863044,0.036054417,-9.827435
45244000,45244000,0.008200136,0.049853034,-9.883482
45297000,45297000,0.06455599,0.046935733,-9.842634
45346000,45346000,-0.025121119,0.017789412,-9.886538
45394000,45394000,0.024063684,0.04653877,-9.910211
45446000,45446000,0.008649274,-0.0041842083,-9.918215
45494000,45494000,-0.021520892,-0.014300149,-9.8349
45546000,45546000,-0.0066479393,0.0033902552,-9.81093
45594000,45594000,0.014611868,0.032710105,-9.885718
45646000,45646000,-0.0062007746,0.023082457,-9.838804
45695000,45695000,-0.027098997,0.008927985,-9.845324
45747000,45747000,-0.05256252,-0.026960703,-9.829157
45794000,45794000,-0.013719445,0.026685378,-9.797504
45847000,45847000,-0.007952511,-0.02428239,-9.867257
45895000,45895000,-0.0344516,-0.047987618,-9.68162
45947000,45947000,-0.044373035,-0.028929938,-9.76319
45995000,45995000,-0.034457687,-0.0023070525,-9.741032
46047000,46047000,-0.0029285615,0.0135094635,-9.879849
46095000,46095000,0.006219728,0.005114102,-9.864894
46147000,46147000,0.03587922,0.026662955,-9.787035
46196000,46196000,0.020540575,0.020287072,-9.800774
46244000,46244000,0.010730464,0.008553464,-9.788273
46295000,46295000,0.0004451836,0.025132947,-9.803131
46347000,46347000,-0.024894482,-0.020143308,-9.853034
46395000,46395000,-0.06451206,0.020962082,-9.823473
46447000,46447000,-0.035019018,-0.029084042,-9.753275
46495000,46495000,-0.009763993,-0.015152583,-9.742195
46547000,46547000,-0.017957566,0.027604941,-9.833841
46596000,46596000,0.012618635,-0.0027505364,-9.835896
46644000,46644000,-0.014191836,-0.0038462305,-9.7552185
46697000,46697000,-0.04285521,-0.018273575,-9.89199
46745000,46745000,0.032289956,-0.007293823,-9.767361
46795000,46795000,-0.0022758176,0.025983665,-9.875909
46847000,46847000,-0.010764878,-0.029472703,-9.76643
46895000,46895000,-0.04130384,0.0029691216,-9.796909
46944000,46944000,0.00576784,0.055213444,-9.746092
46996000,46996000,-0.032228366,0.008868783,-9.773247
47044000,47044000,0.007745156,0.054621194,-9.828362
47097000,47097000,-0.012854096,-0.009763706,-9.788476
47145000,47145000,-0.01041973,-0.03409428,-9.828563
47197000,47197000,-0.012696717,0.0364994,-9.906963
47245000,47245000,0.024841359,0.018650794,-9.841122
47296000,47296000,-0.058111854,0.028124351,-9.764819
47345000,47345000,-0.0073050195,-0.031250384,-9.772368
47394000,47394000,0.0068481555,-0.05731818,-9.748952
47446000,47446000,0.013963551,-0.019307654,-9.834002
47495000,47495000,-0.018233802,-0.00013284253,-9.780889
47547000,47547000,-0.0087055545,-0.014104508,-9.780205
47595000,47595000,-0.011469761,0.008660611,-9.818407
47647000,47647000,0.008730343,0.0074440264,-9.921053
47696000,47696000,-0.037235655,0.03193269,-9.863535
47745000,47745000,-0.018955827,-0.025579859,-9.810115
47797000,47797000,-0.045308962,0.016040891,-9.807501
47845000,47845000,-0.010107135,-0.01879388,-9.775648
47897000,47897000,-0.0069451863,-0.024641672,-9.762322
47945000,47945000,-0.043362405,0.026163276,-9.779018
47997000,47997000,0.021281742,-0.013786787,-9.9225
48045000,48045000,-0.060938526,0.032252397,-9.693792
48097000,48097000,-0.023903286,-0.0048587285,-9.685156
48145000,48145000,-0.02407686,0.02638492,-9.747804
48197000,48197000,-0.05124175,-0.06282197,-9.804429
48245000,48245000,-0.039181713,0.084812656,-9.747859
48298000,48298000,-0.03790311,-0.04956072,-9.730395
48346000,48346000,0.0021594395,0.0021676086,-9.768817
48394000,48394000,-0.05609101,-0.0122350035,-9.918175
48447000,48447000,-0.03898306,0.019666243,-9.858863
48495000,48495000,0.011495049,-0.018048862,-9.846478
48547000,48547000,0.021359233,-0.019103415,-9.771429
48595000,48595000,-0.009880235,-0.0032462738,-9.907759
48644000,48644000,0.0060808603,-0.022706693,-9.836158
48697000,48697000,-0.0017387997,0.006300817,-9.829071
48745000,48745000,0.0094227,-0.015028258,-9.80162
48794000,48794000,-0.041945852,0.010525696,-9.827259
48844000,48844000,-0.02091188,0.003907438,-9.768386
48897000,48897000,-0.027030174,0.008208359,-9.844339
48945000,48945000,-0.0061231637,-0.011121023,-9.884701
48997000,48997000,-0.013305324,-0.0060691712,-9.838087
49046000,49046000,0.017668718,0.03654314,-9.924051
49095000,49095000,-0.030113494,0.017285082,-9.8710575
49147000,49147000,-0.032907262,0.054925036,-9.89324
49195000,49195000,0.009707739,0.0038660057,-9.847228
49247000,49247000,-0.010429967,-0.015863199,-9.734475
49310000,49310000,0.009675391,0.008753924,-9.774877
49347000,49347000,-0.0101431385,0.006410118,-9.793768
49399000,49399000,-0.024701506,-0.014756891,-9.841144
49447000,49447000,0.01382203,-0.0073796427,-9.798985
49495000,49495000,0.004302938,-0.016415788,-9.849073
49547000,49547000,0.010035127,0.017604738,-9.707551
49596000,49596000,-0.030555753,-0.027964331,-9.807485
49644000,49644000,0.013912916,-0.021996021,-9.803519
49696000,49696000,-0.014362872,0.04721781,-9.921562
49744000,49744000,0.001310145,-0.0144389905,-9.869328
49796000,49796000,0.011366479,-0.0034262887,-9.923291
49846000,49846000,-0.0019921723,-0.025314424,-9.85984
49894000,49894000,-0.021286624,0.0008676229,-9.701746
49946000,49946000,0.02163833,0.04414776,-9.697056
49994000,49994000,-0.05032192,0.020912422,-9.771863
50046000,50046000,-0.058709104,0.05947992,-9.873449
50094000,50094000,-0.011373874,0.0011986655,-9.878679
50144000,50144000,-0.007825354,0.020204369,-9.745259
50196000,50196000,-0.043311436,0.028550932,-9.717078
50246000,50246000,0.004803298,0.009216665,-9.767439
50294000,50294000,0.048293285,0.04918085,-9.75323
50346000,50346000,-0.014697566,0.042376213,-9.644589
50394000,50394000,-0.021628652,-0.054231714,-9.807953
50446000,50446000,-0.025625173,-0.0116106775,-9.651807
50494000,50494000,-0.03500497,-0.04156851,-9.75186
50546000,50546000,0.016036255,-0.022731805,-9.796556
50595000,50595000,0.024600033,0.05011394,-9.688656
50647000,50647000,-0.015678952,0.009539256,-9.86569
50695000,50695000,0.032009598,0.01567772,-9.7856045
50747000,50747000,0.0013242994,0.0064537795,-9.806
50795000,50795000,-0.0074298573,0.038123664,-9.732337
50844000,50844000,0.026830912,-0.028104413,-9.6336975
50896000,50896000,-0.059254702,-0.025000079,-9.83271
50945000,50945000,-0.04698924,-0.046255894,-9.70712
50995000,50995000,0.02968162,0.083537206,-9.786912
51047000,51047000,-0.0844005,0.011400604,-9.863129
51095000,51095000,-0.004479102,0.005164814,-9.696718
51147000,51147000,-0.0078111333,0.0047631953,-9.747942
51195000,51195000,-0.0075157247,0.00551854,-9.8811
51247000,51247000,-0.031876065,0.0055583054,-9.889028
51295000,51295000,-0.015153956,-0.00065331394,-9.83256
51344000,51344000,-0.011104027,0.047724307,-9.873642
51396000,51396000,0.02518632,-0.017851358,-9.877644
51444000,51444000,-0.006087196,0.03702789,-9.795492
51496000,51496000,0.02071401,0.00063461903,-9.8903055
51544000,51544000,-0.0327956,0.017308218,-9.928852
51596000,51596000,-0.01607114,0.015573261,-9.773943
51645000,51645000,0.004426422,-0.021010842,-9.820969
51697000,51697000,0.03605226,-0.030475583,-9.900325
51745000,51745000,0.0044713113,-0.010732989,-9.751207
51797000,51797000,0.025830925,0.00046833314,-9.841659
51845000,51845000,-0.0025902246,-0.0033100517,-9.718271
51897000,51897000,-0.048491083,0.05434615,-9.841404
51946000,51946000,0.0051082377,0.019556234,-9.865131
51994000,51994000,-0.028454872,0.023282902,-9.859231
52046000,52046000,0.051290765,0.040662922,-9.802584
52094000,52094000,-0.017554361,-0.03679978,-9.885857
52147000,52147000,-0.027084053,0.021399498,-9.912148
52196000,52196000,0.053619016,-0.0031599447,-9.760449
52244000,52244000,0.033866405,-0.014259825,-9.857041
52297000,52297000,-0.041749783,-0.0021515437,-9.810425
52347000,52347000,0.0014683325,-0.01330019,-9.807786
52395000,52395000,-0.012021471,-0.010735223,-9.855377
52447000,52447000,-0.05772544,-0.027787691,-9.809395
52496000,52496000,-0.02229204,-0.03407906,-9.736927
52544000,52544000,-0.04353135,-0.026396595,-9.82442
52596000,52596000,-0.014410683,0.0178776,-9.721939
52644000,52644000,0.017341863,0.0026350396,-9.763949
52696000,52696000,0.01859811,0.040624075,-9.853006
52744000,52744000,-0.025320707,0.0039439388,-9.762548
52796000,52796000,-0.04665411,-0.029134333,-9.791879
52844000,52844000,0.0045865206,0.011814777,-9.83734
52896000,52896000,-0.02912061,0.0009566939,-9.8042755
52944000,52944000,0.036448166,-0.046613377,-9.835358
52996000,52996000,-0.038514987,0.009621271,-9.719572
53044000,53044000,-0.024630282,0.0017066868,-9.734279
53096000,53096000,-0.0068816138,0.0025884928,-9.803632
53144000,53144000,-0.018521167,0.023269968,-9.808126
53196000,53196000,-0.016191533,0.008997481,-9.843554
53245000,53245000,0.039638713,0.01916022,-9.884126
53297000,53297000,-0.011113901,0.028398432,-9.889824
53346000,53346000,0.02342286,0.008204027,-9.90788
53390000,53390000,-2.9466115e-05,0.027109722,-9.9412
53447000,53447000,0.0074853254,-0.031000685,-9.922211
53495000,53495000,0.0071056476,0.04116105,-9.827715
53547000,53547000,-0.047983192,-0.024607351,-9.946324
53595000,53595000,0.014705477,0.010933219,-9.858097
53647000,53647000,0.007927706,-0.034945287,-9.812787
53695000,53695000,0.030495018,0.046798073,-9.931327
53745000,53745000,0.05738029,0.07132699,-9.791004
53797000,53797000,-0.04047953,-0.03589654,-9.789968
53846000,53846000,-0.0023897104,-0.050572656,-9.765855
53895000,53895000,0.0017769579,-0.021154389,-9.685051
53947000,53947000,-0.03341786,0.027214028,-9.885245
53995000,53995000,-0.014596441,0.0075397533,-9.739582
54047000,54047000,0.0067899916,0.0014571669,-9.746311
54096000,54096000,-0.011592758,0.04522553,-9.796132
54145000,54145000,0.008928767,0.0062481174,-9.779351
54197000,54197000,-0.0025412703,0.009415762,-9.728411
54246000,54246000,-0.044905424,0.03631545,-9.764494
54290000,54290000,-0.02189418,0.04521071,-9.933174
54347000,54347000,-0.0146292765,0.015980946,-9.933405
54395000,54395000,-0.01052667,0.015816106,-9.832916
54444000,54444000,-0.00013539568,0.04201191,-9.830129
54497000,54497000,0.016151106,-0.0724624,-9.787744
54545000,54545000,0.019171536,-0.0070755044,-9.752455
54597000,54597000,-0.047401905,-0.014746722,-9.816348
54646000,54646000,-0.028952371,0.02699229,-9.895601
54694000,54694000,0.061710123,0.02093291,-9.795668
54746000,54746000,-0.0076662386,-0.02682252,-9.729211
54794000,54794000,0.018206622,0.022374883,-9.720617
54845000,54845000,-0.026846915,0.044736177,-9.798906
54897000,54897000,-0.047073103,0.038649395,-8.758996
54945000,54945000,-0.05520495,0.014662463,-0.03501665
54997000,54997000,0.0071848026,0.044342384,-0.08209914
55045000,55045000,0.017889965,0.052925035,-0.14979768
55094000,55094000,0.011688692,0.011526176,-0.08653668
55147000,55147000,-0.051048737,-0.023712298,-0.17904828
55195000,55195000,0.004731917,-0.01771415,-0.26055068
55248000,55248000,0.007917712,0.005418823,-0.36648852
55294000,55294000,-0.05861214,-0.033756897,-0.51018286
55347000,55347000,0.0060012443,-0.007148762,-0.6830108
55396000,55396000,-0.053913295,0.0028448096,-0.6564731
55444000,55444000,-0.029247286,0.0064183064,-0.8155712
55496000,55496000,-0.0071814214,-0.017198943,-1.1751941
55545000,55545000,-0.049343556,-0.016349547,-1.2395482
55597000,55597000,0.021357097,-0.00262132,-1.545193
55645000,55645000,0.009718823,0.002450577,-1.7249374
55697000,55697000,-0.010433953,-0.04576725,-1.8412455
55745000,55745000,-0.0072426163,-0.00035158615,-1.9383422
55797000,55797000,0.050127625,0.0039202115,-2.2378511
55844000,55844000,-0.07168978,-0.032208413,-2.5645351
