timestamp,time_utc_usec,lat,lon,alt,alt_ellipsoid,s_variance_m_s,c_variance_rad,eph,epv,hdop,vdop,noise_per_ms,jamming_indicator,vel_m_s,vel_n_m_s,vel_e_m_s,vel_d_m_s,cog_rad,timestamp_time_relative,heading,heading_offset,fix_type,jamming_state,vel_ned_valid,satellites_used,selected
5899000,1681213585548000,401540295,1162593692,51090,51090,0.25,0.5,0.29999998,0.39999998,0.0,0.0,0,0,0.04,-0.04,0.01,0.04,0.0,0,nan,nan,3,0,1,10,0
5999000,1681213585648000,401540295,1162593692,51090,51090,0.25,0.5,0.29999998,0.39999998,0.0,0.0,0,0,0.07,-0.06,-0.02,0.12,0.0,0,nan,nan,3,0,1,10,0
6099000,1681213585748000,401540304,1162593679,51254,51254,0.25,0.5,0.29999998,0.39999998,0.0,0.0,0,0,0.04,-0.01,0.03,0.089999996,0.0,0,nan,nan,3,0,1,10,0
6199000,1681213585848000,401540304,1162593679,51254,51254,0.25,0.5,0.29999998,0.39999998,0.0,0.0,0,0,0.06,0.02,0.06,0.07,0.0,0,nan,nan,3,0,1,10,0
6400000,1681213586048000,401540295,1162593700,51088,51088,0.25,0.5,0.29999998,0.39999998,0.0,0.0,0,0,0.099999994,0.03,0.089999996,0.03,0.0,0,nan,nan,3,0,1,10,0
6501000,1681213586148000,401540295,1162593666,51216,51216,0.25,0.5,0.29999998,0.39999998,0.0,0.0,0,0,0.06,0.06,-0.02,0.04,0.0,0,nan,nan,3,0,1,10,0
6598000,1681213586248000,401540295,1162593666,51216,51216,0.25,0.5,0.29999998,0.39999998,0.0,0.0,0,0,0.11,0.07,-0.08,0.04,0.0,0,nan,nan,3,0,1,10,0
6699000,1681213586348000,401540312,1162593698,51127,51127,0.25,0.5,0.29999998,0.39999998,0.0,0.0,0,0,0.06,0.04,-0.049999997,-0.08,0.0,0,nan,nan,3,0,1,10,0
6799000,1681213586448000,401540312,1162593698,51127,51127,0.25,0.5,0.29999998,0.39999998,0.0,0.0,0,0,0.04,0.02,-0.03,-0.14,0.0,0,nan,nan,3,0,1,10,0
6901000,1681213586548000,401540305,1162593682,51034,51034,0.25,0.5,0.29999998,0.39999998,0.0,0.0,0,0,0.049999997,0.049999997,0.02,-0.049999997,0.0,0,nan,nan,3,0,1,10,0
7001000,1681213586648000,401540305,1162593682,51034,51034,0.25,0.5,0.29999998,0.39999998,0.0,0.0,0,0,0.08,0.06,0.04,0.01,0.0,0,nan,nan,3,0,1,10,0
7101000,1681213586748000,401540301,1162593697,50789,50789,0.25,0.5,0.29999998,0.39999998,0.0,0.0,0,0,0.03,0.02,-0.01,0.049999997,0.0,0,nan,nan,3,0,1,10,0
7201000,1681213586848000,401540301,1162593697,50789,50789,0.25,0.5,0.29999998,0.39999998,0.0,0.0,0,0,0.03,0.0,-0.03,0.07,0.0,0,nan,nan,3,0,1,10,0
7402000,1681213587048000,401540301,1162593677,50834,50834,0.25,0.5,0.29999998,0.39999998,0.0,0.0,0,0,0.07,0.0,0.07,-0.06,0.0,0,nan,nan,3,0,1,10,0
7502000,1681213587148000,401540291,1162593682,51108,51108,0.25,0.5,0.29999998,0.39999998,0.0,0.0,0,0,0.08,-0.06,0.06,0.099999994,0.0,0,nan,nan,3,0,1,10,0
7602000,1681213587248000,401540291,1162593682,51108,51108,0.25,0.5,0.29999998,0.39999998,0.0,0.0,0,0,0.099999994,-0.089999996,0.049999997,0.17999999,0.0,0,nan,nan,3,0,1,10,0
7702000,1681213587348000,401540311,1162593683,51034,51034,0.25,0.5,0.29999998,0.39999998,0.0,0.0,0,0,0.06,-0.049999997,-0.04,0.02,0.0,0,nan,nan,3,0,1,10,0
7801000,1681213587448000,401540311,1162593683,51034,51034,0.25,0.5,0.29999998,0.39999998,0.0,0.0,0,0,0.089999996,-0.02,-0.08,-0.08,0.0,0,nan,nan,3,0,1,10,0
7899000,1681213587548000,401540309,1162593671,50775,50775,0.25,0.5,0.29999998,0.39999998,0.0,0.0,0,0,0.049999997,0.03,-0.04,-0.11,0.0,0,nan,nan,3,0,1,10,0
8000000,1681213587648000,401540309,1162593671,50775,50775,0.25,0.5,0.29999998,0.39999998,0.0,0.0,0,0,0.06,0.06,-0.02,-0.13,0.0,0,nan,nan,3,0,1,10,0
8100000,1681213587748000,401540289,1162593685,50841,50841,0.25,0.5,0.29999998,0.39999998,0.0,0.0,0,0,0.08,0.07,0.04,-0.14,0.0,0,nan,nan,3,0,1,10,0
8200000,1681213587848000,401540289,1162593685,50841,50841,0.25,0.5,0.29999998,0.39999998,0.0,0.0,0,0,0.099999994,0.07,0.07,-0.14,0.0,0,nan,nan,3,0,1,10,0
8300000,1681213587948000,401540311,1162593686,51052,51052,0.25,0.5,0.29999998,0.39999998,0.0,0.0,0,0,0.07,0.049999997,0.04,-0.06,0.0,0,nan,nan,3,0,1,10,0
8400000,1681213588048000,401540311,1162593686,51052,51052,0.25,0.5,0.29999998,0.39999998,0.0,0.0,0,0,0.049999997,0.04,0.03,-0.02,0.0,0,nan,nan,3,0,1,10,0
8500000,1681213588148000,401540291,1162593696,50727,50727,0.25,0.5,0.29999998,0.39999998,0.0,0.0,0,0,0.04,0.03,0.03,-0.099999994,0.0,0,nan,nan,3,0,1,10,0
8600000,1681213588248000,401540291,1162593696,50727,50727,0.25,0.5,0.29999998,0.39999998,0.0,0.0,0,0,0.04,0.03,0.03,-0.16,0.0,0,nan,nan,3,0,1,10,0
8700000,1681213588348000,401540299,1162593680,50813,50813,0.25,0.5,0.29999998,0.39999998,0.0,0.0,0,0,0.06,0.04,-0.049999997,-0.17,0.0,0,nan,nan,3,0,1,10,0
8802000,1681213588448000,401540299,1162593680,50813,50813,0.25,0.5,0.29999998,0.39999998,0.0,0.0,0,0,0.099999994,0.04,-0.089999996,-0.17999999,0.0,0,nan,nan,3,0,1,10,0
8901000,1681213588548000,401540301,1162593681,50820,50820,0.25,0.5,0.29999998,0.39999998,0.0,0.0,0,0,0.02,-0.02,-0.01,-0.12,0.0,0,nan,nan,3,0,1,10,0
9001000,1681213588648000,401540301,1162593681,50820,50820,0.25,0.5,0.29999998,0.39999998,0.0,0.0,0,0,0.06,-0.049999997,0.04,-0.089999996,0.0,0,nan,nan,3,0,1,10,0
9101000,1681213588748000,401540309,1162593683,50927,50927,0.25,0.5,0.29999998,0.39999998,0.0,0.0,0,0,0.08,-0.07,-0.02,0.06,0.0,0,nan,nan,3,0,1,10,0
9201000,1681213588848000,401540309,1162593683,50927,50927,0.25,0.5,0.29999998,0.39999998,0.0,0.0,0,0,0.099999994,-0.08,-0.049999997,0.14,0.0,0,nan,nan,3,0,1,10,0
9402000,1681213589048000,401540300,1162593684,51205,51205,0.25,0.5,0.29999998,0.39999998,0.0,0.0,0,0,0.11,0.049999997,-0.099999994,0.16,0.0,0,nan,nan,3,0,1,10,0
9499000,1681213589148000,401540302,1162593675,50907,50907,0.25,0.5,0.29999998,0.39999998,0.0,0.0,0,0,0.07,0.03,-0.06,0.03,0.0,0,nan,nan,3,0,1,10,0
9599000,1681213589248000,401540302,1162593675,50907,50907,0.25,0.5,0.29999998,0.39999998,0.0,0.0,0,0,0.04,0.02,-0.04,-0.049999997,0.0,0,nan,nan,3,0,1,10,0
9699000,1681213589348000,401540296,1162593683,50862,50862,0.25,0.5,0.29999998,0.39999998,0.0,0.0,0,0,0.049999997,-0.04,0.02,-0.11,0.0,0,nan,nan,3,0,1,10,0
9799000,1681213589448000,401540296,1162593683,50862,50862,0.25,0.5,0.29999998,0.39999998,0.0,0.0,0,0,0.089999996,-0.08,0.049999997,-0.14,0.0,0,nan,nan,3,0,1,10,0
9899000,1681213589548000,401540304,1162593689,51244,51244,0.25,0.5,0.29999998,0.39999998,0.0,0.0,0,0,0.02,-0.02,-0.01,-0.06,0.0,0,nan,nan,3,0,1,10,0
9999000,1681213589648000,401540304,1162593689,51244,51244,0.25,0.5,0.29999998,0.39999998,0.0,0.0,0,0,0.049999997,0.01,-0.049999997,-0.01,0.0,0,nan,nan,3,0,1,10,0
10100000,1681213589748000,401540313,1162593690,51044,51044,0.25,0.5,0.29999998,0.39999998,0.0,0.0,0,0,0.049999997,-0.03,-0.04,-0.03,0.0,0,nan,nan,3,0,1,10,0
10200000,1681213589848000,401540313,1162593690,51044,51044,0.25,0.5,0.29999998,0.39999998,0.0,0.0,0,0,0.07,-0.06,-0.03,-0.049999997,0.0,0,nan,nan,3,0,1,10,0
10402000,1681213590048000,401540289,1162593667,50938,50938,0.25,0.5,0.29999998,0.39999998,0.0,0.0,0,0,0.06,-0.04,-0.04,0.01,0.0,0,nan,nan,3,0,1,10,0
10702000,1681213590348000,401540307,1162593689,50816,50816,0.25,0.5,0.29999998,0.39999998,0.0,0.0,0,0,0.049999997,0.049999997,0.01,0.089999996,0.0,0,nan,nan,3,0,1,10,0
10899000,1681213590548000,401540304,1162593677,51184,51184,0.25,0.5,0.29999998,0.39999998,0.0,0.0,0,0,0.04,0.03,-0.02,-0.049999997,0.0,0,nan,nan,3,0,1,10,0
10999000,1681213590648000,401540304,1162593677,51184,51184,0.25,0.5,0.29999998,0.39999998,0.0,0.0,0,0,0.049999997,0.03,-0.03,-0.17,0.0,0,nan,nan,3,0,1,10,0
11099000,1681213590748000,401540292,1162593675,50973,50973,0.25,0.5,0.29999998,0.39999998,0.0,0.0,0,0,0.049999997,-0.049999997,0.03,0.01,0.0,0,nan,nan,3,0,1,10,0
11199000,1681213590848000,401540292,1162593675,50973,50973,0.25,0.5,0.29999998,0.39999998,0.0,0.0,0,0,0.11,-0.089999996,0.06,0.11,0.0,0,nan,nan,3,0,1,10,0
11299000,1681213590948000,401540299,1162593700,51149,51149,0.25,0.5,0.29999998,0.39999998,0.0,0.0,0,0,0.03,0.02,0.02,0.03,0.0,0,nan,nan,3,0,1,10,0
11502000,1681213591148000,401540298,1162593673,50743,50743,0.25,0.5,0.29999998,0.39999998,0.0,0.0,0,0,0.04,-0.02,0.03,-0.06,0.0,0,nan,nan,3,0,1,10,0
11802000,1681213591448000,401540296,1162593671,51141,51141,0.25,0.5,0.29999998,0.39999998,0.0,0.0,0,0,0.07,0.06,0.03,-0.03,0.0,0,nan,nan,3,0,1,10,0
11901000,1681213591548000,401540309,1162593683,50944,50944,0.25,0.5,0.29999998,0.39999998,0.0,0.0,0,0,0.04,0.04,0.0,-0.06,0.0,0,nan,nan,3,0,1,10,0
12001000,1681213591648000,401540309,1162593683,50944,50944,0.25,0.5,0.29999998,0.39999998,0.0,0.0,0,0,0.02,0.02,-0.01,-0.08,0.0,0,nan,nan,3,0,1,10,0
12101000,1681213591748000,401540311,1162593694,50975,50975,0.25,0.5,0.29999998,0.39999998,0.0,0.0,0,0,0.06,-0.01,0.049999997,0.07,0.0,0,nan,nan,3,0,1,10,0
12202000,1681213591848000,401540311,1162593694,50975,50975,0.25,0.5,0.29999998,0.39999998,0.0,0.0,0,0,0.099999994,-0.03,0.089999996,0.14999999,0.0,0,nan,nan,3,0,1,10,0
12299000,1681213591948000,401540302,1162593698,51193,51193,0.25,0.5,0.29999998,0.39999998,0.0,0.0,0,0,0.07,0.04,0.049999997,0.08,0.0,0,nan,nan,3,0,1,10,0
12401000,1681213592048000,401540302,1162593698,51193,51193,0.25,0.5,0.29999998,0.39999998,0.0,0.0,0,0,0.08,0.08,0.03,0.03,0.0,0,nan,nan,3,0,1,10,0
12501000,1681213592148000,401540289,1162593692,51032,51032,0.25,0.5,0.29999998,0.39999998,0.0,0.0,0,0,0.02,0.02,-0.02,-0.06,0.0,0,nan,nan,3,0,1,10,0
12601000,1681213592248000,401540289,1162593692,51032,51032,0.25,0.5,0.29999998,0.39999998,0.0,0.0,0,0,0.049999997,-0.02,-0.04,-0.099999994,0.0,0,nan,nan,3,0,1,10,0
12701000,1681213592348000,401540310,1162593680,50813,50813,0.25,0.5,0.29999998,0.39999998,0.0,0.0,0,0,0.089999996,-0.06,-0.06,0.01,0.0,0,nan,nan,3,0,1,10,0
12801000,1681213592448000,401540310,1162593680,50813,50813,0.25,0.5,0.29999998,0.39999998,0.0,0.0,0,0,0.11,-0.089999996,-0.07,0.07,0.0,0,nan,nan,3,0,1,10,0
12902000,1681213592548000,401540308,1162593681,50944,50944,0.25,0.5,0.29999998,0.39999998,0.0,0.0,0,0,0.049999997,-0.01,-0.049999997,0.14999999,0.0,0,nan,nan,3,0,1,10,0
12999000,1681213592648000,401540308,1162593681,50944,50944,0.25,0.5,0.29999998,0.39999998,0.0,0.0,0,0,0.049999997,0.04,-0.04,0.19,0.0,0,nan,nan,3,0,1,10,0
13099000,1681213592748000,401540310,1162593669,51169,51169,0.25,0.5,0.29999998,0.39999998,0.0,0.0,0,0,0.03,-0.02,0.02,0.089999996,0.0,0,nan,nan,3,0,1,10,0
13199000,1681213592848000,401540310,1162593669,51169,51169,0.25,0.5,0.29999998,0.39999998,0.0,0.0,0,0,0.07,-0.049999997,0.049999997,0.04,0.0,0,nan,nan,3,0,1,10,0
13299000,1681213592948000,401540304,1162593669,51042,51042,0.25,0.5,0.29999998,0.39999998,0.0,0.0,0,0,0.06,-0.06,0.0,-0.089999996,0.0,0,nan,nan,3,0,1,10,0
13402000,1681213593048000,401540304,1162593669,51042,51042,0.25,0.5,0.29999998,0.39999998,0.0,0.0,0,0,0.07,-0.06,-0.03,-0.14999999,0.0,0,nan,nan,3,0,1,10,0
13502000,1681213593148000,401540296,1162593693,51056,51056,0.25,0.5,0.29999998,0.39999998,0.0,0.0,0,0,0.04,0.04,-0.01,0.01,0.0,0,nan,nan,3,0,1,10,0
13599000,1681213593248000,401540296,1162593693,51056,51056,0.25,0.5,0.29999998,0.39999998,0.0,0.0,0,0,0.089999996,0.089999996,0.01,0.099999994,0.0,0,nan,nan,3,0,1,10,0
13699000,1681213593348000,401540307,1162593669,51004,51004,0.25,0.5,0.29999998,0.39999998,0.0,0.0,0,0,0.049999997,0.049999997,0.0,0.12,0.0,0,nan,nan,3,0,1,10,0
13799000,1681213593448000,401540307,1162593669,51004,51004,0.25,0.5,0.29999998,0.39999998,0.0,0.0,0,0,0.03,0.03,0.0,0.13,0.0,0,nan,nan,3,0,1,10,0
13899000,1681213593548000,401540299,1162593693,51127,51127,0.25,0.5,0.29999998,0.39999998,0.0,0.0,0,0,0.01,0.01,0.0,0.01,0.0,0,nan,nan,3,0,1,10,0
14000000,1681213593648000,401540299,1162593693,51127,51127,0.25,0.5,0.29999998,0.39999998,0.0,0.0,0,0,0.0,0.0,0.0,-0.049999997,0.0,0,nan,nan,3,0,1,10,0
14100000,1681213593748000,401540307,1162593668,51021,51021,0.25,0.5,0.29999998,0.39999998,0.0,0.0,0,0,0.03,-0.03,0.01,0.089999996,0.0,0,nan,nan,3,0,1,10,0
14200000,1681213593848000,401540307,1162593668,51021,51021,0.25,0.5,0.29999998,0.39999998,0.0,0.0,0,0,0.049999997,-0.04,0.01,0.16,0.0,0,nan,nan,3,0,1,10,0
14300000,1681213593948000,401540292,1162593687,51075,51075,0.25,0.5,0.29999998,0.39999998,0.0,0.0,0,0,0.03,-0.02,-0.02,-0.04,0.0,0,nan,nan,3,0,1,10,0
14400000,1681213594048000,401540292,1162593687,51075,51075,0.25,0.5,0.29999998,0.39999998,0.0,0.0,0,0,0.03,-0.01,-0.03,-0.16,0.0,0,nan,nan,3,0,1,10,0
14501000,1681213594148000,401540301,1162593682,51126,51126,0.25,0.5,0.29999998,0.39999998,0.0,0.0,0,0,0.02,0.02,0.0,-0.17999999,0.0,0,nan,nan,3,0,1,10,0
14601000,1681213594248000,401540301,1162593682,51126,51126,0.25,0.5,0.29999998,0.39999998,0.0,0.0,0,0,0.04,0.03,0.01,-0.17999999,0.0,0,nan,nan,3,0,1,10,0
14701000,1681213594348000,401540304,1162593683,51045,51045,0.25,0.5,0.29999998,0.39999998,0.0,0.0,0,0,0.04,0.03,-0.03,-0.19,0.0,0,nan,nan,3,0,1,10,0
14801000,1681213594448000,401540304,1162593683,51045,51045,0.25,0.5,0.29999998,0.39999998,0.0,0.0,0,0,0.06,0.03,-0.049999997,-0.19999999,0.0,0,nan,nan,3,0,1,10,0
14899000,1681213594548000,401540290,1162593698,51229,51229,0.25,0.5,0.29999998,0.39999998,0.0,0.0,0,0,0.01,0.01,0.0,-0.02,0.0,0,nan,nan,3,0,1,10,0
14999000,1681213594648000,401540290,1162593698,51229,51229,0.25,0.5,0.29999998,0.39999998,0.0,0.0,0,0,0.03,0.0,0.03,0.08,0.0,0,nan,nan,3,0,1,10,0
15100000,1681213594748000,401540299,1162593694,51279,51279,0.25,0.5,0.29999998,0.39999998,0.0,0.0,0,0,0.06,0.03,-0.049999997,0.089999996,0.0,0,nan,nan,3,0,1,10,0
15202000,1681213594848000,401540299,1162593694,51279,51279,0.25,0.5,0.29999998,0.39999998,0.0,0.0,0,0,0.099999994,0.049999997,-0.089999996,0.089999996,0.0,0,nan,nan,3,0,1,10,0
15400000,1681213595048000,401540290,1162593689,50936,50936,0.25,0.5,0.29999998,0.39999998,0.0,0.0,0,0,0.099999994,0.04,0.089999996,-0.02,0.0,0,nan,nan,3,0,1,10,0
15500000,1681213595148000,401540297,1162593696,50938,50938,0.25,0.5,0.29999998,0.39999998,0.0,0.0,0,0,0.04,0.04,0.01,-0.12,0.0,0,nan,nan,3,0,1,10,0
15600000,1681213595248000,401540297,1162593696,50938,50938,0.25,0.5,0.29999998,0.39999998,0.0,0.0,0,0,0.06,0.04,-0.04,-0.17,0.0,0,nan,nan,3,0,1,10,0
15701000,1681213595348000,401540295,1162593690,51089,51089,0.25,0.5,0.29999998,0.39999998,0.0,0.0,0,0,0.01,0.01,-0.01,-0.06,0.0,0,nan,nan,3,0,1,10,0
15802000,1681213595448000,401540295,1162593690,51089,51089,0.25,0.5,0.29999998,0.39999998,0.0,0.0,0,0,0.02,-0.01,0.01,0.0,0.0,0,nan,nan,3,0,1,10,0
15901000,1681213595548000,401540311,1162593676,50844,50844,0.25,0.5,0.29999998,0.39999998,0.0,0.0,0,0,0.03,0.03,0.0,-0.08,0.0,0,nan,nan,3,0,1,10,0
16001000,1681213595648000,401540311,1162593676,50844,50844,0.25,0.5,0.29999998,0.39999998,0.0,0.0,0,0,0.06,0.06,0.0,-0.13,0.0,0,nan,nan,3,0,1,10,0
16101000,1681213595748000,401540312,1162593696,50738,50738,0.25,0.5,0.29999998,0.39999998,0.0,0.0,0,0,0.08,0.08,-0.01,-0.089999996,0.0,0,nan,nan,3,0,1,10,0
16201000,1681213595848000,401540312,1162593696,50738,50738,0.25,0.5,0.29999998,0.39999998,0.0,0.0,0,0,0.089999996,0.089999996,-0.01,-0.06,0.0,0,nan,nan,3,0,1,10,0
16400000,1681213596048000,401540295,1162593683,50815,50815,0.25,0.5,0.29999998,0.39999998,0.0,0.0,0,0,0.07,0.07,-0.02,-0.03,0.0,0,nan,nan,3,0,1,10,0
16500000,1681213596148000,401540315,1162593674,50878,50878,0.25,0.5,0.29999998,0.39999998,0.0,0.0,0,0,0.049999997,0.04,0.03,-0.11,0.0,0,nan,nan,3,0,1,10,0
16601000,1681213596248000,401540315,1162593674,50878,50878,0.25,0.5,0.29999998,0.39999998,0.0,0.0,0,0,0.07,0.03,0.07,-0.14999999,0.0,0,nan,nan,3,0,1,10,0
16701000,1681213596348000,401540293,1162593666,51312,51312,0.25,0.5,0.29999998,0.39999998,0.0,0.0,0,0,0.03,0.02,0.02,-0.04,0.0,0,nan,nan,3,0,1,10,0
16801000,1681213596448000,401540293,1162593666,51312,51312,0.25,0.5,0.29999998,0.39999998,0.0,0.0,0,0,0.02,0.02,-0.01,0.02,0.0,0,nan,nan,3,0,1,10,0
16902000,1681213596549000,401540299,1162593681,51161,51161,0.25,0.5,0.29999998,0.39999998,0.0,0.0,0,0,0.07,0.03,-0.06,-0.099999994,0.0,0,nan,nan,3,0,1,10,0
17100000,1681213596749000,401540315,1162593670,50782,50782,0.25,0.5,0.29999998,0.39999998,0.0,0.0,0,0,0.11,0.07,-0.089999996,0.01,0.0,0,nan,nan,3,0,1,10,0
17201000,1681213596849000,401540315,1162593670,50782,50782,0.25,0.5,0.29999998,0.39999998,0.0,0.0,0,0,0.13,0.08,-0.099999994,0.11,0.0,0,nan,nan,3,0,1,10,0
17402000,1681213597049000,401540300,1162593679,50811,50811,0.25,0.5,0.29999998,0.39999998,0.0,0.0,0,0,0.11,-0.07,0.089999996,-0.08,0.0,0,nan,nan,3,0,1,10,0
17502000,1681213597149000,401540293,1162593698,50998,50998,0.25,0.5,0.29999998,0.39999998,0.0,0.0,0,0,0.089999996,-0.08,0.03,-0.08,0.0,0,nan,nan,3,0,1,10,0
17602000,1681213597249000,401540293,1162593698,50998,50998,0.25,0.5,0.29999998,0.39999998,0.0,0.0,0,0,0.089999996,-0.089999996,0.0,-0.07,0.0,0,nan,nan,3,0,1,10,0
17702000,1681213597349000,401540298,1162593689,50948,50948,0.25,0.5,0.29999998,0.39999998,0.0,0.0,0,0,0.07,-0.02,-0.06,-0.02,0.0,0,nan,nan,3,0,1,10,0
17802000,1681213597449000,401540298,1162593689,50948,50948,0.25,0.5,0.29999998,0.39999998,0.0,0.0,0,0,0.089999996,0.01,-0.089999996,0.01,0.0,0,nan,nan,3,0,1,10,0
17903000,1681213597549000,401540309,1162593678,51253,51253,0.25,0.5,0.29999998,0.39999998,0.0,0.0,0,0,0.03,-0.02,-0.03,0.03,0.0,0,nan,nan,3,0,1,10,0
18000000,1681213597649000,401540309,1162593678,51253,51253,0.25,0.5,0.29999998,0.39999998,0.0,0.0,0,0,0.03,-0.03,0.01,0.04,0.0,0,nan,nan,3,0,1,10,0
18100000,1681213597749000,401540290,1162593680,51284,51284,0.25,0.5,0.29999998,0.39999998,0.0,0.0,0,0,0.049999997,-0.02,-0.049999997,0.11,0.0,0,nan,nan,3,0,1,10,0
18200000,1681213597849000,401540290,1162593680,51284,51284,0.25,0.5,0.29999998,0.39999998,0.0,0.0,0,0,0.08,-0.01,-0.08,0.14999999,0.0,0,nan,nan,3,0,1,10,0
18300000,1681213597949000,401540305,1162593677,51090,51090,0.25,0.5,0.29999998,0.39999998,0.0,0.0,0,0,0.049999997,0.0,-0.049999997,0.01,0.0,0,nan,nan,3,0,1,10,0
18401000,1681213598049000,401540305,1162593677,51090,51090,0.25,0.5,0.29999998,0.39999998,0.0,0.0,0,0,0.03,0.01,-0.03,-0.06,0.0,0,nan,nan,3,0,1,10,0
18501000,1681213598149000,401540307,1162593700,51154,51154,0.25,0.5,0.29999998,0.39999998,0.0,0.0,0,0,0.04,0.01,-0.04,-0.07,0.0,0,nan,nan,3,0,1,10,0
18602000,1681213598249000,401540307,1162593700,51154,51154,0.25,0.5,0.29999998,0.39999998,0.0,0.0,0,0,0.049999997,0.01,-0.049999997,-0.08,0.0,0,nan,nan,3,0,1,10,0
18702000,1681213598349000,401540303,1162593681,50943,50943,0.25,0.5,0.29999998,0.39999998,0.0,0.0,0,0,0.03,-0.03,0.01,0.04,0.0,0,nan,nan,3,0,1,10,0
18803000,1681213598449000,401540303,1162593681,50943,50943,0.25,0.5,0.29999998,0.39999998,0.0,0.0,0,0,0.06,-0.049999997,0.04,0.099999994,0.0,0,nan,nan,3,0,1,10,0
19104000,1681213598750000,401540302,1162593688,50934,50934,0.25,0.5,0.29999998,0.39999998,0.0,0.0,0,0,0.02,-0.02,0.01,0.14,0.0,0,nan,nan,3,0,1,10,0
19204000,1681213598850000,401540302,1162593688,50934,50934,0.25,0.5,0.29999998,0.39999998,0.0,0.0,0,0,0.04,-0.04,-0.02,0.12,0.0,0,nan,nan,3,0,1,10,0
19402000,1681213599051000,401540298,1162593689,51218,51218,0.25,0.5,0.29999998,0.39999998,0.0,0.0,0,0,0.089999996,-0.07,-0.049999997,0.17999999,0.0,0,nan,nan,3,0,1,10,0
19502000,1681213599151000,401540302,1162593670,50759,50759,0.25,0.5,0.29999998,0.39999998,0.0,0.0,0,0,0.07,-0.03,-0.06,0.14999999,0.0,0,nan,nan,3,0,1,10,0
19603000,1681213599251000,401540302,1162593670,50759,50759,0.25,0.5,0.29999998,0.39999998,0.0,0.0,0,0,0.07,-0.01,-0.07,0.13,0.0,0,nan,nan,3,0,1,10,0
19704000,1681213599351000,401540302,1162593698,51304,51304,0.25,0.5,0.29999998,0.39999998,0.0,0.0,0,0,0.03,0.02,-0.02,-0.03,0.0,0,nan,nan,3,0,1,10,0
19804000,1681213599451000,401540302,1162593698,51304,51304,0.25,0.5,0.29999998,0.39999998,0.0,0.0,0,0,0.03,0.03,0.0,-0.11,0.0,0,nan,nan,3,0,1,10,0
19904000,1681213599551000,401540312,1162593700,50732,50732,0.25,0.5,0.29999998,0.39999998,0.0,0.0,0,0,0.049999997,-0.02,-0.04,0.01,0.0,0,nan,nan,3,0,1,10,0
20105000,1681213599751000,401540294,1162593676,50819,50819,0.25,0.5,0.29999998,0.39999998,0.0,0.0,0,0,0.08,-0.08,0.03,0.02,0.0,0,nan,nan,3,0,1,10,0
20205000,1681213599851000,401540294,1162593676,50819,50819,0.25,0.5,0.29999998,0.39999998,0.0,0.0,0,0,0.12,-0.089999996,0.07,-0.01,0.0,0,nan,nan,3,0,1,10,0
20305000,1681213599951000,401540306,1162593692,51200,51200,0.25,0.5,0.29999998,0.39999998,0.0,0.0,0,0,0.099999994,-0.07,0.07,0.02,0.0,0,nan,nan,3,0,1,10,0
20502000,1681213600151000,401540311,1162593698,51238,51238,0.25,0.5,0.29999998,0.39999998,0.0,0.0,0,0,0.07,-0.06,0.01,-0.06,0.0,0,nan,nan,3,0,1,10,0
20602000,1681213600251000,401540311,1162593698,51238,51238,0.25,0.5,0.29999998,0.39999998,0.0,0.0,0,0,0.07,-0.07,-0.02,-0.099999994,0.0,0,nan,nan,3,0,1,10,0
20702000,1681213600351000,401540289,1162593667,51022,51022,0.25,0.5,0.29999998,0.39999998,0.0,0.0,0,0,0.06,-0.04,-0.04,-0.03,0.0,0,nan,nan,3,0,1,10,0
21102000,1681213600751000,401540313,1162593697,50822,50822,0.25,0.5,0.29999998,0.39999998,0.0,0.0,0,0,0.08,-0.07,-0.03,-0.089999996,0.0,0,nan,nan,3,0,1,10,0
21202000,1681213600851000,401540313,1162593697,50822,50822,0.25,0.5,0.29999998,0.39999998,0.0,0.0,0,0,0.08,-0.08,-0.02,-0.06,0.0,0,nan,nan,3,0,1,10,0
21503000,1681213601151000,401540305,1162593675,50834,50834,0.25,0.5,0.29999998,0.39999998,0.0,0.0,0,0,0.07,-0.04,0.06,0.12,0.0,0,nan,nan,3,0,1,10,0
21604000,1681213601251000,401540305,1162593675,50834,50834,0.25,0.5,0.29999998,0.39999998,0.0,0.0,0,0,0.099999994,-0.08,0.049999997,0.099999994,0.0,0,nan,nan,3,0,1,10,0
21705000,1681213601351000,401540291,1162593697,51084,51084,0.25,0.5,0.29999998,0.39999998,0.0,0.0,0,0,0.03,0.01,-0.02,0.11,0.0,0,nan,nan,3,0,1,10,0
21802000,1681213601451000,401540291,1162593697,51084,51084,0.25,0.5,0.29999998,0.39999998,0.0,0.0,0,0,0.089999996,0.06,-0.06,0.12,0.0,0,nan,nan,3,0,1,10,0
22106000,1681213601752000,401540307,1162593678,50977,50977,0.25,0.5,0.29999998,0.39999998,0.0,0.0,0,0,0.02,-0.02,0.0,-0.08,0.0,0,nan,nan,3,0,1,10,0
22206000,1681213601852000,401540307,1162593678,50977,50977,0.25,0.5,0.29999998,0.39999998,0.0,0.0,0,0,0.08,-0.07,0.02,-0.099999994,0.0,0,nan,nan,3,0,1,10,0
22306000,1681213601952000,401540310,1162593676,50760,50760,0.25,0.5,0.29999998,0.39999998,0.0,0.0,0,0,0.03,0.0,0.03,-0.13,0.0,0,nan,nan,3,0,1,10,0
22505000,1681213602153000,401540302,1162593669,50886,50886,0.25,0.5,0.29999998,0.39999998,0.0,0.0,0,0,0.07,0.06,-0.04,-0.03,0.0,0,nan,nan,3,0,1,10,0
22605000,1681213602253000,401540302,1162593669,50886,50886,0.25,0.5,0.29999998,0.39999998,0.0,0.0,0,0,0.099999994,0.07,-0.07,0.02,0.0,0,nan,nan,3,0,1,10,0
22705000,1681213602353000,401540298,1162593672,50920,50920,0.25,0.5,0.29999998,0.39999998,0.0,0.0,0,0,0.08,-0.01,-0.08,0.0,0.0,0,nan,nan,3,0,1,10,0
22805000,1681213602453000,401540298,1162593672,50920,50920,0.25,0.5,0.29999998,0.39999998,0.0,0.0,0,0,0.099999994,-0.04,-0.089999996,0.0,0.0,0,nan,nan,3,0,1,10,0
23006000,1681213602654000,401540302,1162593671,50776,50776,0.25,0.5,0.29999998,0.39999998,0.0,0.0,0,0,0.099999994,0.08,0.049999997,0.089999996,0.0,0,nan,nan,3,0,1,10,0
23106000,1681213602754000,401540291,1162593686,50864,50864,0.25,0.5,0.29999998,0.39999998,0.0,0.0,0,0,0.07,-0.02,0.06,0.03,0.0,0,nan,nan,3,0,1,10,0
23206000,1681213602854000,401540291,1162593686,50864,50864,0.25,0.5,0.29999998,0.39999998,0.0,0.0,0,0,0.099999994,-0.07,0.06,0.0,0.0,0,nan,nan,3,0,1,10,0
23307000,1681213602954000,401540291,1162593675,50755,50755,0.25,0.5,0.29999998,0.39999998,0.0,0.0,0,0,0.12,-0.08,0.089999996,-0.04,0.0,0,nan,nan,3,0,1,10,0
23593000,1681213603240000,401540306,1162593698,50798,50798,0.25,0.5,0.29999998,0.39999998,0.0,0.0,0,0,0.11,-0.06,0.089999996,-0.16,0.0,0,nan,nan,3,0,1,10,0
23692000,1681213603340000,401540299,1162593694,51018,51018,0.25,0.5,0.29999998,0.39999998,0.0,0.0,0,0,0.089999996,-0.03,0.089999996,-0.07,0.0,0,nan,nan,3,0,1,10,0
23793000,1681213603440000,401540299,1162593694,51018,51018,0.25,0.5,0.29999998,0.39999998,0.0,0.0,0,0,0.089999996,0.0,0.089999996,0.0,0.0,0,nan,nan,3,0,1,10,0
23893000,1681213603540000,401540305,1162593691,50965,50965,0.25,0.5,0.29999998,0.39999998,0.0,0.0,0,0,0.07,0.03,0.06,0.04,0.0,0,nan,nan,3,0,1,10,0
23994000,1681213603640000,401540305,1162593691,50965,50965,0.25,0.5,0.29999998,0.39999998,0.0,0.0,0,0,0.07,0.049999997,0.049999997,0.049999997,0.0,0,nan,nan,3,0,1,10,0
24091000,1681213603740000,401540305,1162593688,50911,50911,0.25,0.5,0.29999998,0.39999998,0.0,0.0,0,0,0.04,0.03,-0.03,0.03,0.0,0,nan,nan,3,0,1,10,0
24193000,1681213603840000,401540305,1162593688,50911,50911,0.25,0.5,0.29999998,0.39999998,0.0,0.0,0,0,0.08,0.02,-0.08,0.01,0.0,0,nan,nan,3,0,1,10,0
24294000,1681213603940000,401540315,1162593684,51071,51071,0.25,0.5,0.29999998,0.39999998,0.0,0.0,0,0,0.049999997,0.03,-0.04,-0.099999994,0.0,0,nan,nan,3,0,1,10,0
24394000,1681213604040000,401540315,1162593684,51071,51071,0.25,0.5,0.29999998,0.39999998,0.0,0.0,0,0,0.03,0.03,-0.01,-0.099999994,0.0,0,nan,nan,3,0,1,10,0
24491000,1681213604140000,401540303,1162593699,50762,50762,0.25,0.5,0.29999998,0.39999998,0.0,0.0,0,0,0.04,0.04,-0.01,-0.02,0.0,0,nan,nan,3,0,1,10,0
24593000,1681213604240000,401540303,1162593699,50762,50762,0.25,0.5,0.29999998,0.39999998,0.0,0.0,0,0,0.049999997,0.049999997,-0.01,0.02,0.0,0,nan,nan,3,0,1,10,0
24693000,1681213604340000,401540306,1162593674,50731,50731,0.25,0.5,0.29999998,0.39999998,0.0,0.0,0,0,0.07,0.07,-0.02,-0.049999997,0.0,0,nan,nan,3,0,1,10,0
24791000,1681213604440000,401540306,1162593674,50731,50731,0.25,0.5,0.29999998,0.39999998,0.0,0.0,0,0,0.089999996,0.08,-0.02,-0.14,0.0,0,nan,nan,3,0,1,10,0
24892000,1681213604540000,401540312,1162593693,50777,50777,0.25,0.5,0.29999998,0.39999998,0.0,0.0,0,0,0.049999997,-0.01,-0.049999997,-0.22,0.0,0,nan,nan,3,0,1,10,0
24992000,1681213604640000,401540312,1162593693,50777,50777,0.25,0.5,0.29999998,0.39999998,0.0,0.0,0,0,0.099999994,-0.07,-0.07,-0.26999998,0.0,0,nan,nan,3,0,1,10,0
25091000,1681213604740000,401540294,1162593668,51059,51059,0.25,0.5,0.29999998,0.39999998,0.0,0.0,0,0,0.08,0.0,-0.08,-0.07,0.0,0,nan,nan,3,0,1,10,0
25194000,1681213604840000,401540294,1162593668,51060,51060,0.25,0.5,0.29999998,0.39999998,0.0,0.0,0,0,0.099999994,0.049999997,-0.089999996,0.03,0.0,0,nan,nan,3,0,1,10,0
25294000,1681213604940000,401540299,1162593684,50887,50887,0.25,0.5,0.29999998,0.39999998,0.0,0.0,0,0,0.03,0.01,-0.03,-0.16,0.0,0,nan,nan,3,0,1,10,0
25392000,1681213605040000,401540299,1162593684,50889,50889,0.25,0.5,0.29999998,0.39999998,0.0,0.0,0,0,0.04,-0.02,0.03,-0.17,0.0,0,nan,nan,3,0,1,10,0
25494000,1681213605140000,401540297,1162593679,50857,50857,0.25,0.5,0.29999998,0.39999998,0.0,0.0,0,0,0.11,-0.01,0.11,-0.17,0.0,0,nan,nan,3,0,1,10,0
25592000,1681213605240000,401540296,1162593680,50877,50877,0.25,0.5,0.29999998,0.39999998,0.0,0.0,0,0,0.16,0.0,0.16,-0.29999998,0.0,0,nan,nan,3,0,1,10,0
25694000,1681213605340000,401540292,1162593680,51051,51051,0.25,0.5,0.29999998,0.39999998,0.0,0.0,0,0,0.17999999,-0.03,0.17999999,-0.52,0.0,0,nan,nan,3,0,1,10,0
25794000,1681213605440000,401540292,1162593682,51115,51115,0.25,0.5,0.29999998,0.39999998,0.0,0.0,0,0,0.19,-0.049999997,0.17999999,-0.74,0.0,0,nan,nan,3,0,1,10,0
25891000,1681213605540000,401540297,1162593702,50962,50962,0.25,0.5,0.29999998,0.39999998,0.0,0.0,0,0,0.14,-0.049999997,0.13,-1.04,0.0,0,nan,nan,3,0,1,10,0
25991000,1681213605640000,401540297,1162593704,51071,51071,0.25,0.5,0.29999998,0.39999998,0.0,0.0,0,0,0.11,-0.049999997,0.089999996,-1.3199999,0.0,0,nan,nan,3,0,1,10,0
26094000,1681213605740000,401540294,1162593697,51412,51412,0.25,0.5,0.29999998,0.39999998,0.0,0.0,0,0,0.14,-0.06,0.13,-1.36,0.0,0,nan,nan,3,0,1,10,0
26194000,1681213605840000,401540294,1162593699,51564,51564,0.25,0.5,0.29999998,0.39999998,0.0,0.0,0,0,0.16,-0.06,0.14999999,-1.4499999,0.0,0,nan,nan,3,0,1,10,0
26294000,1681213605940000,401540309,1162593700,51603,51603,0.25,0.5,0.29999998,0.39999998,0.0,0.0,0,0,0.099999994,-0.06,0.08,-1.77,0.0,0,nan,nan,3,0,1,10,0
26392000,1681213606040000,401540309,1162593701,51797,51797,0.25,0.5,0.29999998,0.39999998,0.0,0.0,0,0,0.07,-0.06,0.02,-2.07,0.0,0,nan,nan,3,0,1,10,0
26492000,1681213606140000,401540306,1162593705,52348,52348,0.25,0.5,0.29999998,0.39999998,0.0,0.0,0,0,0.049999997,-0.01,0.049999997,-2.21,0.0,0,nan,nan,3,0,1,10,0
26592000,1681213606240000,401540307,1162593706,52580,52580,0.25,0.5,0.29999998,0.39999998,0.0,0.0,0,0,0.08,0.03,0.07,-2.32,0.0,0,nan,nan,3,0,1,10,0
26692000,1681213606340000,401540312,1162593700,52486,52486,0.25,0.5,0.29999998,0.39999998,0.0,0.0,0,0,0.089999996,0.01,0.089999996,-2.55,0.0,0,nan,nan,3,0,1,10,0
26792000,1681213606440000,401540313,1162593700,52738,52738,0.25,0.5,0.29999998,0.39999998,0.0,0.0,0,0,0.099999994,-0.01,0.089999996,-2.69,0.0,0,nan,nan,3,0,1,10,0
26892000,1681213606540000,401540297,1162593710,52954,52954,0.25,0.5,0.29999998,0.39999998,0.0,0.0,0,0,0.03,0.02,0.02,-2.59,0.0,0,nan,nan,3,0,1,10,0
26992000,1681213606640000,401540297,1162593710,53209,53209,0.25,0.5,0.29999998,0.39999998,0.0,0.0,0,0,0.06,0.04,-0.04,-2.5,0.0,0,nan,nan,3,0,1,10,0
27093000,1681213606740000,401540305,1162593702,53981,53981,0.25,0.5,0.29999998,0.39999998,0.0,0.0,0,0,0.11,0.089999996,-0.07,-2.46,0.0,0,nan,nan,3,0,1,10,0
27193000,1681213606840000,401540305,1162593702,54242,54242,0.25,0.5,0.29999998,0.39999998,0.0,0.0,0,0,0.14999999,0.12,-0.089999996,-2.44,0.0,0,nan,nan,3,0,1,10,0
27293000,1681213606940000,401540293,1162593708,54323,54323,0.25,0.5,0.29999998,0.39999998,0.0,0.0,0,0,0.12,0.12,-0.01,-2.55,0.0,0,nan,nan,3,0,1,10,0
27393000,1681213607040000,401540294,1162593707,54584,54584,0.25,0.5,0.29999998,0.39999998,0.0,0.0,0,0,0.13,0.12,0.049999997,-2.6299999,0.0,0,nan,nan,3,0,1,10,0
27493000,1681213607140000,401540310,1162593710,54460,54460,0.25,0.5,0.29999998,0.39999998,0.0,0.0,0,0,0.089999996,0.08,0.02,-2.73,0.0,0,nan,nan,3,0,1,10,0
27593000,1681213607240000,401540311,1162593710,54726,54726,0.25,0.5,0.29999998,0.39999998,0.0,0.0,0,0,0.06,0.06,-0.01,-2.8,0.0,0,nan,nan,3,0,1,10,0
27693000,1681213607340000,401540312,1162593706,55518,55518,0.25,0.5,0.29999998,0.39999998,0.0,0.0,0,0,0.089999996,0.089999996,0.02,-2.7,0.0,0,nan,nan,3,0,1,10,0
27793000,1681213607440000,401540313,1162593705,55789,55789,0.25,0.5,0.29999998,0.39999998,0.0,0.0,0,0,0.12,0.11,0.049999997,-2.62,0.0,0,nan,nan,3,0,1,10,0
27893000,1681213607540000,401540309,1162593715,55987,55987,0.25,0.5,0.29999998,0.39999998,0.0,0.0,0,0,0.089999996,0.07,0.049999997,-2.62,0.0,0,nan,nan,3,0,1,10,0
27994000,1681213607640000,401540309,1162593714,56254,56254,0.25,0.5,0.29999998,0.39999998,0.0,0.0,0,0,0.06,0.04,0.049999997,-2.6399999,0.0,0,nan,nan,3,0,1,10,0
28093000,1681213607740000,401540306,1162593704,56390,56390,0.25,0.5,0.29999998,0.39999998,0.0,0.0,0,0,0.01,0.0,0.01,-2.59,0.0,0,nan,nan,3,0,1,10,0
28193000,1681213607840000,401540305,1162593704,56666,56666,0.25,0.5,0.29999998,0.39999998,0.0,0.0,0,0,0.04,-0.03,-0.03,-2.55,0.0,0,nan,nan,3,0,1,10,0
28294000,1681213607940000,401540296,1162593679,56623,56623,0.25,0.5,0.29999998,0.39999998,0.0,0.0,0,0,0.06,-0.02,-0.06,-2.61,0.0,0,nan,nan,3,0,1,10,0
28391000,1681213608040000,401540295,1162593679,56903,56903,0.25,0.5,0.29999998,0.39999998,0.0,0.0,0,0,0.08,-0.02,-0.08,-2.6599998,0.0,0,nan,nan,3,0,1,10,0
28491000,1681213608140000,401540310,1162593694,57507,57507,0.25,0.5,0.29999998,0.39999998,0.0,0.0,0,0,0.11,-0.02,-0.11,-2.81,0.0,0,nan,nan,3,0,1,10,0
28591000,1681213608240000,401540309,1162593693,57783,57783,0.25,0.5,0.29999998,0.39999998,0.0,0.0,0,0,0.14,-0.02,-0.13,-2.9199998,0.0,0,nan,nan,3,0,1,10,0
28692000,1681213608340000,401540308,1162593686,57875,57875,0.25,0.5,0.29999998,0.39999998,0.0,0.0,0,0,0.11,0.0,-0.11,-2.8999999,0.0,0,nan,nan,3,0,1,10,0
28793000,1681213608440000,401540308,1162593685,58157,58157,0.25,0.5,0.29999998,0.39999998,0.0,0.0,0,0,0.08,0.01,-0.08,-2.87,0.0,0,nan,nan,3,0,1,10,0
28894000,1681213608540000,401540296,1162593705,58826,58826,0.25,0.5,0.29999998,0.39999998,0.0,0.0,0,0,0.06,-0.02,-0.06,-2.9399998,0.0,0,nan,nan,3,0,1,10,0
28994000,1681213608640000,401540296,1162593704,59112,59112,0.25,0.5,0.29999998,0.39999998,0.0,0.0,0,0,0.049999997,-0.04,-0.04,-3.0,0.0,0,nan,nan,3,0,1,10,0
29093000,1681213608740000,401540291,1162593689,59381,59381,0.25,0.5,0.29999998,0.39999998,0.0,0.0,0,0,0.08,-0.07,-0.03,-2.9099998,0.0,0,nan,nan,3,0,1,10,0
29193000,1681213608840000,401540290,1162593689,59667,59667,0.25,0.5,0.29999998,0.39999998,0.0,0.0,0,0,0.099999994,-0.099999994,-0.02,-2.84,0.0,0,nan,nan,3,0,1,10,0
29293000,1681213608940000,401540311,1162593683,59746,59746,0.25,0.5,0.29999998,0.39999998,0.0,0.0,0,0,0.12,-0.12,-0.04,-2.75,0.0,0,nan,nan,3,0,1,10,0
29394000,1681213609040000,401540310,1162593682,60031,60031,0.25,0.5,0.29999998,0.39999998,0.0,0.0,0,0,0.13,-0.12,-0.049999997,-2.7,0.0,0,nan,nan,3,0,1,10,0
29494000,1681213609140000,401540287,1162593699,60102,60102,0.25,0.5,0.29999998,0.39999998,0.0,0.0,0,0,0.14999999,-0.13,-0.07,-2.71,0.0,0,nan,nan,3,0,1,10,0
29593000,1681213609240000,401540287,1162593699,60388,60388,0.25,0.5,0.29999998,0.39999998,0.0,0.0,0,0,0.14999999,-0.13,-0.08,-2.73,0.0,0,nan,nan,3,0,1,10,0
29693000,1681213609340000,401540306,1162593683,61139,61139,0.25,0.5,0.29999998,0.39999998,0.0,0.0,0,0,0.04,-0.04,0.01,-2.81,0.0,0,nan,nan,3,0,1,10,0
29793000,1681213609440000,401540306,1162593683,61427,61427,0.25,0.5,0.29999998,0.39999998,0.0,0.0,0,0,0.08,0.03,0.08,-2.87,0.0,0,nan,nan,3,0,1,10,0
29893000,1681213609540000,401540298,1162593684,61159,61159,0.25,0.5,0.29999998,0.39999998,0.0,0.0,0,0,0.07,0.07,0.02,-2.98,0.0,0,nan,nan,3,0,1,10,0
29994000,1681213609640000,401540298,1162593684,61451,61451,0.25,0.5,0.29999998,0.39999998,0.0,0.0,0,0,0.099999994,0.099999994,-0.03,-3.05,0.0,0,nan,nan,3,0,1,10,0
30093000,1681213609740000,401540313,1162593696,62066,62066,0.25,0.5,0.29999998,0.39999998,0.0,0.0,0,0,0.07,0.049999997,-0.049999997,-2.8899999,0.0,0,nan,nan,3,0,1,10,0
30193000,1681213609840000,401540313,1162593697,62356,62356,0.25,0.5,0.29999998,0.39999998,0.0,0.0,0,0,0.06,0.01,-0.06,-2.76,0.0,0,nan,nan,3,0,1,10,0
30294000,1681213609940000,401540303,1162593676,62453,62453,0.25,0.5,0.29999998,0.39999998,0.0,0.0,0,0,0.06,0.0,-0.06,-2.8899999,0.0,0,nan,nan,3,0,1,10,0
30394000,1681213610040000,401540304,1162593676,62744,62744,0.25,0.5,0.29999998,0.39999998,0.0,0.0,0,0,0.06,-0.01,-0.06,-2.99,0.0,0,nan,nan,3,0,1,10,0
30494000,1681213610140000,401540297,1162593697,63083,63083,0.25,0.5,0.29999998,0.39999998,0.0,0.0,0,0,0.06,0.03,-0.06,-2.78,0.0,0,nan,nan,3,0,1,10,0
30594000,1681213610240000,401540298,1162593697,63352,63352,0.25,0.5,0.29999998,0.39999998,0.0,0.0,0,0,0.08,0.049999997,-0.06,-2.48,0.0,0,nan,nan,3,0,1,10,0
30691000,1681213610340000,401540314,1162593685,63855,63855,0.25,0.5,0.29999998,0.39999998,0.0,0.0,0,0,0.049999997,0.02,-0.049999997,-2.33,0.0,0,nan,nan,3,0,1,10,0
30791000,1681213610440000,401540314,1162593686,64080,64080,0.25,0.5,0.29999998,0.39999998,0.0,0.0,0,0,0.04,-0.01,-0.04,-2.1699998,0.0,0,nan,nan,3,0,1,10,0
30892000,1681213610540000,401540291,1162593689,64256,64256,0.25,0.5,0.29999998,0.39999998,0.0,0.0,0,0,0.06,0.04,0.049999997,-2.02,0.0,0,nan,nan,3,0,1,10,0
30993000,1681213610640000,401540291,1162593690,64438,64438,0.25,0.5,0.29999998,0.39999998,0.0,0.0,0,0,0.13,0.07,0.11,-1.87,0.0,0,nan,nan,3,0,1,10,0
31091000,1681213610740000,401540308,1162593696,64637,64637,0.25,0.5,0.29999998,0.39999998,0.0,0.0,0,0,0.099999994,0.0,0.099999994,-1.65,0.0,0,nan,nan,3,0,1,10,0
31191000,1681213610840000,401540309,1162593697,64785,64785,0.25,0.5,0.29999998,0.39999998,0.0,0.0,0,0,0.099999994,-0.06,0.089999996,-1.4499999,0.0,0,nan,nan,3,0,1,10,0
31291000,1681213610940000,401540302,1162593678,64854,64854,0.25,0.5,0.29999998,0.39999998,0.0,0.0,0,0,0.049999997,-0.03,0.04,-1.29,0.0,0,nan,nan,3,0,1,10,0
31391000,1681213611040000,401540302,1162593679,64975,64975,0.25,0.5,0.29999998,0.39999998,0.0,0.0,0,0,0.01,0.0,0.01,-1.15,0.0,0,nan,nan,3,0,1,10,0
31491000,1681213611140000,401540292,1162593682,65051,65051,0.25,0.5,0.29999998,0.39999998,0.0,0.0,0,0,0.089999996,0.02,0.089999996,-1.12,0.0,0,nan,nan,3,0,1,10,0
31591000,1681213611240000,401540292,1162593683,65151,65151,0.25,0.5,0.29999998,0.39999998,0.0,0.0,0,0,0.16,0.04,0.14999999,-1.1,0.0,0,nan,nan,3,0,1,10,0
31691000,1681213611340000,401540298,1162593692,65423,65423,0.25,0.5,0.29999998,0.39999998,0.0,0.0,0,0,0.07,0.03,0.07,-1.0,0.0,0,nan,nan,3,0,1,10,0
31791000,1681213611440000,401540298,1162593694,65504,65504,0.25,0.5,0.29999998,0.39999998,0.0,0.0,0,0,0.02,0.02,0.01,-0.9,0.0,0,nan,nan,3,0,1,10,0
31891000,1681213611540000,401540302,1162593691,65485,65485,0.25,0.5,0.29999998,0.39999998,0.0,0.0,0,0,0.099999994,0.07,0.07,-0.74,0.0,0,nan,nan,3,0,1,10,0
31991000,1681213611640000,401540303,1162593692,65551,65551,0.25,0.5,0.29999998,0.39999998,0.0,0.0,0,0,0.16,0.11,0.11,-0.59999996,0.0,0,nan,nan,3,0,1,10,0
32092000,1681213611740000,401540310,1162593685,65409,65409,0.25,0.5,0.29999998,0.39999998,0.0,0.0,0,0,0.14999999,0.03,0.14999999,-0.48999998,0.0,0,nan,nan,3,0,1,10,0
32192000,1681213611840000,401540310,1162593686,65462,65462,0.25,0.5,0.29999998,0.39999998,0.0,0.0,0,0,0.17,-0.03,0.17,-0.41,0.0,0,nan,nan,3,0,1,10,0
32292000,1681213611940000,401540307,1162593714,65788,65788,0.25,0.5,0.29999998,0.39999998,0.0,0.0,0,0,0.099999994,0.0,0.099999994,-0.38,0.0,0,nan,nan,3,0,1,10,0
32392000,1681213612040000,401540308,1162593715,65832,65832,0.25,0.5,0.29999998,0.39999998,0.0,0.0,0,0,0.06,0.03,0.06,-0.35999998,0.0,0,nan,nan,3,0,1,10,0
32492000,1681213612140000,401540295,1162593688,65663,65663,0.25,0.5,0.29999998,0.39999998,0.0,0.0,0,0,0.13,0.08,0.11,-0.37,0.0,0,nan,nan,3,0,1,10,0
32593000,1681213612240000,401540295,1162593689,65701,65701,0.25,0.5,0.29999998,0.39999998,0.0,0.0,0,0,0.17999999,0.11,0.14,-0.38,0.0,0,nan,nan,3,0,1,10,0
32693000,1681213612340000,401540294,1162593688,65586,65586,0.25,0.5,0.29999998,0.39999998,0.0,0.0,0,0,0.08,0.07,0.04,-0.44,0.0,0,nan,nan,3,0,1,10,0
32794000,1681213612440000,401540295,1162593689,65620,65620,0.25,0.5,0.29999998,0.39999998,0.0,0.0,0,0,0.049999997,0.03,-0.04,-0.48,0.0,0,nan,nan,3,0,1,10,0
32894000,1681213612540000,401540310,1162593692,66068,66068,0.25,0.5,0.29999998,0.39999998,0.0,0.0,0,0,0.06,-0.02,-0.06,-0.35,0.0,0,nan,nan,3,0,1,10,0
32994000,1681213612640000,401540310,1162593692,66096,66096,0.25,0.5,0.29999998,0.39999998,0.0,0.0,0,0,0.089999996,-0.049999997,-0.07,-0.24,0.0,0,nan,nan,3,0,1,10,0
33093000,1681213612740000,401540303,1162593715,65693,65693,0.25,0.5,0.29999998,0.39999998,0.0,0.0,0,0,0.099999994,-0.06,-0.08,-0.16,0.0,0,nan,nan,3,0,1,10,0
33193000,1681213612840000,401540303,1162593715,65715,65715,0.25,0.5,0.29999998,0.39999998,0.0,0.0,0,0,0.099999994,-0.07,-0.08,-0.089999996,0.0,0,nan,nan,3,0,1,10,0
33293000,1681213612940000,401540305,1162593702,65696,65696,0.25,0.5,0.29999998,0.39999998,0.0,0.0,0,0,0.01,-0.01,-0.01,-0.049999997,0.0,0,nan,nan,3,0,1,10,0
33393000,1681213613040000,401540305,1162593702,65715,65715,0.25,0.5,0.29999998,0.39999998,0.0,0.0,0,0,0.06,0.03,0.049999997,-0.03,0.0,0,nan,nan,3,0,1,10,0
33493000,1681213613140000,401540322,1162593703,66086,66086,0.25,0.5,0.29999998,0.39999998,0.0,0.0,0,0,0.08,0.08,0.0,-0.17999999,0.0,0,nan,nan,3,0,1,10,0
33591000,1681213613240000,401540322,1162593703,66103,66103,0.25,0.5,0.29999998,0.39999998,0.0,0.0,0,0,0.11,0.099999994,-0.03,-0.28,0.0,0,nan,nan,3,0,1,10,0
33691000,1681213613340000,401540305,1162593716,65691,65691,0.25,0.5,0.29999998,0.39999998,0.0,0.0,0,0,0.07,0.049999997,0.04,-0.17999999,0.0,0,nan,nan,3,0,1,10,0
33791000,1681213613440000,401540305,1162593716,65707,65707,0.25,0.5,0.29999998,0.39999998,0.0,0.0,0,0,0.089999996,0.01,0.089999996,-0.08,0.0,0,nan,nan,3,0,1,10,0
33891000,1681213613540000,401540308,1162593695,66039,66039,0.25,0.5,0.29999998,0.39999998,0.0,0.0,0,0,0.06,-0.03,0.049999997,0.0,0.0,0,nan,nan,3,0,1,10,0
33991000,1681213613640000,401540308,1162593695,66052,66052,0.25,0.5,0.29999998,0.39999998,0.0,0.0,0,0,0.07,-0.07,0.01,0.049999997,0.0,0,nan,nan,3,0,1,10,0
34092000,1681213613740000,401540319,1162593724,65881,65881,0.25,0.5,0.29999998,0.39999998,0.0,0.0,0,0,0.08,-0.07,0.04,-0.099999994,0.0,0,nan,nan,3,0,1,10,0
34192000,1681213613840000,401540319,1162593725,65892,65892,0.25,0.5,0.29999998,0.39999998,0.0,0.0,0,0,0.089999996,-0.06,0.07,-0.21,0.0,0,nan,nan,3,0,1,10,0
34292000,1681213613940000,401540318,1162593697,66106,66106,0.25,0.5,0.29999998,0.39999998,0.0,0.0,0,0,0.049999997,-0.03,0.04,-0.099999994,0.0,0,nan,nan,3,0,1,10,0
34393000,1681213614040000,401540318,1162593697,66117,66117,0.25,0.5,0.29999998,0.39999998,0.0,0.0,0,0,0.03,-0.01,0.02,-0.01,0.0,0,nan,nan,3,0,1,10,0
34491000,1681213614140000,401540315,1162593726,65823,65823,0.25,0.5,0.29999998,0.39999998,0.0,0.0,0,0,0.08,-0.06,0.04,-0.07,0.0,0,nan,nan,3,0,1,10,0
34594000,1681213614240000,401540315,1162593726,65832,65832,0.25,0.5,0.29999998,0.39999998,0.0,0.0,0,0,0.12,-0.099999994,0.06,-0.12,0.0,0,nan,nan,3,0,1,10,0
34691000,1681213614340000,401540323,1162593700,65801,65801,0.25,0.5,0.29999998,0.39999998,0.0,0.0,0,0,0.07,-0.07,0.03,-0.08,0.0,0,nan,nan,3,0,1,10,0
34791000,1681213614440000,401540323,1162593700,65808,65808,0.25,0.5,0.29999998,0.39999998,0.0,0.0,0,0,0.04,-0.04,0.01,-0.04,0.0,0,nan,nan,3,0,1,10,0
34891000,1681213614540000,401540308,1162593721,66165,66165,0.25,0.5,0.29999998,0.39999998,0.0,0.0,0,0,0.02,-0.01,0.0,-0.14999999,0.0,0,nan,nan,3,0,1,10,0
34991000,1681213614640000,401540308,1162593720,66171,66171,0.25,0.5,0.29999998,0.39999998,0.0,0.0,0,0,0.02,0.0,-0.02,-0.22999999,0.0,0,nan,nan,3,0,1,10,0
35094000,1681213614740000,401540309,1162593711,66151,66151,0.25,0.5,0.29999998,0.39999998,0.0,0.0,0,0,0.08,-0.01,-0.08,-0.089999996,0.0,0,nan,nan,3,0,1,10,0
35194000,1681213614840000,401540309,1162593711,66154,66154,0.25,0.5,0.29999998,0.39999998,0.0,0.0,0,0,0.12,-0.01,-0.12,0.02,0.0,0,nan,nan,3,0,1,10,0
35291000,1681213614940000,401540312,1162593693,66164,66164,0.25,0.5,0.29999998,0.39999998,0.0,0.0,0,0,0.099999994,0.02,-0.099999994,0.089999996,0.0,0,nan,nan,3,0,1,10,0
35391000,1681213615040000,401540312,1162593692,66165,66165,0.25,0.5,0.29999998,0.39999998,0.0,0.0,0,0,0.08,0.04,-0.07,0.13,0.0,0,nan,nan,3,0,1,10,0
35492000,1681213615140000,401540304,1162593707,66233,66233,0.25,0.5,0.29999998,0.39999998,0.0,0.0,0,0,0.099999994,0.049999997,-0.08,0.01,0.0,0,nan,nan,3,0,1,10,0
35592000,1681213615240000,401540304,1162593706,66234,66234,0.25,0.5,0.29999998,0.39999998,0.0,0.0,0,0,0.099999994,0.06,-0.08,-0.089999996,0.0,0,nan,nan,3,0,1,10,0
35693000,1681213615340000,401540299,1162593687,65993,65993,0.25,0.5,0.29999998,0.39999998,0.0,0.0,0,0,0.08,-0.04,-0.08,0.049999997,0.0,0,nan,nan,3,0,1,10,0
35794000,1681213615440000,401540299,1162593686,65995,65995,0.25,0.5,0.29999998,0.39999998,0.0,0.0,0,0,0.13,-0.11,-0.07,0.16,0.0,0,nan,nan,3,0,1,10,0
35894000,1681213615540000,401540301,1162593701,66171,66171,0.25,0.5,0.29999998,0.39999998,0.0,0.0,0,0,0.089999996,-0.08,-0.049999997,0.04,0.0,0,nan,nan,3,0,1,10,0
35991000,1681213615640000,401540301,1162593700,66173,66173,0.25,0.5,0.29999998,0.39999998,0.0,0.0,0,0,0.06,-0.049999997,-0.04,-0.06,0.0,0,nan,nan,3,0,1,10,0
36092000,1681213615741000,401540297,1162593707,66009,66009,0.25,0.5,0.29999998,0.39999998,0.0,0.0,0,0,0.099999994,-0.07,-0.07,0.04,0.0,0,nan,nan,3,0,1,10,0
36192000,1681213615841000,401540297,1162593706,66011,66011,0.25,0.5,0.29999998,0.39999998,0.0,0.0,0,0,0.12,-0.08,-0.099999994,0.11,0.0,0,nan,nan,3,0,1,10,0
36292000,1681213615941000,401540301,1162593689,66274,66274,0.25,0.5,0.29999998,0.39999998,0.0,0.0,0,0,0.14,-0.07,-0.12,0.12,0.0,0,nan,nan,3,0,1,10,0
36392000,1681213616041000,401540301,1162593689,66276,66276,0.25,0.5,0.29999998,0.39999998,0.0,0.0,0,0,0.14999999,-0.06,-0.14,0.11,0.0,0,nan,nan,3,0,1,10,0
36492000,1681213616141000,401540319,1162593697,66323,66323,0.25,0.5,0.29999998,0.39999998,0.0,0.0,0,0,0.049999997,0.02,-0.049999997,-0.04,0.0,0,nan,nan,3,0,1,10,0
36592000,1681213616241000,401540319,1162593697,66326,66326,0.25,0.5,0.29999998,0.39999998,0.0,0.0,0,0,0.07,0.07,0.02,-0.14999999,0.0,0,nan,nan,3,0,1,10,0
36692000,1681213616341000,401540318,1162593678,65871,65871,0.25,0.5,0.29999998,0.39999998,0.0,0.0,0,0,0.049999997,0.03,0.04,-0.17999999,0.0,0,nan,nan,3,0,1,10,0
36792000,1681213616441000,401540318,1162593678,65874,65874,0.25,0.5,0.29999998,0.39999998,0.0,0.0,0,0,0.049999997,0.0,0.049999997,-0.19,0.0,0,nan,nan,3,0,1,10,0
36893000,1681213616541000,401540311,1162593698,65936,65936,0.25,0.5,0.29999998,0.39999998,0.0,0.0,0,0,0.06,0.06,-0.01,-0.12,0.0,0,nan,nan,3,0,1,10,0
36993000,1681213616641000,401540311,1162593698,65937,65937,0.25,0.5,0.29999998,0.39999998,0.0,0.0,0,0,0.11,0.089999996,-0.049999997,-0.06,0.0,0,nan,nan,3,0,1,10,0
37292000,1681213616941000,401540317,1162593681,66061,66061,0.25,0.5,0.29999998,0.39999998,0.0,0.0,0,0,0.049999997,-0.049999997,0.01,-0.14,0.0,0,nan,nan,3,0,1,10,0
37392000,1681213617041000,401540317,1162593681,66058,66058,0.25,0.5,0.29999998,0.39999998,0.0,0.0,0,0,0.07,-0.06,0.049999997,-0.13,0.0,0,nan,nan,3,0,1,10,0
37492000,1681213617141000,401540317,1162593687,66218,66218,0.25,0.5,0.29999998,0.39999998,0.0,0.0,0,0,0.12,-0.089999996,0.08,-0.02,0.0,0,nan,nan,3,0,1,10,0
37593000,1681213617241000,401540317,1162593688,66212,66212,0.25,0.5,0.29999998,0.39999998,0.0,0.0,0,0,0.14999999,-0.11,0.099999994,0.06,0.0,0,nan,nan,3,0,1,10,0
37693000,1681213617341000,401540316,1162593687,66063,66063,0.25,0.5,0.29999998,0.39999998,0.0,0.0,0,0,0.089999996,-0.02,0.08,0.14999999,0.0,0,nan,nan,3,0,1,10,0
37793000,1681213617441000,401540315,1162593687,66055,66055,0.25,0.5,0.29999998,0.39999998,0.0,0.0,0,0,0.08,0.04,0.07,0.21,0.0,0,nan,nan,3,0,1,10,0
37893000,1681213617541000,401540292,1162593694,66283,66283,0.25,0.5,0.29999998,0.39999998,0.0,0.0,0,0,0.049999997,-0.03,0.04,0.11,0.0,0,nan,nan,3,0,1,10,0
37993000,1681213617641000,401540292,1162593695,66276,66276,0.25,0.5,0.29999998,0.39999998,0.0,0.0,0,0,0.08,-0.08,0.01,0.03,0.0,0,nan,nan,3,0,1,10,0
38192000,1681213617841000,401540314,1162593685,66120,66120,0.25,0.5,0.29999998,0.39999998,0.0,0.0,0,0,0.099999994,0.0,0.099999994,0.04,0.0,0,nan,nan,3,0,1,10,0
38292000,1681213617941000,401540293,1162593706,66273,66273,0.25,0.5,0.29999998,0.39999998,0.0,0.0,0,0,0.01,-0.01,0.01,0.049999997,0.0,0,nan,nan,3,0,1,10,0
38392000,1681213618041000,401540293,1162593706,66270,66270,0.25,0.5,0.29999998,0.39999998,0.0,0.0,0,0,0.06,-0.01,-0.06,0.07,0.0,0,nan,nan,3,0,1,10,0
38494000,1681213618141000,401540301,1162593677,65895,65895,0.25,0.5,0.29999998,0.39999998,0.0,0.0,0,0,0.07,-0.07,-0.02,0.07,0.0,0,nan,nan,3,0,1,10,0
38594000,1681213618242000,401540301,1162593677,65892,65892,0.25,0.5,0.29999998,0.39999998,0.0,0.0,0,0,0.11,-0.11,0.01,0.07,0.0,0,nan,nan,3,0,1,10,0
38694000,1681213618343000,401540295,1162593695,66156,66156,0.25,0.5,0.29999998,0.39999998,0.0,0.0,0,0,0.049999997,-0.01,0.04,-0.049999997,0.0,0,nan,nan,3,0,1,10,0
38994000,1681213618643000,401540302,1162593694,66073,66073,0.25,0.5,0.29999998,0.39999998,0.0,0.0,0,0,0.099999994,0.099999994,-0.02,-0.51,0.0,0,nan,nan,3,0,1,5,0
40996000,1681213620643000,401541495,1162593698,65958,65958,0.25,0.5,0.29999998,0.39999998,0.0,0.0,0,0,10.2,10.2,0.099999994,0.14999999,0.009948377,0,nan,nan,3,0,1,5,1
41096000,1681213620743000,401541588,1162593698,65942,65942,0.25,0.5,0.29999998,0.39999998,0.0,0.0,0,0,10.26,10.26,0.04,0.17999999,0.0038397242,0,nan,nan,3,0,1,5,1
41196000,1681213620843000,401541681,1162593698,65928,65928,0.25,0.5,0.29999998,0.39999998,0.0,0.0,0,0,10.32,10.32,-0.01,0.19,6.282487,0,nan,nan,3,0,1,5,1
41297000,1681213620943000,401541775,1162593699,65917,65917,0.25,0.5,0.29999998,0.39999998,0.0,0.0,0,0,10.45,10.45,-0.03,0.14,6.280218,0,nan,nan,3,0,1,5,1
41397000,1681213621043000,401541869,1162593699,65910,65910,0.25,0.5,0.29999998,0.39999998,0.0,0.0,0,0,10.54,10.54,-0.04,0.099999994,6.278996,0,nan,nan,3,0,1,5,1
41494000,1681213621143000,401541964,1162593699,65907,65907,0.25,0.5,0.29999998,0.39999998,0.0,0.0,0,0,10.54,10.54,-0.02,-0.03,6.280916,0,nan,nan,3,0,1,5,0
41594000,1681213621243000,401542059,1162593699,65906,65906,0.25,0.5,0.29999998,0.39999998,0.0,0.0,0,0,10.54,10.54,-0.01,-0.12,6.282138,0,nan,nan,3,0,1,5,0
42894000,1681213622543000,401543295,1162593698,65891,65891,0.25,0.5,0.29999998,0.39999998,0.0,0.0,0,0,10.65,10.65,-0.01,0.11,6.282138,0,nan,nan,3,0,1,5,0
43397000,1681213623043000,401543779,1162593697,65880,65880,0.25,0.5,0.29999998,0.39999998,0.0,0.0,0,0,10.71,10.71,-0.03,0.099999994,6.2807417,0,nan,nan,3,0,1,5,0
43694000,1681213623343000,401544070,1162593696,65874,65874,0.25,0.5,0.29999998,0.39999998,0.0,0.0,0,0,10.83,10.83,-0.02,-0.07,6.2816143,0,nan,nan,3,0,1,5,0
43894000,1681213623543000,401544266,1162593696,65870,65870,0.25,0.5,0.29999998,0.39999998,0.0,0.0,0,0,10.86,10.86,-0.02,-0.01,6.2810907,0,nan,nan,3,0,1,5,0
43994000,1681213623643000,401544364,1162593696,65868,65868,0.25,0.5,0.29999998,0.39999998,0.0,0.0,0,0,10.87,10.87,-0.07,0.07,6.276553,0,nan,nan,3,0,1,5,0
44794000,1681213624443000,401545152,1162593694,65840,65840,0.25,0.5,0.29999998,0.39999998,0.0,0.0,0,0,11.08,11.08,0.06,-0.049999997,0.005759586,0,nan,nan,3,0,1,5,0
45794000,1681213625443000,401546149,1162593691,65801,65801,0.25,0.5,0.29999998,0.39999998,0.0,0.0,0,0,11.12,11.12,-0.03,0.06,6.280567,0,nan,nan,3,0,1,5,0
47194000,1681213626843000,401547562,1162593683,65777,65777,0.25,0.5,0.29999998,0.39999998,0.0,0.0,0,0,11.2,11.2,-0.07,-0.14999999,6.2772512,0,nan,nan,3,0,1,5,0
48494000,1681213628143000,401548889,1162593677,65726,65726,0.25,0.5,0.29999998,0.39999998,0.0,0.0,0,0,11.46,11.46,-0.04,0.04,6.279869,0,nan,nan,3,0,1,5,0
48894000,1681213628543000,401549302,1162593676,65721,65721,0.25,0.5,0.29999998,0.39999998,0.0,0.0,0,0,11.41,11.41,0.02,-0.049999997,0.0019198621,0,nan,nan,3,0,1,5,0
48994000,1681213628643000,401549405,1162593676,65722,65722,0.25,0.5,0.29999998,0.39999998,0.0,0.0,0,0,11.4,11.4,-0.01,0.02,6.282662,0,nan,nan,3,0,1,5,0
49394000,1681213629043000,401549818,1162593676,65730,65730,0.25,0.5,0.29999998,0.39999998,0.0,0.0,0,0,11.54,11.54,0.089999996,-0.099999994,0.0075049154,0,nan,nan,3,0,1,5,0
49494000,1681213629143000,401549922,1162593676,65733,65733,0.25,0.5,0.29999998,0.39999998,0.0,0.0,0,0,11.54,11.54,0.01,-0.049999997,0.0006981317,0,nan,nan,3,0,1,5,0
49594000,1681213629243000,401550026,1162593676,65737,65737,0.25,0.5,0.29999998,0.39999998,0.0,0.0,0,0,11.54,11.54,-0.049999997,-0.03,6.279171,0,nan,nan,3,0,1,5,0
49994000,1681213629643000,401550441,1162593675,65754,65754,0.25,0.5,0.29999998,0.39999998,0.0,0.0,0,0,11.599999,11.599999,-0.06,-0.02,6.278124,0,nan,nan,3,0,1,5,0
51194000,1681213630843000,401551688,1162593675,65811,65811,0.25,0.5,0.29999998,0.39999998,0.0,0.0,0,0,11.53,11.53,-0.03,-0.14,6.280567,0,nan,nan,3,0,1,5,0
51294000,1681213630943000,401551793,1162593675,65814,65814,0.25,0.5,0.29999998,0.39999998,0.0,0.0,0,0,11.54,11.54,-0.02,-0.07,6.2810907,0,nan,nan,3,0,1,5,0
52894000,1681213632543000,401553463,1162593677,65840,65840,0.25,0.5,0.29999998,0.39999998,0.0,0.0,0,0,11.599999,11.599999,-0.02,0.04,6.28144,0,nan,nan,3,0,1,5,0
52994000,1681213632643000,401553568,1162593677,65842,65842,0.25,0.5,0.29999998,0.39999998,0.0,0.0,0,0,11.63,11.63,-0.049999997,0.049999997,6.2784724,0,nan,nan,3,0,1,5,0
53094000,1681213632743000,401553672,1162593677,65844,65844,0.25,0.5,0.29999998,0.39999998,0.0,0.0,0,0,11.66,11.66,0.0,-0.03,6.282836,0,nan,nan,3,0,1,5,0
53194000,1681213632843000,401553777,1162593677,65848,65848,0.25,0.5,0.29999998,0.39999998,0.0,0.0,0,0,11.69,11.69,0.03,-0.089999996,0.0027925267,0,nan,nan,3,0,1,5,0
53594000,1681213633243000,401554198,1162593679,65869,65869,0.25,0.5,0.29999998,0.39999998,0.0,0.0,0,0,11.59,11.59,0.08,0.02,0.006806784,0,nan,nan,3,0,1,5,0
54194000,1681213633843000,401554829,1162593681,65906,65906,0.25,0.5,0.29999998,0.39999998,0.0,0.0,0,0,11.61,11.61,0.089999996,0.089999996,0.008028514,0,nan,nan,3,0,1,5,0
54494000,1681213634143000,401555144,1162593682,65926,65926,0.25,0.5,0.29999998,0.39999998,0.0,0.0,0,0,11.73,11.73,-0.01,0.0,6.2819633,0,nan,nan,3,0,1,5,0
55094000,1681213634743000,401555777,1162593683,65975,65975,0.25,0.5,0.29999998,0.39999998,0.0,0.0,0,0,11.71,11.71,-0.04,0.03,6.280043,0,nan,nan,3,0,1,5,0
56994000,1681213636643000,401557783,1162593689,66087,66087,0.25,0.5,0.29999998,0.39999998,0.0,0.0,0,0,11.78,11.78,0.12,0.08,0.009773844,0,nan,nan,3,0,1,5,0
57094000,1681213636743000,401557889,1162593689,66092,66092,0.25,0.5,0.29999998,0.39999998,0.0,0.0,0,0,11.73,11.73,0.08,0.08,0.006806784,0,nan,nan,3,0,1,5,0
57594000,1681213637243000,401558419,1162593690,66118,66118,0.25,0.5,0.29999998,0.39999998,0.0,0.0,0,0,11.83,11.83,0.049999997,0.049999997,0.004363323,0,nan,nan,3,0,1,5,0
58994000,1681213638643000,401559900,1162593686,66199,66199,0.25,0.5,0.29999998,0.39999998,0.0,0.0,0,0,11.74,11.74,-0.02,-0.049999997,6.2812653,0,nan,nan,3,0,1,5,0
59094000,1681213638743000,401560006,1162593686,66201,66201,0.25,0.5,0.29999998,0.39999998,0.0,0.0,0,0,11.719999,11.719999,-0.03,-0.049999997,6.280916,0,nan,nan,3,0,1,5,0
59194000,1681213638843000,401560111,1162593685,66203,66203,0.25,0.5,0.29999998,0.39999998,0.0,0.0,0,0,11.7,11.7,-0.03,-0.04,6.280916,0,nan,nan,3,0,1,5,0
59294000,1681213638943000,401560217,1162593685,66204,66204,0.25,0.5,0.29999998,0.39999998,0.0,0.0,0,0,11.69,11.69,0.0,0.04,6.2830105,0,nan,nan,3,0,1,5,0
59394000,1681213639043000,401560323,1162593684,66204,66204,0.25,0.5,0.29999998,0.39999998,0.0,0.0,0,0,11.679999,11.679999,0.02,0.099999994,0.0013962634,0,nan,nan,3,0,1,5,0
59494000,1681213639143000,401560429,1162593684,66202,66202,0.25,0.5,0.29999998,0.39999998,0.0,0.0,0,0,11.69,11.69,0.02,0.03,0.0013962634,0,nan,nan,3,0,1,5,0
59994000,1681213639643000,401560948,1162593682,65937,65937,0.25,0.5,0.29999998,0.39999998,0.0,0.0,0,0,10.74,10.74,0.0,2.1699998,0.00034906584,0,nan,nan,3,0,1,5,0
