timestamp,x,y,z,yaw,yawspeed,vx,vy,vz,acceleration[0],acceleration[1],acceleration[2],jerk[0],jerk[1],jerk[2],thrust[0],thrust[1],thrust[2]
11218000,nan,nan,nan,-0.0036457905,0.0,nan,nan,nan,0.0,0.0,100.0,0.0,0.0,0.0,-0.0,-0.0,-0.001
11226000,nan,nan,nan,-0.0036394363,0.0,nan,nan,nan,0.0,0.0,100.0,0.0,0.0,0.0,-0.0,-0.0,-0.001
11317000,nan,nan,nan,-0.0034954362,0.0,nan,nan,nan,0.0,0.0,100.0,0.0,0.0,0.0,-0.0,-0.0,-0.001
11425000,nan,nan,nan,-0.0033873878,0.0,nan,nan,nan,0.0,0.0,100.0,0.0,0.0,0.0,-0.0,-0.0,-0.001
11525000,nan,nan,nan,-0.0035314483,0.0,nan,nan,nan,0.0,0.0,100.0,0.0,0.0,0.0,-0.0,-0.0,-0.001
11626000,nan,nan,nan,-0.0035894986,0.0,nan,nan,nan,0.0,0.0,100.0,0.0,0.0,0.0,-0.0,-0.0,-0.001
11718000,nan,nan,nan,-0.0036834634,0.0,nan,nan,nan,0.0,0.0,100.0,0.0,0.0,0.0,-0.0,-0.0,-0.001
11826000,nan,nan,nan,-0.003906203,0.0,nan,nan,nan,0.0,0.0,100.0,0.0,0.0,0.0,-0.0,-0.0,-0.001
11927000,nan,nan,nan,-0.003773987,0.0,nan,nan,nan,0.0,0.0,100.0,0.0,0.0,0.0,-0.0,-0.0,-0.001
12018000,nan,nan,nan,-0.003527618,0.0,nan,nan,nan,0.0,0.0,100.0,0.0,0.0,0.0,-0.0,-0.0,-0.001
12115000,nan,nan,nan,-0.0037425123,0.0,nan,nan,nan,0.0,0.0,100.0,0.0,0.0,0.0,-0.0,-0.0,-0.001
12216000,nan,nan,nan,-0.0036135344,0.0,nan,nan,nan,0.0,0.0,100.0,0.0,0.0,0.0,-0.0,-0.0,-0.001
12328000,nan,nan,nan,-0.0038200254,0.0,nan,nan,nan,0.0,0.0,100.0,0.0,0.0,0.0,-0.0,-0.0,-0.001
12416000,nan,nan,nan,-0.0038770002,0.0,nan,nan,nan,0.0,0.0,100.0,0.0,0.0,0.0,-0.0,-0.0,-0.001
12525000,nan,nan,nan,-0.0037736236,0.0,nan,nan,nan,0.0,0.0,100.0,0.0,0.0,0.0,-0.0,-0.0,-0.001
12625000,nan,nan,nan,-0.0036288328,0.0,nan,nan,nan,0.0,0.0,100.0,0.0,0.0,0.0,-0.0,-0.0,-0.001
12725000,nan,nan,nan,-0.0034913039,0.0,nan,nan,nan,0.0,0.0,100.0,0.0,0.0,0.0,-0.0,-0.0,-0.001
12825000,nan,nan,nan,-0.0034011765,0.0,nan,nan,nan,0.0,0.0,100.0,0.0,0.0,0.0,-0.0,-0.0,-0.001
12925000,nan,nan,nan,-0.0033298465,0.0,nan,nan,nan,0.0,0.0,100.0,0.0,0.0,0.0,-0.0,-0.0,-0.001
13018000,nan,nan,nan,-0.0031674162,0.0,nan,nan,nan,0.0,0.0,100.0,0.0,0.0,0.0,-0.0,-0.0,-0.001
13126000,nan,nan,nan,-0.002899794,0.0,nan,nan,nan,0.0,0.0,100.0,0.0,0.0,0.0,-0.0,-0.0,-0.001
13226000,nan,nan,nan,-0.002664653,0.0,nan,nan,nan,0.0,0.0,100.0,0.0,0.0,0.0,-0.0,-0.0,-0.001
13326000,nan,nan,nan,-0.0025300048,0.0,nan,nan,nan,0.0,0.0,100.0,0.0,0.0,0.0,-0.0,-0.0,-0.001
13416000,nan,nan,nan,-0.0021671695,0.0,nan,nan,nan,0.0,0.0,100.0,0.0,0.0,0.0,-0.0,-0.0,-0.001
13527000,nan,nan,nan,-0.0021879338,0.0,nan,nan,nan,0.0,0.0,100.0,0.0,0.0,0.0,-0.0,-0.0,-0.001
13615000,nan,nan,nan,-0.0021786643,0.0,nan,nan,nan,0.0,0.0,100.0,0.0,0.0,0.0,-0.0,-0.0,-0.001
13727000,nan,nan,nan,-0.0019526061,0.0,nan,nan,nan,0.0,0.0,100.0,0.0,0.0,0.0,-0.0,-0.0,-0.001
13828000,nan,nan,nan,-0.0018920987,0.0,nan,nan,nan,0.0,0.0,100.0,0.0,0.0,0.0,-0.0,-0.0,-0.001
13928000,nan,nan,nan,-0.0017412079,0.0,nan,nan,nan,0.0,0.0,100.0,0.0,0.0,0.0,-0.0,-0.0,-0.001
14025000,nan,nan,nan,-0.0014881588,0.0,nan,nan,nan,0.0,0.0,100.0,0.0,0.0,0.0,-0.0,-0.0,-0.001
14126000,nan,nan,nan,-0.0013553085,0.0,nan,nan,nan,0.0,0.0,100.0,0.0,0.0,0.0,-0.0,-0.0,-0.001
14215000,nan,nan,nan,-0.0012461288,0.0,nan,nan,nan,0.0,0.0,100.0,0.0,0.0,0.0,-0.0,-0.0,-0.001
14316000,nan,nan,nan,-0.0011325956,0.0,nan,nan,nan,0.0,0.0,100.0,0.0,0.0,0.0,-0.0,-0.0,-0.001
14428000,nan,nan,nan,-0.0010426674,0.0,nan,nan,nan,0.0,0.0,100.0,0.0,0.0,0.0,-0.0,-0.0,-0.001
14525000,nan,nan,nan,-0.0009081963,0.0,nan,nan,nan,0.0,0.0,100.0,0.0,0.0,0.0,-0.0,-0.0,-0.001
14617000,nan,nan,nan,-0.0009053314,0.0,nan,nan,nan,0.0,0.0,100.0,0.0,0.0,0.0,-0.0,-0.0,-0.001
14727000,nan,nan,nan,-0.00082951697,0.0,nan,nan,nan,0.0,0.0,100.0,0.0,0.0,0.0,-0.0,-0.0,-0.001
14815000,nan,nan,nan,-0.0007631101,0.0,nan,nan,nan,0.0,0.0,100.0,0.0,0.0,0.0,-0.0,-0.0,-0.001
14915000,nan,nan,nan,-0.0007486239,0.0,nan,nan,nan,0.0,0.0,100.0,0.0,0.0,0.0,-0.0,-0.0,-0.001
15025000,nan,nan,nan,-0.00086394895,0.0,nan,nan,nan,0.0,0.0,100.0,0.0,0.0,0.0,-0.0,-0.0,-0.001
15118000,nan,nan,nan,-0.0008722091,0.0,nan,nan,nan,0.0,0.0,100.0,0.0,0.0,0.0,-0.0,-0.0,-0.001
15218000,nan,nan,nan,-0.0008692139,0.0,nan,nan,nan,0.0,0.0,100.0,0.0,0.0,0.0,-0.0,-0.0,-0.001
15322000,nan,nan,nan,-0.0007488011,0.0,nan,nan,nan,0.0,0.0,100.0,0.0,0.0,0.0,-0.0,-0.0,-0.001
15422000,nan,nan,nan,-0.00090373564,0.0,nan,nan,nan,0.0,0.0,100.0,0.0,0.0,0.0,-0.0,-0.0,-0.001
15510000,nan,nan,nan,-0.0008496054,0.0,nan,nan,nan,0.0,0.0,100.0,0.0,0.0,0.0,-0.0,-0.0,-0.001
15622000,nan,nan,nan,-0.0008140613,0.0,nan,nan,nan,0.0,0.0,100.0,0.0,0.0,0.0,-0.0,-0.0,-0.001
15719000,nan,nan,nan,-0.0007955415,0.0,nan,nan,nan,0.0,0.0,100.0,0.0,0.0,0.0,-0.0,-0.0,-0.001
15820000,nan,nan,nan,-0.00075754756,0.0,nan,nan,nan,0.0,0.0,100.0,0.0,0.0,0.0,-0.0,-0.0,-0.001
15929000,nan,nan,nan,-0.0008402705,0.0,nan,nan,nan,0.0,0.0,100.0,0.0,0.0,0.0,-0.0,-0.0,-0.001
16023000,nan,nan,nan,-0.0009718479,0.0,nan,nan,nan,0.0,0.0,100.0,0.0,0.0,0.0,-0.0,-0.0,-0.001
16119000,nan,nan,nan,-0.00080426503,0.0,nan,nan,nan,0.0,0.0,100.0,0.0,0.0,0.0,-0.0,-0.0,-0.001
16220000,nan,nan,nan,-0.0008732677,0.0,nan,nan,nan,0.0,0.0,100.0,0.0,0.0,0.0,-0.0,-0.0,-0.001
16312000,nan,nan,nan,-0.00081438635,0.0,nan,nan,nan,0.0,0.0,100.0,0.0,0.0,0.0,-0.0,-0.0,-0.001
16420000,nan,nan,nan,-0.0010123611,0.0,nan,nan,nan,0.0,0.0,100.0,0.0,0.0,0.0,-0.0,-0.0,-0.001
16524000,nan,nan,nan,-0.0009881638,0.0,nan,nan,nan,0.0,0.0,100.0,0.0,0.0,0.0,-0.0,-0.0,-0.001
16621000,nan,nan,nan,-0.0008150209,0.0,nan,nan,nan,0.0,0.0,100.0,0.0,0.0,0.0,-0.0,-0.0,-0.001
16721000,nan,nan,nan,-0.00075355044,0.0,nan,nan,nan,0.0,0.0,100.0,0.0,0.0,0.0,-0.0,-0.0,-0.001
16822000,nan,nan,nan,-0.0008468698,0.0,nan,nan,nan,0.0,0.0,100.0,0.0,0.0,0.0,-0.0,-0.0,-0.001
16920000,nan,nan,nan,-0.00078321353,0.0,nan,nan,nan,0.0,0.0,100.0,0.0,0.0,0.0,-0.0,-0.0,-0.001
17022000,nan,nan,nan,-0.0009496672,0.0,nan,nan,nan,0.0,0.0,100.0,0.0,0.0,0.0,-0.0,-0.0,-0.001
17122000,nan,nan,nan,-0.000885658,0.0,nan,nan,nan,0.0,0.0,100.0,0.0,0.0,0.0,-0.0,-0.0,-0.001
17219000,nan,nan,nan,-0.000969138,0.0,nan,nan,nan,0.0,0.0,100.0,0.0,0.0,0.0,-0.0,-0.0,-0.001
17319000,nan,nan,nan,-0.0010800905,0.0,nan,nan,nan,0.0,0.0,100.0,0.0,0.0,0.0,-0.0,-0.0,-0.001
17419000,nan,nan,nan,-0.0010707453,0.0,nan,nan,nan,0.0,0.0,100.0,0.0,0.0,0.0,-0.0,-0.0,-0.001
17519000,nan,nan,nan,-0.0010484917,0.0,nan,nan,nan,0.0,0.0,100.0,0.0,0.0,0.0,-0.0,-0.0,-0.001
17620000,nan,nan,nan,-0.0010487417,0.0,nan,nan,nan,0.0,0.0,100.0,0.0,0.0,0.0,-0.0,-0.0,-0.001
17720000,nan,nan,nan,-0.00092278776,0.0,nan,nan,nan,0.0,0.0,100.0,0.0,0.0,0.0,-0.0,-0.0,-0.001
17821000,nan,nan,nan,-0.0010210378,0.0,nan,nan,nan,0.0,0.0,100.0,0.0,0.0,0.0,-0.0,-0.0,-0.001
17929000,nan,nan,nan,-0.0010888581,0.0,nan,nan,nan,0.0,0.0,100.0,0.0,0.0,0.0,-0.0,-0.0,-0.001
18024000,nan,nan,nan,-0.0012406347,0.0,nan,nan,nan,0.0,0.0,100.0,0.0,0.0,0.0,-0.0,-0.0,-0.001
18120000,nan,nan,nan,-0.0012626773,0.0,nan,nan,nan,0.0,0.0,100.0,0.0,0.0,0.0,-0.0,-0.0,-0.001
18220000,nan,nan,nan,-0.0012773187,0.0,nan,nan,nan,0.0,0.0,100.0,0.0,0.0,0.0,-0.0,-0.0,-0.001
18321000,nan,nan,nan,-0.0012368441,0.0,nan,nan,nan,0.0,0.0,100.0,0.0,0.0,0.0,-0.0,-0.0,-0.001
18422000,nan,nan,nan,-0.0013105428,0.0,nan,nan,nan,0.0,0.0,100.0,0.0,0.0,0.0,-0.0,-0.0,-0.001
18529000,nan,nan,nan,-0.0013977616,0.0,nan,nan,nan,0.0,0.0,100.0,0.0,0.0,0.0,-0.0,-0.0,-0.001
18629000,nan,nan,nan,-0.0015089238,0.0,nan,nan,nan,0.0,0.0,100.0,0.0,0.0,0.0,-0.0,-0.0,-0.001
18721000,nan,nan,nan,-0.0017168206,0.0,nan,nan,nan,0.0,0.0,100.0,0.0,0.0,0.0,-0.0,-0.0,-0.001
18821000,nan,nan,nan,-0.0019466483,0.0,nan,nan,nan,0.0,0.0,100.0,0.0,0.0,0.0,-0.0,-0.0,-0.001
18929000,nan,nan,nan,-0.001991643,0.0,nan,nan,nan,0.0,0.0,100.0,0.0,0.0,0.0,-0.0,-0.0,-0.001
19022000,nan,nan,nan,-0.0022707903,0.0,nan,nan,nan,0.0,0.0,100.0,0.0,0.0,0.0,-0.0,-0.0,-0.001
19119000,nan,nan,nan,-0.0023160279,0.0,nan,nan,nan,0.0,0.0,100.0,0.0,0.0,0.0,-0.0,-0.0,-0.001
19219000,nan,nan,nan,-0.0024088894,0.0,nan,nan,nan,0.0,0.0,100.0,0.0,0.0,0.0,-0.0,-0.0,-0.001
19319000,nan,nan,nan,-0.002396983,0.0,nan,nan,nan,0.0,0.0,100.0,0.0,0.0,0.0,-0.0,-0.0,-0.001
19419000,nan,nan,nan,-0.0025678636,0.0,nan,nan,nan,0.0,0.0,100.0,0.0,0.0,0.0,-0.0,-0.0,-0.001
19519000,nan,nan,nan,-0.0025167672,0.0,nan,nan,nan,0.0,0.0,100.0,0.0,0.0,0.0,-0.0,-0.0,-0.001
19622000,nan,nan,nan,-0.0028711637,0.0,nan,nan,nan,0.0,0.0,100.0,0.0,0.0,0.0,-0.0,-0.0,-0.001
19722000,nan,nan,nan,-0.0029393558,0.0,nan,nan,nan,0.0,0.0,100.0,0.0,0.0,0.0,-0.0,-0.0,-0.001
19819000,nan,nan,nan,-0.0030643137,0.0,nan,nan,nan,0.0,0.0,100.0,0.0,0.0,0.0,-0.0,-0.0,-0.001
19921000,nan,nan,nan,-0.0030591472,0.0,nan,nan,nan,0.0,0.0,100.0,0.0,0.0,0.0,-0.0,-0.0,-0.001
20029000,nan,nan,nan,-0.0030724828,0.0,nan,nan,nan,0.0,0.0,100.0,0.0,0.0,0.0,-0.0,-0.0,-0.001
20119000,nan,nan,nan,-0.003128838,0.0,nan,nan,nan,0.0,0.0,100.0,0.0,0.0,0.0,-0.0,-0.0,-0.001
20219000,nan,nan,nan,-0.0032479675,0.0,nan,nan,nan,0.0,0.0,100.0,0.0,0.0,0.0,-0.0,-0.0,-0.001
20329000,nan,nan,nan,-0.003247937,0.0,nan,nan,nan,0.0,0.0,100.0,0.0,0.0,0.0,-0.0,-0.0,-0.001
20421000,nan,nan,nan,-0.0032633513,0.0,nan,nan,nan,0.0,0.0,100.0,0.0,0.0,0.0,-0.0,-0.0,-0.001
20529000,nan,nan,nan,-0.0035696158,0.0,nan,nan,nan,0.0,0.0,100.0,0.0,0.0,0.0,-0.0,-0.0,-0.001
20621000,nan,nan,nan,-0.0034978266,0.0,nan,nan,nan,0.0,0.0,100.0,0.0,0.0,0.0,-0.0,-0.0,-0.001
20729000,nan,nan,nan,-0.0035932686,0.0,nan,nan,nan,0.0,0.0,100.0,0.0,0.0,0.0,-0.0,-0.0,-0.001
20818000,nan,nan,nan,-0.0036484292,0.0,nan,nan,nan,0.0,0.0,100.0,0.0,0.0,0.0,-0.0,-0.0,-0.001
20920000,nan,nan,nan,-0.003870623,0.0,nan,nan,nan,0.0,0.0,100.0,0.0,0.0,0.0,-0.0,-0.0,-0.001
21022000,nan,nan,nan,-0.0039087073,0.0,nan,nan,nan,0.0,0.0,100.0,0.0,0.0,0.0,-0.0,-0.0,-0.001
21122000,nan,nan,nan,-0.003991593,0.0,nan,nan,nan,0.0,0.0,100.0,0.0,0.0,0.0,-0.0,-0.0,-0.001
21222000,nan,nan,nan,-0.003906329,0.0,nan,nan,nan,0.0,0.0,100.0,0.0,0.0,0.0,-0.0,-0.0,-0.001
21322000,nan,nan,nan,-0.0038654825,0.0,nan,nan,nan,0.0,0.0,100.0,0.0,0.0,0.0,-0.0,-0.0,-0.001
21422000,nan,nan,nan,-0.003949958,0.0,nan,nan,nan,0.0,0.0,100.0,0.0,0.0,0.0,-0.0,-0.0,-0.001
21519000,nan,nan,nan,-0.0039374633,0.0,nan,nan,nan,0.0,0.0,100.0,0.0,0.0,0.0,-0.0,-0.0,-0.001
21620000,nan,nan,nan,-0.00398874,0.0,nan,nan,nan,0.0,0.0,100.0,0.0,0.0,0.0,-0.0,-0.0,-0.001
21721000,nan,nan,nan,-0.004077132,0.0,nan,nan,nan,0.0,0.0,100.0,0.0,0.0,0.0,-0.0,-0.0,-0.001
21822000,nan,nan,nan,-0.003989682,0.0,nan,nan,nan,0.0,0.0,100.0,0.0,0.0,0.0,-0.0,-0.0,-0.001
21922000,nan,nan,nan,-0.0040522455,0.0,nan,nan,nan,0.0,0.0,100.0,0.0,0.0,0.0,-0.0,-0.0,-0.001
22022000,nan,nan,nan,-0.0038316483,0.0,nan,nan,nan,0.0,0.0,100.0,0.0,0.0,0.0,-0.0,-0.0,-0.001
22122000,nan,nan,nan,-0.003735262,0.0,nan,nan,nan,0.0,0.0,100.0,0.0,0.0,0.0,-0.0,-0.0,-0.001
22219000,nan,nan,nan,-0.0035415182,0.0,nan,nan,nan,0.0,0.0,100.0,0.0,0.0,0.0,-0.0,-0.0,-0.001
22320000,nan,nan,nan,-0.003787218,0.0,nan,nan,nan,0.0,0.0,100.0,0.0,0.0,0.0,-0.0,-0.0,-0.001
22420000,nan,nan,nan,-0.003547242,0.0,nan,nan,nan,0.0,0.0,100.0,0.0,0.0,0.0,-0.0,-0.0,-0.001
22520000,nan,nan,nan,-0.003641477,0.0,nan,nan,nan,0.0,0.0,100.0,0.0,0.0,0.0,-0.0,-0.0,-0.001
22621000,nan,nan,nan,-0.003574151,0.0,nan,nan,nan,0.0,0.0,100.0,0.0,0.0,0.0,-0.0,-0.0,-0.001
22729000,nan,nan,nan,-0.0035118018,0.0,nan,nan,nan,0.0,0.0,100.0,0.0,0.0,0.0,-0.0,-0.0,-0.001
22822000,nan,nan,nan,-0.0035712747,0.0,nan,nan,nan,0.0,0.0,100.0,0.0,0.0,0.0,-0.0,-0.0,-0.001
22919000,nan,nan,nan,-0.0037365,0.0,nan,nan,nan,0.0,0.0,100.0,0.0,0.0,0.0,-0.0,-0.0,-0.001
23019000,nan,nan,nan,-0.003686513,0.0,nan,nan,nan,0.0,0.0,100.0,0.0,0.0,0.0,-0.0,-0.0,-0.001
23119000,nan,nan,nan,-0.0038298878,0.0,nan,nan,nan,0.0,0.0,100.0,0.0,0.0,0.0,-0.0,-0.0,-0.001
23220000,nan,nan,nan,-0.003939533,0.0,nan,nan,nan,0.0,0.0,100.0,0.0,0.0,0.0,-0.0,-0.0,-0.001
23321000,nan,nan,nan,-0.0039988053,0.0,nan,nan,nan,0.0,0.0,100.0,0.0,0.0,0.0,-0.0,-0.0,-0.001
23422000,nan,nan,nan,-0.0039880723,0.0,nan,nan,nan,0.0,0.0,100.0,0.0,0.0,0.0,-0.0,-0.0,-0.001
23519000,nan,nan,nan,-0.0040416555,0.0,nan,nan,nan,0.0,0.0,100.0,0.0,0.0,0.0,-0.0,-0.0,-0.001
23620000,nan,nan,nan,-0.004100724,0.0,nan,nan,nan,0.0,0.0,100.0,0.0,0.0,0.0,-0.0,-0.0,-0.001
23721000,nan,nan,nan,-0.004107702,0.0,nan,nan,nan,0.0,0.0,100.0,0.0,0.0,0.0,-0.0,-0.0,-0.001
23822000,nan,nan,nan,-0.0041554295,0.0,nan,nan,nan,0.0,0.0,100.0,0.0,0.0,0.0,-0.0,-0.0,-0.001
23922000,nan,nan,nan,-0.004116652,0.0,nan,nan,nan,0.0,0.0,100.0,0.0,0.0,0.0,-0.0,-0.0,-0.001
24019000,nan,nan,nan,-0.004155831,0.0,nan,nan,nan,0.0,0.0,100.0,0.0,0.0,0.0,-0.0,-0.0,-0.001
24121000,nan,nan,nan,-0.004107681,0.0,nan,nan,nan,0.0,0.0,100.0,0.0,0.0,0.0,-0.0,-0.0,-0.001
24221000,0.0,0.0,-15.0,0.0,0.0,-0.016039522,0.002887791,2.3789737,-0.012512932,0.047989443,9.622146,0.0,0.0,0.0,-1.1960113e-05,4.5869274e-05,-0.009407103
24321000,0.0,0.0,-15.0,0.0,0.0,-0.014174489,0.0049216547,2.1972516,-0.0066365777,0.036286697,9.353263,0.0,0.0,0.0,-1.566396e-05,8.5645566e-05,-0.02311632
24429000,0.0,0.0,-15.0,0.0,0.0,-0.007017158,0.001907102,2.0009918,0.014897482,0.03039217,9.037627,0.0,0.0,0.0,5.9286496e-05,0.00012094966,-0.039209247
24521000,0.0,0.0,-15.0,0.0,0.0,0.0022835124,-0.0016007489,1.8338075,0.044068776,0.0080244085,8.715279,0.0,0.0,0.0,0.0002493285,4.53998e-05,-0.055644453
24622000,0.0,0.0,-15.0,0.0,0.0,0.010694357,-0.0049708127,1.6502683,0.058764253,-0.005171704,8.385134,0.0,0.0,0.0,0.00043391835,-3.8188136e-05,-0.07247716
24722000,0.0,0.0,-15.0,0.0,0.0,0.017529171,-0.007847962,1.4685464,0.072709724,-0.014787136,8.052027,0.0,0.0,0.0,0.0006624681,-0.00013472758,-0.08946091
24822000,0.0,0.0,-15.0,0.0,0.0,0.02324593,-0.01023057,1.2868245,0.09069775,-0.020845383,7.674888,0.0,0.0,0.0,0.0010049709,-0.00023097597,-0.108689606
24922000,0.0,0.0,-15.0,0.0,0.0,0.028303325,-0.012200179,1.1051025,0.10098882,-0.027861552,7.2716894,0.0,0.0,0.0,0.0013315207,-0.00036734992,-0.12924704
25019000,0.0,0.0,-15.0,0.0,0.0,0.03268382,-0.013632177,0.9288322,0.10311271,-0.025023876,6.1777678,0.0,0.0,0.0,0.0019454742,-0.0004721368,-0.18502152
25119000,0.0,0.0,-15.0,0.0,0.0,0.031678423,-0.020384308,0.74711025,0.09616513,-0.051858515,6.1324353,0.0,0.0,0.0,0.0018368929,-0.0009905726,-0.18733281
25220000,0.0,0.0,-15.0,0.0,0.0,0.030925918,-0.026313575,0.5635711,0.089845374,-0.06739824,5.3588233,0.0,0.0,0.0,0.0020774328,-0.0015584034,-0.22677606
25329000,0.0,0.0,-15.0,0.0,0.0,0.030839339,-0.031619933,0.36549425,0.10062462,-0.08521749,4.67356,0.0,0.0,0.0,0.0026868065,-0.0022754164,-0.26171476
25422000,0.0,0.0,-15.0,0.0,0.0,0.027698983,-0.033286717,0.19649267,0.072156124,-0.069958806,4.021905,0.0,0.0,0.0,0.002171384,-0.0021052605,-0.29493994
25523000,0.0,0.0,-15.0,0.0,0.0,0.024724202,-0.033975683,0.012953758,0.07795079,-0.066186845,3.361665,0.0,0.0,0.0,0.0026119081,-0.002217732,-0.3286028
25621000,0.0,0.0,-15.0,0.0,0.0,0.01510934,-0.03455189,-0.16513371,0.034803353,-0.06513115,2.9513555,0.0,0.0,0.0,0.001242192,-0.0023246438,-0.34952277
25723000,0.0,0.0,-15.0,0.0,0.0,0.0069222166,-0.034592133,-0.35048962,0.012039362,-0.060787145,2.2371252,0.0,0.0,0.0,0.00047384738,-0.0023924713,-0.38593835
25813000,0.0,0.0,-15.0,0.0,0.0,0.001082167,-0.034199364,-0.51403904,-0.002968684,-0.0515966,1.2648151,0.0,0.0,0.0,-0.00013184489,-0.002291503,-0.43551236
25923000,0.0,0.0,-15.0,0.0,0.0,-0.004555623,-0.033151887,-0.713933,-0.0319727,-0.036208153,-0.09148526,0.0,0.0,0.0,-0.0016472983,-0.0018655176,-0.5046644
26023000,0.0,0.0,-15.0,0.0,0.0,-0.008700052,-0.03179534,-0.8956549,-0.04339696,-0.02029671,-0.42043138,0.0,0.0,0.0,-0.002312076,-0.0010813553,-0.52143604
26126000,0.0,0.0,-15.0,0.0,0.0,-0.01437278,-0.029771324,-1.0828283,-0.0509259,0.014909098,-1.5515368,0.0,0.0,0.0,-0.0030158516,0.0008829226,-0.57910633
26214000,0.0,0.0,-15.0,0.0,0.0,-0.018476587,-0.026640715,-1.2427435,-0.052296154,0.040093116,-1.8363717,0.0,0.0,0.0,-0.0031666828,0.0024277535,-0.5936289
26324000,0.0,0.0,-15.0,0.0,0.0,-0.021854999,-0.021370294,-1.4426377,-0.05103072,0.05267609,-1.8789456,0.0,0.0,0.0,-0.0031031163,0.0032031692,-0.59579957
26424000,0.0,0.0,-15.0,0.0,0.0,-0.023712244,-0.016075345,-1.6243596,-0.04749748,0.0608854,-1.850081,0.0,0.0,0.0,-0.0028782568,0.0036895392,-0.59432787
26524000,0.0,0.0,-15.0,0.0,0.0,-0.024564475,-0.010651613,-1.8060813,-0.04198322,0.06944558,-1.8200611,0.0,0.0,0.0,-0.0025369797,0.004196487,-0.5927973
26613000,0.0,0.0,-15.0,0.0,0.0,-0.024712905,-0.0058451057,-1.967814,-0.038045608,0.08134851,-1.835463,0.0,0.0,0.0,-0.00230376,0.004925863,-0.5935826
26714000,0.0,0.0,-15.0,0.0,0.0,-0.024192013,-0.00060912705,-2.151353,-0.03027214,0.08051652,-1.8401498,0.0,0.0,0.0,-0.0018339489,0.0048778574,-0.5938215
26824000,0.0,0.0,-15.0,0.0,0.0,-0.02299721,0.0045608897,-2.3512473,-0.027097587,0.08469441,-1.8248862,0.0,0.0,0.0,-0.0016390514,0.0051229093,-0.5930433
26926000,0.0,0.0,-15.0,0.0,0.0,-0.021632139,0.008853688,-2.5366035,-0.030838495,0.08412574,-1.8248236,0.0,0.0,0.0,-0.0018646058,0.005086544,-0.5930401
27025000,0.0,0.0,-15.0,0.0,0.0,-0.020153597,0.01250495,-2.716508,-0.019453414,0.08401346,-1.8354201,0.0,0.0,0.0,-0.0011787175,0.005090527,-0.59358037
27114000,0.0,0.0,-15.0,0.0,0.0,-0.0107093705,0.0007869421,-2.8782406,0.031876035,-0.0034514964,-1.8314222,0.0,0.0,0.0,0.0019323123,-0.00020922831,-0.5933765
27224000,0.0,0.0,-15.0,0.0,0.0,0.0020772396,-0.015778804,-3.0,0.06120319,-0.052218102,-1.5060594,0.0,0.0,0.0,0.0035979694,-0.0030697603,-0.57678765
27325000,0.0,0.0,-15.0,0.0,0.0,0.011977688,-0.028174551,-3.0,0.06359134,-0.06985278,-0.99735695,0.0,0.0,0.0,0.0035736256,-0.0039254976,-0.55085105
27414000,0.0,0.0,-15.0,0.0,0.0,0.019219432,-0.037099138,-3.0,0.0625717,-0.07417104,-0.85246307,0.0,0.0,0.0,0.0034648157,-0.0041071116,-0.5434635
27524000,0.0,0.0,-15.0,0.0,0.0,0.026160825,-0.045243386,-3.0,0.072956756,-0.07695638,-0.8421646,0.0,0.0,0.0,0.004039667,-0.004261129,-0.5429385
27624000,0.0,0.0,-15.0,0.0,0.0,0.030938525,-0.050318386,-3.0,0.07263319,-0.077449575,-0.84940594,0.0,0.0,0.0,0.004023393,-0.004290188,-0.54330766
27722000,0.0,0.0,-15.0,0.0,0.0,0.03412833,-0.05376707,-3.0,0.064328045,-0.070124574,-0.84899104,0.0,0.0,0.0,0.0035641477,-0.0038853092,-0.5432865
27821000,0.0,0.0,-15.0,0.0,0.0,0.035193518,-0.05710024,-3.0,0.051618323,-0.07915671,-0.9118866,0.0,0.0,0.0,0.0028785563,-0.0044142674,-0.5464933
27921000,0.0,0.0,-15.0,0.0,0.0,0.036410242,-0.057569448,-3.0,0.047451235,-0.06489248,-0.8697766,0.0,0.0,0.0,0.002632313,-0.0035998495,-0.5443463
28022000,0.0,0.0,-15.0,0.0,0.0,0.03674488,-0.056604013,-3.0,0.041236203,-0.04911247,-0.858768,0.0,0.0,0.0,0.002287517,-0.002724441,-0.543785
28123000,0.0,0.0,-15.0,0.0,0.0,0.036273327,-0.05455488,-3.0,0.034175586,-0.034605667,-0.84440213,0.0,0.0,0.0,0.0018909799,-0.0019147767,-0.54305255
28224000,0.0,0.0,-15.0,0.0,0.0,0.03518604,-0.051419403,-3.0,0.02814212,-0.014839916,-0.8360643,0.0,0.0,0.0,0.0015546158,-0.0008197807,-0.5426274
28321000,0.0,0.0,-15.0,0.0,0.0,0.03371133,-0.047490273,-3.0,0.02015419,-0.00086933374,-0.83141184,0.0,0.0,0.0,0.0011225747,-4.8421298e-05,-0.5423902
28422000,0.0,0.0,-15.0,0.0,0.0,0.031542253,-0.04301452,-3.0,0.01123853,0.00012649829,-0.8237898,0.0,0.0,0.0,0.0006206184,6.985537e-06,-0.5420016
28522000,0.0,0.0,-15.0,0.0,0.0,0.029020319,-0.038331542,-3.0,-0.0005287314,0.013106781,-0.8281196,0.0,0.0,0.0,-2.9225661e-05,0.0007244781,-0.5422223
28623000,0.0,0.0,-15.0,0.0,0.0,0.026148453,-0.033431083,-3.0,-0.011997559,0.02405641,-0.8380634,0.0,0.0,0.0,-0.00066904875,0.0013415155,-0.5427293
28723000,0.0,0.0,-15.0,0.0,0.0,0.023161747,-0.028499879,-3.0,-0.011841436,0.029647278,-0.8406162,0.0,0.0,0.0,-0.00065954484,0.0016512953,-0.5428595
28824000,0.0,0.0,-15.0,0.0,0.0,0.020155031,-0.023609083,-3.0,-0.011905683,0.03473924,-0.8216366,0.0,0.0,0.0,-0.000658916,0.0019226315,-0.5418918
28924000,0.0,0.0,-15.0,0.0,0.0,0.017123058,-0.01876046,-3.0,-0.026326511,0.04507995,-0.81616324,0.0,0.0,0.0,-0.00145487,0.002491233,-0.54161274
29021000,0.0,0.0,-15.0,0.0,0.0,0.014244096,-0.014254157,-3.0,-0.012147889,0.038338438,-0.8237269,0.0,0.0,0.0,-0.00066882255,0.002110788,-0.5419984
29123000,0.0,0.0,-15.0,0.0,0.0,-0.028858459,-0.07719821,-3.0,-0.18543616,-0.22825217,-0.8321717,0.0,0.0,0.0,-0.01025708,-0.012625374,-0.542429
29224000,0.0,0.0,-15.0,0.0,0.0,-0.07216984,-0.1411557,-3.0,-0.26824874,-0.3724337,-0.84336317,0.0,0.0,0.0,-0.014852927,-0.020621644,-0.54299957
29324000,0.0,0.0,-15.0,0.0,0.0,-0.106106736,-0.19040449,-3.0,-0.306733,-0.41973943,-0.8259505,0.0,0.0,0.0,-0.016956272,-0.023203291,-0.54211175
29424000,0.0,0.0,-15.0,0.0,0.0,-0.13183495,-0.2264924,-3.0,-0.310703,-0.42882708,-0.8214088,0.0,0.0,0.0,-0.017167808,-0.023694716,-0.5418802
29521000,0.0,0.0,-15.0,0.0,0.0,-0.15004139,-0.25101024,-3.0,-0.3025882,-0.42192146,-0.8170762,0.0,0.0,0.0,-0.01671313,-0.023304371,-0.5416593
29624000,0.0,0.0,-15.0,0.0,0.0,-0.13178371,-0.19906464,-3.0,-0.16454911,-0.13645832,-0.83319473,0.0,0.0,0.0,-0.009102937,-0.007548941,-0.5424811
29724000,0.0,0.0,-15.0,0.0,0.0,-0.10813498,-0.13875924,-3.0,-0.077103116,0.048754066,-0.8262423,0.0,0.0,0.0,-0.004262852,0.002695499,-0.54212666
29824000,0.0,0.0,-15.0,0.0,0.0,-0.086759835,-0.08669547,-3.0,-0.022940923,0.15000127,-0.81488407,0.0,0.0,0.0,-0.0012667993,0.0082830805,-0.54154754
29924000,0.0,0.0,-15.0,0.0,0.0,-0.0676582,-0.042265855,-3.0,0.0098655205,0.21124235,-0.80718255,0.0,0.0,0.0,0.00054451055,0.011659159,-0.54115486
30021000,0.0,0.0,-15.0,0.0,0.0,-0.050942067,-0.005258259,-3.0,0.04450013,0.25792533,-0.82076204,0.0,0.0,0.0,0.0024587,0.014250767,-0.5418472
30124000,0.0,0.0,-15.0,0.0,0.0,-0.035639945,0.02642234,-3.0,0.05871138,0.26837775,-0.81751144,0.0,0.0,0.0,0.0032428836,0.014823664,-0.54168147
30224000,0.0,0.0,-15.0,0.0,0.0,-0.022430426,0.05177002,-3.0,0.07379573,0.282443,-0.7999993,0.0,0.0,0.0,0.004069611,0.0155758755,-0.5407886
30321000,0.0,0.0,-15.0,0.0,0.0,-0.011284068,0.071776345,-3.0,0.076309614,0.27673116,-0.82082665,0.0,0.0,0.0,0.004216617,0.01529125,-0.5418505
30421000,0.0,0.0,-15.0,0.0,0.0,0.012829948,0.08138476,-3.0,0.14135781,0.23675203,-0.8096367,0.0,0.0,0.0,0.007802147,0.013067365,-0.54128
30521000,0.0,0.0,-15.0,0.0,0.0,0.029445833,0.09032929,-3.0,0.16523275,0.20770922,-0.8276571,0.0,0.0,0.0,0.00913457,0.011482799,-0.5421988
30622000,0.0,0.0,-15.0,0.0,0.0,0.034816545,0.10111397,-3.0,0.14558306,0.20529754,-0.8337446,0.0,0.0,0.0,0.008053491,0.01135683,-0.54250914
30722000,0.0,0.0,-15.0,0.0,0.0,0.044859953,0.106617264,-3.0,0.15279706,0.1883615,-0.82649535,0.0,0.0,0.0,0.008447945,0.010414255,-0.54213953
30823000,0.0,0.0,-15.0,0.0,0.0,0.060691193,0.10698949,-3.0,0.17614324,0.16565755,-0.84018314,0.0,0.0,0.0,0.0097505115,0.009170069,-0.54283744
30923000,0.0,0.0,-15.0,0.0,0.0,0.07485189,0.10546588,-3.0,0.18152143,0.15098895,-0.84397924,0.0,0.0,0.0,0.010051972,0.008361199,-0.543031
31024000,0.0,0.0,-15.0,0.0,0.0,0.08539373,0.10287496,-3.0,0.17110513,0.11760689,-0.8428116,0.0,0.0,0.0,0.009473786,0.006511683,-0.54297143
31121000,0.0,0.0,-15.0,0.0,0.0,0.092446856,0.09914755,-2.8249598,0.16147839,0.09808516,-0.13855302,0.0,0.0,0.0,0.008349738,0.0050717965,-0.5070642
31221000,0.0,0.0,-15.0,0.0,0.0,0.088433854,0.09722641,-2.5321064,0.11962743,0.10053863,0.6280465,0.0,0.0,0.0,0.00571062,0.0047993828,-0.46797854
31321000,0.0,0.0,-15.0,0.0,0.0,0.07245725,0.094536744,-2.2656307,0.04702391,0.09691655,0.8063438,0.0,0.0,0.0,0.0021992293,0.004532624,-0.4588879
31421000,0.0,0.0,-15.0,0.0,0.0,0.05003321,0.09040143,-2.0426006,-0.0074193776,0.08787652,0.6794888,0.0,0.0,0.0,-0.0003522414,0.004172014,-0.46535572
31521000,0.0,0.0,-15.0,0.0,0.0,0.02901076,0.09030022,-1.8512096,-0.049561918,0.092328615,0.5035707,0.0,0.0,0.0,-0.0023975102,0.0044663083,-0.47432503
31623000,0.0,0.0,-15.0,0.0,0.0,0.011506392,0.09058845,-1.6724186,-0.078229055,0.098182775,0.3772257,0.0,0.0,0.0,-0.0038372523,0.0048160125,-0.48076683
31723000,0.0,0.0,-15.0,0.0,0.0,-0.0026385118,0.0894951,-1.5106297,-0.09656808,0.08248067,0.29725382,0.0,0.0,0.0,-0.004773253,0.0040769284,-0.48484427
31823000,0.0,0.0,-15.0,0.0,0.0,-0.014080048,0.08696537,-1.3611355,-0.106053546,0.0694278,0.23140228,0.0,0.0,0.0,-0.0052789887,0.0034558822,-0.48820177
31924000,0.0,0.0,-15.0,0.0,0.0,-0.023301441,0.083026744,-1.2221565,-0.1133513,0.058083884,0.17723376,0.0,0.0,0.0,-0.005675197,0.002908105,-0.49096358
32024000,0.0,0.0,-15.0,0.0,0.0,-0.030561253,0.07814293,-1.0970974,-0.11172559,0.043972034,0.11241616,0.0,0.0,0.0,-0.005632622,0.002216841,-0.49426836
32123000,0.0,0.0,-15.0,0.0,0.0,-0.032644466,0.06909727,-0.983408,-0.08816712,0.012310486,0.05992821,0.0,0.0,0.0,-0.0044670696,0.00062372227,-0.49694452
32223000,0.0,0.0,-15.0,0.0,0.0,-0.033294734,0.059207615,-0.879796,-0.08398449,-0.005160104,0.0004953444,0.0,0.0,0.0,-0.004283425,-0.00026317858,-0.49997476
32323000,0.0,0.0,-15.0,0.0,0.0,-0.033542417,0.04941869,-0.7867718,-0.06844118,-0.029856812,-0.050786868,0.0,0.0,0.0,-0.0035100481,-0.001531225,-0.5025894
32424000,0.0,0.0,-15.0,0.0,0.0,-0.033225566,0.03994496,-0.70267105,-0.06170594,-0.029963633,-0.1188591,0.0,0.0,0.0,-0.0031864916,-0.0015473203,-0.5060601
32521000,0.0,0.0,-15.0,0.0,0.0,-0.032652467,0.03139597,-0.63078976,-0.05555629,-0.04151767,-0.1764534,0.0,0.0,0.0,-0.002881615,-0.0021534543,-0.5089966
32621000,0.0,0.0,-15.0,0.0,0.0,-0.031145154,0.031451114,-0.56603336,-0.044430483,-0.016043864,-0.25990063,0.0,0.0,0.0,-0.0023215332,-0.00083830644,-0.51325125
32722000,0.0,0.0,-15.0,0.0,0.0,-0.026022248,0.03097495,-0.5028944,-0.023855643,-0.017733902,-0.27216744,0.0,0.0,0.0,-0.0012413369,-0.00092279,-0.5138767
32822000,0.0,0.0,-15.0,0.0,0.0,-0.018446038,0.027158743,-0.4391842,-0.0028055161,-0.026419146,-0.23487604,0.0,0.0,0.0,-0.00014579047,-0.0013728882,-0.51197535
32924000,0.0,0.0,-15.0,0.0,0.0,-0.011312256,0.022833517,-0.37679577,0.0077285403,-0.027418282,-0.24066709,0.0,0.0,0.0,0.00040147654,-0.0014243046,-0.5122706
33024000,0.0,0.0,-15.0,0.0,0.0,-0.005484095,0.01862775,-0.32497215,0.023930034,-0.025101941,-0.28532892,0.0,0.0,0.0,0.0012501276,-0.0013113491,-0.5145477
33124000,0.0,0.0,-15.0,0.0,0.0,-0.0034462847,0.013684066,-0.2831955,0.00956557,-0.039087575,-0.34209332,0.0,0.0,0.0,0.0005024877,-0.002053304,-0.5174419
33221000,0.0,0.0,-15.0,0.0,0.0,-0.0058834082,0.0074219476,-0.25094223,-0.011442529,-0.057526816,-0.40680036,0.0,0.0,0.0,-0.0006075322,-0.0030543418,-0.52074105
33321000,0.0,0.0,-15.0,0.0,0.0,-0.009989376,0.00028736258,-0.22693348,-0.016261835,-0.07079108,-0.47563234,0.0,0.0,0.0,-0.0008691728,-0.0037836863,-0.5242505
33422000,0.0,0.0,-15.0,0.0,0.0,-0.01342622,-0.00714829,-0.20917892,-0.019425627,-0.082092315,-0.51898646,0.0,0.0,0.0,-0.0010439272,-0.0044116154,-0.52646095
33522000,0.0,0.0,-15.0,0.0,0.0,-0.016171465,-0.017340602,-0.19448376,-0.025037752,-0.08981899,-0.5448457,0.0,0.0,0.0,-0.0013480939,-0.004836074,-0.5277794
33623000,0.0,0.0,-15.0,0.0,0.0,-0.018730259,-0.029358545,-0.18075943,-0.021239521,-0.1052565,-0.55035084,0.0,0.0,0.0,-0.001143326,-0.005665971,-0.5280601
33724000,0.0,0.0,-15.0,0.0,0.0,-0.019319138,-0.038341854,-0.166008,-0.018148731,-0.10753891,0.35508418,0.0,0.0,0.0,-0.0009821055,-0.00581939,-0.53077585
33824000,0.0,0.0,-15.0,0.0,0.0,-0.018437922,-0.04418109,-0.14918709,-0.014533887,-0.10677262,0.36610946,0.0,0.0,0.0,-0.00078372686,-0.005757618,-0.5287496
33921000,0.0,0.0,-15.0,0.0,0.0,-0.01737749,-0.048343576,-0.13307285,-0.018016512,-0.09787651,0.3674937,0.0,0.0,0.0,-0.000968492,-0.0052614305,-0.527427
34021000,0.0,0.0,-15.0,0.0,0.0,-0.016252905,-0.051250108,-0.11849785,-0.01112244,-0.08821443,0.3424756,0.0,0.0,0.0,-0.0005991385,-0.0047518946,-0.52807873
34122000,0.0,0.0,-15.0,0.0,0.0,-0.014526633,-0.04866974,-0.103671074,-0.00095368037,-0.056874372,0.33625454,0.0,0.0,0.0,-5.127244e-05,-0.0030577206,-0.5274408
34223000,0.0,0.0,-15.0,0.0,0.0,-0.011704518,-0.040250704,-0.08996296,0.007898403,-0.011604659,0.32475936,0.0,0.0,0.0,0.0004464657,-0.0006559658,-0.5272396
34324000,0.0,0.0,-15.0,0.0,0.0,-0.0063895066,-0.031668816,-0.079735756,0.022933476,0.017415702,0.2855716,0.0,0.0,0.0,0.0012251504,0.00093038025,-0.5287823
34424000,0.0,0.0,-15.0,0.0,0.0,0.0013118628,-0.024673022,-0.07384777,0.056354553,0.03513121,0.24280316,0.0,0.0,0.0,0.0030496558,0.0019011437,-0.5304569
34524000,0.0,0.0,-15.0,0.0,0.0,0.008358584,-0.018854253,-0.07112217,0.05045798,0.040771578,0.21848977,0.0,0.0,0.0,0.0027316317,0.0022072415,-0.530948
34623000,0.0,0.0,-15.0,0.0,0.0,0.0130889835,-0.0147992205,-0.07064724,0.0647048,0.041796055,0.17161435,0.0,0.0,0.0,0.0035141085,0.0022699377,-0.5328786
34723000,0.0,0.0,-15.0,0.0,0.0,0.016786326,-0.011451119,-0.06917572,0.054428585,0.033104323,0.16200535,0.0,0.0,0.0,0.002956267,0.0017980481,-0.5326338
34823000,0.0,0.0,-15.0,0.0,0.0,0.013900543,-0.008048351,-0.06020832,0.021708854,0.030838292,0.19136685,0.0,0.0,0.0,0.0011735609,0.0016670899,-0.53026396
34924000,0.0,0.0,-15.0,0.0,0.0,0.009255325,-0.004858321,-0.049625397,0.012957315,0.04094808,0.19899237,0.0,0.0,0.0,0.0007018629,0.0022180476,-0.5293916
35021000,0.0,0.0,-15.0,0.0,0.0,0.0059808763,-0.0062619904,-0.040919304,-0.0051423404,0.031944565,0.19863087,0.0,0.0,0.0,-0.0002768818,0.0017200084,-0.5289425
35121000,0.0,0.0,-15.0,0.0,0.0,0.004466907,-0.0076353773,-0.035983086,-0.0023728248,0.022307131,0.17398027,0.0,0.0,0.0,-0.00012838065,0.0012069176,-0.52995443
35222000,0.0,0.0,-15.0,0.0,0.0,0.003667128,-0.008294608,-0.031991005,0.0009944364,0.004007592,0.16233075,0.0,0.0,0.0,4.408968e-05,0.00017768198,-0.53022856
35322000,0.0,0.0,-15.0,0.0,0.0,0.0015935017,-0.013251177,-0.025231361,-0.0060589374,-0.012356334,0.15069194,0.0,0.0,0.0,-0.00032271427,-0.0006581295,-0.5307434
35422000,0.0,0.0,-15.0,0.0,0.0,-0.0004697872,-0.01863268,-0.018004417,-0.0060423445,-0.022316545,0.161117,0.0,0.0,0.0,-0.00032777048,-0.001210574,-0.5298449
35522000,0.0,0.0,-15.0,0.0,0.0,-0.0018951923,-0.022540227,-0.0114450455,-0.011682116,-0.02213839,0.17129418,0.0,0.0,0.0,-0.0006263134,-0.0011869055,-0.5289389
35624000,0.0,0.0,-15.0,0.0,0.0,-0.0028809754,-0.02526433,-0.0055933,-0.007608488,-0.030531323,0.17982087,0.0,0.0,0.0,-0.00040884735,-0.0016406216,-0.5280628
35724000,0.0,0.0,-15.0,0.0,0.0,-0.003149893,-0.032138817,0.0013389587,-0.0019208519,-0.047949255,0.17072268,0.0,0.0,0.0,-0.00010353641,-0.002584527,-0.52841157
35824000,0.0,0.0,-15.0,0.0,0.0,-0.002371824,-0.043124497,0.009318352,0.010047465,-0.077646144,0.15963474,0.0,0.0,0.0,0.0005420648,-0.0041890405,-0.5289056
35921000,0.0,0.0,-15.0,0.0,0.0,-0.003994429,-0.05105539,0.016468048,0.0073300474,-0.094339386,0.16008718,0.0,0.0,0.0,0.00039521378,-0.005086492,-0.52872473
36021000,0.0,0.0,-15.0,0.0,0.0,-0.008603236,-0.054605633,0.021971703,-0.016088098,-0.08356407,0.14575419,0.0,0.0,0.0,-0.00086808007,-0.004508942,-0.5294145
36123000,0.0,0.0,-15.0,0.0,0.0,-0.013885943,-0.05740537,0.02990818,-0.03302933,-0.07592983,0.14945231,0.0,0.0,0.0,-0.0017818761,-0.004096285,-0.52905965
36223000,0.0,0.0,-15.0,0.0,0.0,-0.018300978,-0.060673792,0.042225838,-0.039674815,-0.06914299,0.1795845,0.0,0.0,0.0,-0.0021324365,-0.0037162881,-0.5272213
36323000,0.0,0.0,-15.0,0.0,0.0,-0.021721033,-0.06126907,0.052907944,-0.034753006,-0.05161179,0.18812144,0.0,0.0,0.0,-0.0018643932,-0.0027688155,-0.5266365
36423000,0.0,0.0,-15.0,0.0,0.0,-0.024262557,-0.057686474,0.05782509,-0.04698193,-0.026224926,0.14414102,0.0,0.0,0.0,-0.0025368924,-0.0014160726,-0.5290283
36523000,0.0,0.0,-15.0,0.0,0.0,-0.027629422,-0.049718365,0.056342125,-0.03912111,0.008009378,0.10631347,0.0,0.0,0.0,-0.00211749,0.00043351983,-0.530973
36621000,0.0,0.0,-15.0,0.0,0.0,-0.032374825,-0.03819401,0.04940796,-0.053334005,0.030891228,0.06331232,0.0,0.0,0.0,-0.0028984924,0.0016788162,-0.53323025
36721000,0.0,0.0,-15.0,0.0,0.0,-0.03675863,-0.027026413,0.043714523,-0.061675522,0.05591576,0.044290885,0.0,0.0,0.0,-0.003355049,0.0030417275,-0.5341228
36821000,0.0,0.0,-15.0,0.0,0.0,-0.04041079,-0.017367689,0.042984962,-0.070249125,0.06265412,0.085957125,0.0,0.0,0.0,-0.0038103543,0.003398397,-0.5315113
36921000,0.0,0.0,-15.0,0.0,0.0,-0.0403749,-0.0073369616,0.04179287,-0.050846726,0.07452923,0.08864285,0.0,0.0,0.0,-0.0027542552,0.004037084,-0.53119653
37021000,0.0,0.0,-15.0,0.0,0.0,-0.035167962,0.0036782653,0.035611153,-0.021372449,0.09898023,0.05309494,0.0,0.0,0.0,-0.0011614579,0.0053789513,-0.5330303
37121000,0.0,0.0,-15.0,0.0,0.0,-0.027122358,0.012970533,0.02965355,0.008493873,0.092132136,0.03990236,0.0,0.0,0.0,0.00046227872,0.005014288,-0.5336017
37221000,0.0,0.0,-15.0,0.0,0.0,-0.018679308,0.019523779,0.027075768,0.030201066,0.085951716,0.05547303,0.0,0.0,0.0,0.0016412765,0.0046710446,-0.53254366
37321000,0.0,0.0,-15.0,0.0,0.0,-0.009132163,0.02366944,0.025267601,0.04848493,0.07474386,0.06925507,0.0,0.0,0.0,0.0026258088,0.0040479195,-0.5316048
37421000,0.0,0.0,-15.0,0.0,0.0,0.0014254441,0.02615934,0.021260262,0.0685298,0.069493115,0.053701505,0.0,0.0,0.0,0.0037181296,0.003770395,-0.5323308
37521000,0.0,0.0,-15.0,0.0,0.0,0.011507974,0.029965077,0.015288353,0.08087063,0.07878609,0.038903423,0.0,0.0,0.0,0.0043975865,0.0042842333,-0.5329771
37622000,0.0,0.0,-15.0,0.0,0.0,0.020541249,0.036828686,0.008257866,0.0864209,0.092032276,0.015096992,0.0,0.0,0.0,0.0047072195,0.0050128633,-0.5341708
37723000,0.0,0.0,-15.0,0.0,0.0,0.024236534,0.04221458,0.005419731,0.06719491,0.08580363,0.03273637,0.0,0.0,0.0,0.003652421,0.0046639093,-0.53302854
37823000,0.0,0.0,-15.0,0.0,0.0,0.020934412,0.044510584,0.009181976,0.038046923,0.08273738,0.06737814,0.0,0.0,0.0,0.0020582243,0.004475844,-0.53099746
37924000,0.0,0.0,-15.0,0.0,0.0,0.01365147,0.045788772,0.017718315,0.0017697457,0.07441681,0.102091424,0.0,0.0,0.0,9.545225e-05,0.004013713,-0.5290918
38024000,0.0,0.0,-15.0,0.0,0.0,0.0061381455,0.04635145,0.026151657,-0.01768892,0.05882132,0.113501474,0.0,0.0,0.0,-0.00095453754,0.0031741427,-0.5284547
38121000,0.0,0.0,-15.0,0.0,0.0,-0.00223624,0.0458846,0.033525467,-0.033459105,0.059475396,0.12066708,0.0,0.0,0.0,-0.0018011408,0.0032016267,-0.528023
38222000,0.0,0.0,-15.0,0.0,0.0,-0.009875492,0.044498958,0.03866768,-0.04711199,0.043378536,0.10350033,0.0,0.0,0.0,-0.0025386696,0.002337489,-0.52897614
38323000,0.0,0.0,-15.0,0.0,0.0,-0.015966928,0.042355623,0.041419983,-0.053587366,0.03291946,0.088154815,0.0,0.0,0.0,-0.0028947985,0.0017783147,-0.5297538
38423000,0.0,0.0,-15.0,0.0,0.0,-0.020588785,0.039696712,0.04242134,-0.057544027,0.03437461,0.08480859,0.0,0.0,0.0,-0.0031056397,0.001855191,-0.5298642
38523000,0.0,0.0,-15.0,0.0,0.0,-0.024028437,0.036746107,0.04191017,-0.053446002,0.015926454,0.065018766,0.0,0.0,0.0,-0.0028919606,0.0008617796,-0.53091043
38621000,0.0,0.0,-15.0,0.0,0.0,-0.026435263,0.035137136,0.044769287,-0.046082526,0.02071098,0.0798141,0.0,0.0,0.0,-0.0024926683,0.001120286,-0.5300331
38721000,0.0,0.0,-15.0,0.0,0.0,-0.027608516,0.033845596,0.048669815,-0.038878743,0.021180041,0.089600414,0.0,0.0,0.0,-0.002105295,0.0011469052,-0.5294475
38823000,0.0,0.0,-15.0,0.0,0.0,-0.027869917,0.031813793,0.050153732,-0.036249008,0.010131846,0.06767695,0.0,0.0,0.0,-0.0019648697,0.0005491945,-0.53063977
38923000,0.0,0.0,-15.0,0.0,0.0,-0.027465278,0.029342819,0.04983902,-0.028603561,0.007445897,0.058557406,0.0,0.0,0.0,-0.0015470852,0.00040272743,-0.5311148
39024000,0.0,0.0,-15.0,0.0,0.0,-0.026348958,0.026453456,0.048745155,-0.017777061,-0.0035354865,0.061990187,0.0,0.0,0.0,-0.0009845907,-0.00019581456,-0.53083897
39122000,0.0,0.0,-15.0,0.0,0.0,-0.01985839,0.02430273,0.04732895,0.012924944,0.0019876242,0.059418254,0.0,0.0,0.0,0.0007016677,0.000107903885,-0.5308918
39223000,0.0,0.0,-15.0,0.0,0.0,-0.010951292,0.022250567,0.04501152,0.03514555,-0.006068007,0.029063791,0.0,0.0,0.0,0.0019004096,-0.00032811263,-0.53256434
39323000,0.0,0.0,-15.0,0.0,0.0,-0.003287716,0.019842668,0.04213524,0.04267212,-0.0010568746,0.027191333,0.0,0.0,0.0,0.0023108674,-5.723403e-05,-0.532625
39423000,0.0,0.0,-15.0,0.0,0.0,0.0032260183,0.017385567,0.03936577,0.04891172,-0.0038084341,0.030177966,0.0,0.0,0.0,0.0026494304,-0.00020629376,-0.53239363
39524000,0.0,0.0,-15.0,0.0,0.0,0.008599365,0.014842191,0.036474228,0.045526624,-0.008615561,0.024746671,0.0,0.0,0.0,0.0024776047,-0.00046886748,-0.5326415
39623000,0.0,0.0,-15.0,0.0,0.0,0.014634681,0.014233212,0.033020973,0.067832954,-0.0042680004,0.029990263,0.0,0.0,0.0,0.0036820655,-0.0002316729,-0.5322725
39723000,0.0,0.0,-15.0,0.0,0.0,0.020554943,0.014585194,0.02970314,0.05730702,0.0051186397,0.031124152,0.0,0.0,0.0,0.0031055454,0.00027738605,-0.53211623
39823000,0.0,0.0,-15.0,0.0,0.0,0.024811657,0.014569946,0.02679348,0.0546214,0.010875348,0.02787843,0.0,0.0,0.0,0.0029669052,0.00059072324,-0.53223175
39923000,0.0,0.0,-15.0,0.0,0.0,0.02779863,0.014275184,0.02454853,0.059422147,0.008267586,0.019162696,0.0,0.0,0.0,0.003233032,0.00044982167,-0.53266835
40023000,0.0,0.0,-15.0,0.0,0.0,0.029913208,0.01358295,0.02240944,0.053997748,0.00093929935,0.02264982,0.0,0.0,0.0,0.0029351932,5.1058152e-05,-0.532442
40121000,0.0,0.0,-15.0,0.0,0.0,0.035842083,0.01217164,0.02186966,0.06809922,0.011577906,0.016438011,0.0,0.0,0.0,0.0036987113,0.00062883727,-0.5327559
40221000,0.0,0.0,-15.0,0.0,0.0,0.048039563,0.010402724,0.022343636,0.10757365,0.0018738838,0.039546136,0.0,0.0,0.0,0.0058306437,0.000101567144,-0.53143114
40322000,0.0,0.0,-15.0,0.0,0.0,0.054171145,0.011054932,0.022220612,0.09358205,0.019976187,0.043367624,0.0,0.0,0.0,0.005066771,0.0010815618,-0.5311718
40424000,0.0,0.0,-15.0,0.0,0.0,0.052824352,0.013552881,0.020776749,0.07416475,0.022282152,0.040474925,0.0,0.0,0.0,0.004021531,0.0012082339,-0.5312838
40524000,0.0,0.0,-15.0,0.0,0.0,0.05091838,0.015341634,0.019714355,0.05985678,0.029062746,0.05010927,0.0,0.0,0.0,0.003238396,0.0015723645,-0.53068715
40622000,0.0,0.0,-15.0,0.0,0.0,0.048441608,0.01652834,0.018767357,0.03713017,0.033732895,0.02992791,0.0,0.0,0.0,0.0020203544,0.0018354994,-0.53180027
40722000,0.0,0.0,-15.0,0.0,0.0,0.040960018,0.019637182,0.020021439,0.00563382,0.035871424,0.04003796,0.0,0.0,0.0,0.00030516935,0.0019430617,-0.5312166
40823000,0.0,0.0,-15.0,0.0,0.0,0.026626524,0.02553469,0.026303291,-0.041481912,0.04768112,0.07099812,0.0,0.0,0.0,-0.0022417938,0.0025768157,-0.5295163
40921000,0.0,0.0,-15.0,0.0,0.0,0.011455058,0.031117482,0.033554077,-0.07497815,0.052289102,0.08939144,0.0,0.0,0.0,-0.004041298,0.0028183653,-0.52850497
41017000,0.0,0.0,-15.0,0.0,0.0,0.00037354403,0.03710933,0.03807354,-0.08024918,0.06935942,0.092843965,0.0,0.0,0.0,-0.004324777,0.0037379083,-0.5283021
41119000,0.0,0.0,-15.0,0.0,0.0,-0.005471569,0.041370127,0.04282856,-0.07181947,0.0692523,0.06462708,0.0,0.0,0.0,-0.0038803502,0.003741648,-0.5299
41219000,0.0,0.0,-15.0,0.0,0.0,-0.0069132103,0.04097606,0.050423622,-0.06889345,0.058332644,0.09920585,0.0,0.0,0.0,-0.0037099374,0.003141234,-0.5280041
41319000,0.0,0.0,-15.0,0.0,0.0,-0.0052725975,0.041709516,0.057165146,-0.045207508,0.06023611,0.10627106,0.0,0.0,0.0,-0.0024304697,0.0032384451,-0.52762306
41419000,0.0,0.0,-15.0,0.0,0.0,-0.0028921077,0.04421742,0.060023308,-0.03150046,0.05440735,0.078650296,0.0,0.0,0.0,-0.0017003289,0.0029367951,-0.52914816
41519000,0.0,0.0,-15.0,0.0,0.0,-0.0011909744,0.04674909,0.055768013,-0.02655357,0.054420356,0.02927002,0.0,0.0,0.0,-0.0014405387,0.0029523198,-0.5318651
41620000,0.0,0.0,-15.0,0.0,0.0,0.00018768387,0.050589263,0.04278946,-0.015697006,0.06801218,-0.017311651,0.0,0.0,0.0,-0.0008553546,0.0037060906,-0.5343522
41720000,0.0,0.0,-15.0,0.0,0.0,0.0011595592,0.0539106,0.028656006,-0.015396116,0.06406144,-0.05335925,0.0,0.0,0.0,-0.00084232434,0.0035048132,-0.5362614
41820000,0.0,0.0,-15.0,0.0,0.0,0.001552299,0.05531899,0.017362595,-0.014909852,0.061783664,-0.058813844,0.0,0.0,0.0,-0.00081526727,0.0033783163,-0.53648615
41920000,0.0,0.0,-15.0,0.0,0.0,0.0015646609,0.055035867,0.009023666,-0.01144581,0.053725336,-0.036099058,0.0,0.0,0.0,-0.00062319357,0.0029252,-0.5351597
42017000,0.0,0.0,-15.0,0.0,0.0,0.004579601,0.053595636,0.0072698593,-0.0006341073,0.0450044,-0.0018767342,0.0,0.0,0.0,-3.45091e-05,0.0024492093,-0.5332414
42120000,0.0,0.0,-15.0,0.0,0.0,0.012022797,0.049411304,0.009931564,0.026343234,0.025618628,0.039346185,0.0,0.0,0.0,0.001427615,0.0013883467,-0.5309524
42220000,0.0,0.0,-15.0,0.0,0.0,0.02011749,0.043287024,0.012476921,0.042149104,0.000993534,0.049232613,0.0,0.0,0.0,0.0022792863,5.372708e-05,-0.53039026
42320000,0.0,0.0,-15.0,0.0,0.0,0.026399799,0.03671007,0.013947487,0.057862677,-0.019938674,0.04089096,0.0,0.0,0.0,0.0031288294,-0.0010781512,-0.5308554
42417000,0.0,0.0,-15.0,0.0,0.0,0.031111784,0.030149633,0.014279366,0.06039072,-0.01837861,0.02968445,0.0,0.0,0.0,0.0032702507,-0.00099523,-0.5314816
42518000,0.0,0.0,-15.0,0.0,0.0,0.034874972,0.019587003,0.012341499,0.05987818,-0.043599475,0.018937115,0.0,0.0,0.0,0.003246774,-0.0023640941,-0.5320414
42629000,0.0,0.0,-15.0,0.0,0.0,0.037845187,0.002512029,0.007378578,0.047877807,-0.07734923,0.008534955,0.0,0.0,0.0,0.002600502,-0.004201254,-0.53256696
42718000,0.0,0.0,-15.0,0.0,0.0,0.036816582,-0.014590383,0.005197525,0.029895732,-0.10410139,0.0038824826,0.0,0.0,0.0,0.0016233609,-0.005652784,-0.5328075
42819000,0.0,0.0,-15.0,0.0,0.0,0.031577203,-0.03475335,0.00770092,0.006794774,-0.14094423,0.03892178,0.0,0.0,0.0,0.00036787795,-0.0076309047,-0.53087395
42920000,0.0,0.0,-15.0,0.0,0.0,0.023567125,-0.05255753,0.013840675,-0.009162333,-0.15502353,0.078787535,0.0,0.0,0.0,-0.00049380783,-0.008355059,-0.528682
43019000,0.0,0.0,-15.0,0.0,0.0,0.01435639,-0.065417945,0.020514488,-0.024573086,-0.14446408,0.08739632,0.0,0.0,0.0,-0.0013236697,-0.0077817957,-0.528218
43117000,0.0,0.0,-15.0,0.0,0.0,0.0054817265,-0.0729694,0.025846481,-0.040907297,-0.13230324,0.083526686,0.0,0.0,0.0,-0.0022039237,-0.007127976,-0.5284291
43229000,0.0,0.0,-15.0,0.0,0.0,-0.0029624864,-0.076844245,0.028432846,-0.048875116,-0.11380094,0.05362557,0.0,0.0,0.0,-0.0026420993,-0.0061518713,-0.5300989
43318000,0.0,0.0,-15.0,0.0,0.0,-0.008488692,-0.07788783,0.028435707,-0.05509573,-0.09726487,0.049839728,0.0,0.0,0.0,-0.0029794034,-0.0052597784,-0.53028256
43418000,0.0,0.0,-15.0,0.0,0.0,-0.013496533,-0.07735053,0.027377129,-0.056076914,-0.084697336,0.05185032,0.0,0.0,0.0,-0.0030298221,-0.0045761773,-0.5301319
43518000,0.0,0.0,-15.0,0.0,0.0,-0.017377771,-0.075386785,0.025108337,-0.05085647,-0.05677087,0.035089057,0.0,0.0,0.0,-0.0027492421,-0.0030689675,-0.53102946
43618000,0.0,0.0,-15.0,0.0,0.0,-0.01932654,-0.073206566,0.01895523,-0.04741286,-0.042945445,-6.534159e-05,0.0,0.0,0.0,-0.0025768497,-0.0023340492,-0.5329422
43719000,0.0,0.0,-15.0,0.0,0.0,-0.019275159,-0.07097958,0.008840561,-0.033332806,-0.037081823,-0.04347756,0.0,0.0,0.0,-0.0018200458,-0.0020247505,-0.5352835
43820000,0.0,0.0,-15.0,0.0,0.0,-0.019746695,-0.068370216,-0.0006093979,-0.035536513,-0.03204662,-0.050826628,0.0,0.0,0.0,-0.001937471,-0.0017471999,-0.5356443
43920000,0.0,0.0,-15.0,0.0,0.0,-0.018802794,-0.0627852,-0.010189056,-0.02380767,-0.011348056,-0.062034577,0.0,0.0,0.0,-0.0012945413,-0.00061705016,-0.5362185
44020000,0.0,0.0,-15.0,0.0,0.0,-0.014377626,-0.05199164,-0.018948555,0.004137871,0.024062242,-0.042708784,0.0,0.0,0.0,0.00022579615,0.001313033,-0.535114
44120000,0.0,0.0,-15.0,0.0,0.0,-0.008913635,-0.04004226,-0.027308464,0.020262975,0.04917474,-0.039986536,0.0,0.0,0.0,0.0011058453,0.0026836954,-0.53490865
44218000,0.0,0.0,-15.0,0.0,0.0,-0.0041218153,-0.030477537,-0.036985397,0.024430836,0.056211077,-0.059741702,0.0,0.0,0.0,0.0013338233,0.003068894,-0.5359439
44318000,0.0,0.0,-15.0,0.0,0.0,0.0001743314,-0.02264636,-0.04466629,0.033142917,0.05840242,-0.0535808,0.0,0.0,0.0,0.0018115401,0.0031921854,-0.53555095
44420000,0.0,0.0,-15.0,0.0,0.0,0.0025275112,-0.016134854,-0.050642967,0.02465289,0.058957584,-0.028897503,0.0,0.0,0.0,0.0013423791,0.0032103104,-0.5341345
44528000,0.0,0.0,-15.0,0.0,0.0,0.0030602415,-0.013983363,-0.05783844,0.024960577,0.04124186,-0.02099637,0.0,0.0,0.0,0.001355862,0.0022402639,-0.53362596
44629000,0.0,0.0,-15.0,0.0,0.0,0.004682211,-0.016996603,-0.06301308,0.03238117,0.021368697,-0.023726154,0.0,0.0,0.0,0.001753676,0.0011572704,-0.53372693
44717000,0.0,0.0,-15.0,0.0,0.0,0.006520974,-0.020441255,-0.06562805,0.035363495,0.0043355655,-0.022761643,0.0,0.0,0.0,0.0019180903,0.00023515793,-0.53364825
44818000,0.0,0.0,-15.0,0.0,0.0,0.008400206,-0.02295644,-0.06510162,0.030845674,-0.0036212564,0.0006630544,0.0,0.0,0.0,0.0016630968,-0.00019524619,-0.5323463
44920000,0.0,0.0,-15.0,0.0,0.0,0.010325619,-0.02687971,-0.059298515,0.036437366,-0.017329827,0.02808245,0.0,0.0,0.0,0.0019723382,-0.00093805575,-0.5308358
45020000,0.0,0.0,-15.0,0.0,0.0,0.012459083,-0.034032177,-0.047301292,0.031182744,-0.04207398,0.08170575,0.0,0.0,0.0,0.001674344,-0.0022591443,-0.52791274
45118000,0.0,0.0,-15.0,0.0,0.0,0.014269049,-0.041430254,-0.03421879,0.034189034,-0.055446994,0.1129969,0.0,0.0,0.0,0.0018342566,-0.0029747551,-0.52621096
45218000,0.0,0.0,-15.0,0.0,0.0,0.015543608,-0.046671685,-0.024066925,0.029957343,-0.06450625,0.10176422,0.0,0.0,0.0,0.0016071717,-0.0034606743,-0.52684134
45316000,0.0,0.0,-15.0,0.0,0.0,0.016172115,-0.050058816,-0.016840935,0.022812467,-0.05940001,0.079732515,0.0,0.0,0.0,0.0012298902,-0.003202437,-0.5280707
45417000,0.0,0.0,-15.0,0.0,0.0,0.016847739,-0.05217169,-0.015615463,0.022349542,-0.052276205,0.04481557,0.0,0.0,0.0,0.0012079767,-0.0028254918,-0.5299818
45519000,0.0,0.0,-15.0,0.0,0.0,0.017767666,-0.05308842,-0.019931793,0.01949581,-0.042483702,0.0044808127,0.0,0.0,0.0,0.001059118,-0.0023079447,-0.53216773
45618000,0.0,0.0,-15.0,0.0,0.0,0.018958004,-0.053509366,-0.02037716,0.024693772,-0.03505826,0.024012005,0.0,0.0,0.0,0.0013313881,-0.0018901994,-0.53104997
45719000,0.0,0.0,-15.0,0.0,0.0,0.020665126,-0.053944413,-0.017023087,0.027200956,-0.03996334,0.038116653,0.0,0.0,0.0,0.0014714383,-0.0021618207,-0.5302852
45819000,0.0,0.0,-15.0,0.0,0.0,0.02146496,-0.053117346,-0.013794899,0.013289027,-0.03321005,0.04909971,0.0,0.0,0.0,0.00072223705,-0.0018049122,-0.5296771
45916000,0.0,0.0,-15.0,0.0,0.0,0.021411091,-0.051262982,-0.0113630295,0.008672398,-0.024184356,0.035789672,0.0,0.0,0.0,0.00046670125,-0.0013014704,-0.5304067
46020000,0.0,0.0,-15.0,0.0,0.0,0.023327773,-0.048581105,-0.008769035,0.018414555,-0.02124732,0.023500562,0.0,0.0,0.0,0.000997565,-0.0011510232,-0.5310827
46120000,0.0,0.0,-15.0,0.0,0.0,0.031775646,-0.04667316,-0.006345749,0.038343444,-0.015423397,0.017769715,0.0,0.0,0.0,0.0020708018,-0.0008329663,-0.5313925
46220000,0.0,0.0,-15.0,0.0,0.0,0.04604273,-0.045221977,-0.0070257187,0.07245936,-0.008367793,0.0036790166,0.0,0.0,0.0,0.003927572,-0.0004535661,-0.53216517
46317000,0.0,0.0,-15.0,0.0,0.0,0.062131483,-0.04340796,-0.011118889,0.10545902,0.0052903485,-0.009254789,0.0,0.0,0.0,0.005728789,0.0002873845,-0.53284574
46418000,0.0,0.0,-15.0,0.0,0.0,0.07691522,-0.04055835,-0.019276619,0.12616868,0.01677643,-0.048894245,0.0,0.0,0.0,0.006880851,0.0009149346,-0.534993
46518000,0.0,0.0,-15.0,0.0,0.0,0.08970307,-0.036309805,-0.02799797,0.14181858,0.026779026,-0.0551521,0.0,0.0,0.0,0.0077398224,0.0014614792,-0.53529155
46620000,0.0,0.0,-15.0,0.0,0.0,0.09958072,-0.029799746,-0.033535004,0.13726754,0.04775731,-0.040458664,0.0,0.0,0.0,0.007478465,0.0026018634,-0.53444886
46720000,0.0,0.0,-15.0,0.0,0.0,0.10546681,-0.022195157,-0.03717804,0.13161466,0.062610514,-0.03148486,0.0,0.0,0.0,0.0071627423,0.0034073938,-0.53392917
46817000,0.0,0.0,-15.0,0.0,0.0,0.10755097,-0.014931675,-0.040940285,0.11589578,0.06605807,-0.027263546,0.0,0.0,0.0,0.006306913,0.0035948032,-0.5336706
46918000,0.0,0.0,-15.0,0.0,0.0,0.107740305,-0.008324586,-0.043512344,0.102297604,0.06316323,-0.02943555,0.0,0.0,0.0,0.00557105,0.0034398218,-0.5337799
47018000,0.0,0.0,-15.0,0.0,0.0,0.10756963,-0.0025907597,-0.04366398,0.07652818,0.060003012,-0.00011362595,0.0,0.0,0.0,0.0041531953,0.0032563724,-0.5321547
47117000,0.0,0.0,-15.0,0.0,0.0,0.106244706,0.0030180032,-0.039180756,0.07460473,0.06746759,0.01874423,0.0,0.0,0.0,0.004041832,0.003655166,-0.5311304
47217000,0.0,0.0,-15.0,0.0,0.0,0.10349013,0.009078681,-0.027963638,0.066719465,0.065331675,0.06587104,0.0,0.0,0.0,0.0035947964,0.003520023,-0.52856237
47329000,0.0,0.0,-15.0,0.0,0.0,0.10115031,0.015325211,-0.0122766495,0.061587397,0.07045515,0.09502005,0.0,0.0,0.0,0.0033101954,0.003786819,-0.52701294
47417000,0.0,0.0,-15.0,0.0,0.0,0.10145452,0.019566404,-0.0007972717,0.064529344,0.06928742,0.09664028,0.0,0.0,0.0,0.003465423,0.003720946,-0.5269545
47517000,0.0,0.0,-15.0,0.0,0.0,0.10221891,0.02483593,0.0070819855,0.06325938,0.07417805,0.0670213,0.0,0.0,0.0,0.0034100544,0.003998635,-0.5286208
47629000,0.0,0.0,-15.0,0.0,0.0,0.102154024,0.03290464,0.0070228577,0.056988437,0.07771189,0.041403834,0.0,0.0,0.0,0.0030781114,0.0041974457,-0.5300124
47718000,0.0,0.0,-15.0,0.0,0.0,0.099972755,0.040709376,0.0030698776,0.039690226,0.09269592,0.006009644,0.0,0.0,0.0,0.0021542846,0.005031299,-0.531931
47818000,0.0,0.0,-15.0,0.0,0.0,0.09289378,0.048903722,-0.0024900436,0.013028704,0.09569795,-0.008814789,0.0,0.0,0.0,0.0007079254,0.0051998273,-0.5327137
47918000,0.0,0.0,-15.0,0.0,0.0,0.08203164,0.054567173,-0.007247925,-0.008566445,0.09429659,-0.012281702,0.0,0.0,0.0,-0.0004651988,0.0051207542,-0.5328721
48018000,0.0,0.0,-15.0,0.0,0.0,0.07028575,0.057452615,-0.010398865,-0.028414734,0.08011538,-0.013544369,0.0,0.0,0.0,-0.0015438254,0.004352818,-0.5329201
48128000,0.0,0.0,-15.0,0.0,0.0,0.057457395,0.05772784,-0.012001038,-0.04689344,0.06682733,0.012351783,0.0,0.0,0.0,-0.0025406738,0.0036206862,-0.53147
48218000,0.0,0.0,-15.0,0.0,0.0,0.047397394,0.056947194,-0.0120821,-0.06002006,0.061447233,0.00954374,0.0,0.0,0.0,-0.00324982,0.0033270952,-0.5316211
48318000,0.0,0.0,-15.0,0.0,0.0,0.036605794,0.055238225,-0.01187706,-0.07652711,0.050825827,0.00036976114,0.0,0.0,0.0,-0.004152232,0.0027577234,-0.5321335
48419000,0.0,0.0,-15.0,0.0,0.0,0.026238676,0.052710596,-0.011330605,-0.0802301,0.039402273,-0.0037614983,0.0,0.0,0.0,-0.0043527326,0.0021376957,-0.532364
48519000,0.0,0.0,-15.0,0.0,0.0,0.016625836,0.049512926,-0.010439873,-0.082748614,0.023693088,0.008773522,0.0,0.0,0.0,-0.004485515,0.0012843198,-0.5316657
48620000,0.0,0.0,-15.0,0.0,0.0,0.007826605,0.045539167,-0.00942421,-0.085971475,0.01962636,0.012019852,0.0,0.0,0.0,-0.004661924,0.001064267,-0.5314885
48720000,0.0,0.0,-15.0,0.0,0.0,2.136933e-05,0.04128593,-0.008248329,-0.08290286,0.010232875,0.01884127,0.0,0.0,0.0,-0.0044877054,0.000553927,-0.5311156
48817000,0.0,0.0,-15.0,0.0,0.0,-0.006687908,0.037020624,-0.0068855286,-0.0831598,0.0041233455,0.021357499,0.0,0.0,0.0,-0.0045075263,0.00022349849,-0.53096807
48917000,0.0,0.0,-15.0,0.0,0.0,-0.0127226785,0.032598358,-0.0054244995,-0.087128416,-0.002854689,0.032925688,0.0,0.0,0.0,-0.0047087665,-0.00015427876,-0.5303264
49017000,0.0,0.0,-15.0,0.0,0.0,-0.018040478,0.02818144,-0.0037698746,-0.084024474,-0.013239706,0.041040502,0.0,0.0,0.0,-0.0045395973,-0.00071530265,-0.52985966
49129000,0.0,0.0,-15.0,0.0,0.0,-0.021863585,0.024090987,-0.0026311874,-0.063945994,-0.010799883,0.016525913,0.0,0.0,0.0,-0.0034646099,-0.0005851403,-0.5312101
49229000,0.0,0.0,-15.0,0.0,0.0,-0.022823462,0.021634972,-0.002696991,-0.049235415,-0.007395002,0.0070521464,0.0,0.0,0.0,-0.002674459,-0.00040169526,-0.5317299
49319000,0.0,0.0,-15.0,0.0,0.0,-0.023446912,0.019285047,-0.0024528503,-0.048933286,-0.018154945,0.016074989,0.0,0.0,0.0,-0.0026529238,-0.0009842726,-0.5312284
49419000,0.0,0.0,-15.0,0.0,0.0,-0.02413766,0.016492346,-0.001958847,-0.049746636,-0.017688688,0.0056924876,0.0,0.0,0.0,-0.0026968643,-0.000958939,-0.5318009
49529000,0.0,0.0,-15.0,0.0,0.0,-0.024732398,0.013402896,-0.0010957718,-0.038044885,-0.0165598,0.021914471,0.0,0.0,0.0,-0.0020584725,-0.00089599146,-0.5309045
49617000,0.0,0.0,-15.0,0.0,0.0,-0.02903266,0.013868243,-0.0040359497,-0.05148844,-0.0037549175,-0.020424366,0.0,0.0,0.0,-0.0027967924,-0.00020396274,-0.5332225
49717000,0.0,0.0,-15.0,0.0,0.0,-0.037660223,0.017421704,-0.010715485,-0.07509116,0.0131155765,-0.047978975,0.0,0.0,0.0,-0.0040992177,0.00071597775,-0.53472394
49817000,0.0,0.0,-15.0,0.0,0.0,-0.044260766,0.019863302,-0.014582634,-0.08548965,0.020878542,-0.031904925,0.0,0.0,0.0,-0.0046554566,0.0011369698,-0.5338275
49918000,0.0,0.0,-15.0,0.0,0.0,-0.048958376,0.02137147,-0.015830994,-0.075380065,0.02417316,-0.0026720804,0.0,0.0,0.0,-0.0040923925,0.0013123637,-0.5321987
50019000,0.0,0.0,-15.0,0.0,0.0,-0.05203708,0.02218546,-0.015403748,-0.07280574,0.028977018,0.012906071,0.0,0.0,0.0,-0.0039425483,0.0015691523,-0.5313313
50116000,0.0,0.0,-15.0,0.0,0.0,-0.0542086,0.02051064,-0.013598442,-0.06906762,0.014400009,0.020406531,0.0,0.0,0.0,-0.0037385095,0.0007794473,-0.530921
50220000,0.0,0.0,-15.0,0.0,0.0,-0.05542572,0.01586264,-0.01089859,-0.06466989,0.0016192133,0.029804226,0.0,0.0,0.0,-0.0034976793,8.7575354e-05,-0.53040487
50320000,0.0,0.0,-15.0,0.0,0.0,-0.055576883,0.01172442,-0.007862091,-0.056280836,-0.0059557687,0.034685027,0.0,0.0,0.0,-0.0030349784,-0.00032116848,-0.5301405
50420000,0.0,0.0,-15.0,0.0,0.0,-0.054555666,0.00801713,-0.0046749115,-0.044929646,-0.016298622,0.04037932,0.0,0.0,0.0,-0.0024259347,-0.00088002894,-0.52983296
50520000,0.0,0.0,-15.0,0.0,0.0,-0.052748594,0.00451812,-0.0018644333,-0.044056445,-0.02532717,0.036459118,0.0,0.0,0.0,-0.0023852105,-0.0013712099,-0.5300519
50619000,0.0,0.0,-15.0,0.0,0.0,-0.05301821,0.002852262,0.0023670197,-0.04074651,-0.015894853,0.043925762,0.0,0.0,0.0,-0.0022016081,-0.0008588279,-0.5296415
50729000,0.0,0.0,-15.0,0.0,0.0,-0.05692633,0.0073195864,0.008270264,-0.051259447,0.0029616961,0.0473273,0.0,0.0,0.0,-0.00277377,0.00016026438,-0.5294545
50817000,0.0,0.0,-15.0,0.0,0.0,-0.05990845,0.018519944,0.01139164,-0.06399486,0.04413712,0.041253123,0.0,0.0,0.0,-0.0034568377,0.002384174,-0.52979153
50918000,0.0,0.0,-15.0,0.0,0.0,-0.06085381,0.03650892,0.0133571625,-0.04838306,0.08783851,0.020362338,0.0,0.0,0.0,-0.0026208565,0.004758114,-0.5309511
51019000,0.0,0.0,-15.0,0.0,0.0,-0.05871783,0.0522885,0.014790535,-0.041526463,0.108945474,0.014459172,0.0,0.0,0.0,-0.0022500928,0.0059031625,-0.53127795
51120000,0.0,0.0,-15.0,0.0,0.0,-0.055335402,0.0611299,0.016032219,-0.03183417,0.10960841,0.019636141,0.0,0.0,0.0,-0.0017250103,0.005939393,-0.5309811
51217000,0.0,0.0,-15.0,0.0,0.0,-0.05157832,0.0667566,0.016780853,-0.019623127,0.09806701,0.011139443,0.0,0.0,0.0,-0.0010638018,0.005316373,-0.5314486
51317000,0.0,0.0,-15.0,0.0,0.0,-0.048773464,0.07185931,0.015107155,-0.01582136,0.10977665,0.0012485832,0.0,0.0,0.0,-0.000857912,0.00595263,-0.5319857
51417000,0.0,0.0,-15.0,0.0,0.0,-0.04946402,0.07966456,0.008865356,-0.02379375,0.117964156,-0.014417021,0.0,0.0,0.0,-0.0012927455,0.006409146,-0.5328174
51517000,0.0,0.0,-15.0,0.0,0.0,-0.051031765,0.0855445,0.0032720566,-0.031874046,0.11892798,-0.014270301,0.0,0.0,0.0,-0.0017315123,0.006460593,-0.53276896
51619000,0.0,0.0,-15.0,0.0,0.0,-0.05106552,0.08717201,0.0018386841,-0.020586334,0.10114327,0.001409675,0.0,0.0,0.0,-0.0011158396,0.005482262,-0.53189653
51719000,0.0,0.0,-15.0,0.0,0.0,-0.049464207,0.08164502,0.004142761,-0.018275548,0.07303273,0.0139198825,0.0,0.0,0.0,-0.0009896003,0.00395464,-0.5312117
51819000,0.0,0.0,-15.0,0.0,0.0,-0.04822746,0.07277209,0.008968353,-0.01083363,0.03946252,0.042609647,0.0,0.0,0.0,-0.000586957,0.002138046,-0.5296375
51927000,0.0,0.0,-15.0,0.0,0.0,-0.046394583,0.062268753,0.0124464035,-0.007153614,0.0057436433,0.05069346,0.0,0.0,0.0,-0.00034898653,0.0002802016,-0.52919364
52019000,0.0,0.0,-15.0,0.0,0.0,-0.041245937,0.05370217,0.010965347,0.010663342,-0.011383717,0.010900724,0.0,0.0,0.0,0.0005747648,-0.0006135938,-0.53137255
52116000,0.0,0.0,-15.0,0.0,0.0,-0.029755024,0.04686114,0.004930496,0.040239654,-0.020687046,-0.017494211,0.0,0.0,0.0,0.00218323,-0.0011223897,-0.5329115
52228000,0.0,0.0,-15.0,0.0,0.0,-0.0130714355,0.04092226,-0.0041303635,0.07454354,-0.019697806,-0.04554559,0.0,0.0,0.0,0.00406421,-0.0010739499,-0.5344215
52317000,0.0,0.0,-15.0,0.0,0.0,-0.00021411011,0.03643366,-0.0098629,0.09893904,-0.023909992,-0.06308412,0.0,0.0,0.0,0.00540238,-0.0013055602,-0.5353694
52418000,0.0,0.0,-15.0,0.0,0.0,0.012535914,0.030125108,-0.011954308,0.110601105,-0.03029199,-0.03285146,0.0,0.0,0.0,0.006021952,-0.0016493225,-0.5336983
52518000,0.0,0.0,-15.0,0.0,0.0,0.024297474,0.021477224,-0.0087480545,0.10994336,-0.039261587,0.0035594495,0.0,0.0,0.0,0.0059592905,-0.0021281068,-0.5317058
52617000,0.0,0.0,-15.0,0.0,0.0,0.0344885,0.011558938,-0.0052452087,0.10506447,-0.05948518,0.009927755,0.0,0.0,0.0,0.005692134,-0.0032227605,-0.53137517
52717000,0.0,0.0,-15.0,0.0,0.0,0.04282805,0.0015514846,-0.0031290054,0.11333167,-0.070302166,0.009845019,0.0,0.0,0.0,0.006142536,-0.0038103524,-0.5313861
52818000,0.0,0.0,-15.0,0.0,0.0,0.04932307,-0.0062840017,-0.0024194717,0.10982443,-0.075517446,-0.00077277096,0.0,0.0,0.0,0.005958781,-0.0040973756,-0.53196293
52918000,0.0,0.0,-15.0,0.0,0.0,0.054543454,-0.010446545,-0.0034980774,0.10390173,-0.07470807,-0.011213298,0.0,0.0,0.0,0.005643537,-0.0040578507,-0.5325312
53018000,0.0,0.0,-15.0,0.0,0.0,0.057002053,-0.012762204,-0.00077438354,0.08544791,-0.06866741,0.022333322,0.0,0.0,0.0,0.0046216175,-0.0037140113,-0.53068143
53117000,0.0,0.0,-15.0,0.0,0.0,0.055888634,-0.016806081,0.004606247,0.06490475,-0.068303265,0.051886406,0.0,0.0,0.0,0.0035030148,-0.0036864385,-0.5290555
53217000,0.0,0.0,-15.0,0.0,0.0,0.052903958,-0.021480568,0.009968758,0.048628695,-0.06555081,0.058441304,0.0,0.0,0.0,0.002621606,-0.003533889,-0.52870286
53318000,0.0,0.0,-15.0,0.0,0.0,0.04809735,-0.025127627,0.01349926,0.022921933,-0.059402473,0.058992844,0.0,0.0,0.0,0.0012363913,-0.0032041236,-0.5286725
53418000,0.0,0.0,-15.0,0.0,0.0,0.03960885,-0.025941389,0.014075279,-0.0010556635,-0.043300845,0.036202226,0.0,0.0,0.0,-5.6932004e-05,-0.0023352175,-0.52991277
53518000,0.0,0.0,-15.0,0.0,0.0,0.029413482,-0.021110777,0.014173508,-0.028265998,-0.015644971,0.015447118,0.0,0.0,0.0,-0.0015303358,-0.00084702676,-0.5310548
53628000,0.0,0.0,-15.0,0.0,0.0,0.01771608,-0.0129806055,0.016854286,-0.046873905,0.029308982,0.0071825935,0.0,0.0,0.0,-0.0025425586,0.001589793,-0.5315123
53720000,0.0,0.0,-15.0,0.0,0.0,0.0073099607,-0.008617163,0.018793106,-0.06597652,0.029800113,0.0152219655,0.0,0.0,0.0,-0.0035724274,0.0016135852,-0.53107625
53820000,0.0,0.0,-15.0,0.0,0.0,-0.003811007,-0.006921414,0.018149376,-0.07968342,0.022955395,0.016047953,0.0,0.0,0.0,-0.0043083956,0.0012411731,-0.5310199
53920000,0.0,0.0,-15.0,0.0,0.0,-0.012004707,-0.006306538,0.015803337,-0.06697033,0.017553372,-0.020241737,0.0,0.0,0.0,-0.0036396508,0.0009539767,-0.53301114
54020000,0.0,0.0,-15.0,0.0,0.0,-0.016904516,-0.006557408,0.01318264,-0.060412575,0.0051842155,-0.015792903,0.0,0.0,0.0,-0.0032836187,0.0002817789,-0.5327607
54119000,0.0,0.0,-15.0,0.0,0.0,-0.019560339,-0.008129462,0.011098862,-0.05997166,-0.0034814826,-0.0026875846,0.0,0.0,0.0,-0.0032547861,-0.00018894726,-0.5320305
54219000,0.0,0.0,-15.0,0.0,0.0,-0.021794708,-0.007846802,0.009342194,-0.06026195,0.013982229,0.00013812073,0.0,0.0,0.0,-0.0032741737,0.0007596874,-0.5318683
54316000,0.0,0.0,-15.0,0.0,0.0,-0.024964886,-0.0032599904,0.008729935,-0.062027365,0.02436493,0.00778275,0.0,0.0,0.0,-0.0033554141,0.0013180381,-0.5314338
54428000,0.0,0.0,-15.0,0.0,0.0,-0.028135074,0.0029050205,0.011786461,-0.053171463,0.028404908,0.013473601,0.0,0.0,0.0,-0.0028753888,0.0015360714,-0.53113914
54522000,0.0,0.0,-15.0,0.0,0.0,-0.028361635,0.003753796,0.013641357,-0.055814166,0.016585847,0.021290405,0.0,0.0,0.0,-0.0030219282,0.0008980021,-0.5307046
54620000,0.0,0.0,-15.0,0.0,0.0,-0.029541805,0.0073909825,0.018994331,-0.057246037,0.01928169,0.01885312,0.0,0.0,0.0,-0.003097617,0.0010433437,-0.53086984
54716000,0.0,0.0,-15.0,0.0,0.0,-0.030405257,0.009331002,0.024356842,-0.046990104,0.017616088,0.03912541,0.0,0.0,0.0,-0.0025461833,0.00095453684,-0.52977306
54816000,0.0,0.0,-15.0,0.0,0.0,-0.030470584,0.010263189,0.027780533,-0.029818628,0.008465317,0.0435215,0.0,0.0,0.0,-0.001602377,0.0004549045,-0.5295422
54925000,0.0,0.0,-15.0,0.0,0.0,-0.029687868,0.010321142,0.029885292,-0.026219532,0.0011796234,0.033082277,0.0,0.0,0.0,-0.0014163357,6.37213e-05,-0.5301191
55025000,0.0,0.0,-15.0,0.0,0.0,-0.027605575,0.010707444,0.030006409,-0.01982308,0.008962597,0.023489084,0.0,0.0,0.0,-0.0010689452,0.00048330156,-0.5306362
55125000,0.0,0.0,-15.0,0.0,0.0,-0.023149386,0.014209278,0.02939701,0.0017996235,0.017235016,0.010215832,0.0,0.0,0.0,9.715161e-05,0.00093042216,-0.5313645
55218000,0.0,0.0,-15.0,0.0,0.0,-0.018226888,0.019167457,0.030874252,0.010421585,0.03009702,0.023451164,0.0,0.0,0.0,0.00056236616,0.0016240856,-0.5306406
55318000,0.0,0.0,-15.0,0.0,0.0,-0.013339498,0.023007087,0.032050133,0.014780049,0.0358857,0.028987348,0.0,0.0,0.0,0.00079507224,0.0019304213,-0.53033173
55418000,0.0,0.0,-15.0,0.0,0.0,-0.009011471,0.025456846,0.032279015,0.024434203,0.03135182,0.014059583,0.0,0.0,0.0,0.0013195026,0.0016930694,-0.531151
55515000,0.0,0.0,-15.0,0.0,0.0,-0.0052157347,0.026696593,0.032063484,0.02689437,0.029940292,0.020755868,0.0,0.0,0.0,0.0014490247,0.0016131338,-0.53077894
55618000,0.0,0.0,-15.0,0.0,0.0,-0.0030750183,0.0264145,0.030927658,0.02381688,0.023873419,-0.003416624,0.0,0.0,0.0,0.001291048,0.0012941128,-0.53210616
55718000,0.0,0.0,-15.0,0.0,0.0,-0.0057738037,0.023767432,0.02850914,0.004508354,0.010351684,0.00404888,0.0,0.0,0.0,0.00024310479,0.00055819575,-0.53167886
55818000,0.0,0.0,-15.0,0.0,0.0,-0.00774993,0.020925619,0.026734352,-0.0005050157,0.005135052,-9.961799e-05,0.0,0.0,0.0,-1.797447e-05,0.00018276626,-0.5319014
55918000,0.0,0.0,-15.0,0.0,0.0,-0.009135343,0.017988242,0.0251503,-0.00291142,0.0003529365,0.0071020275,0.0,0.0,0.0,-0.0,-0.0,-0.53149474
56015000,0.0,0.0,-15.0,0.0,0.0,-0.009887378,0.015170078,0.02379322,-0.004124174,-0.0041644466,0.0056810575,0.0,0.0,0.0,-0.00025829126,-0.00026081345,-0.5315694
56115000,0.0,0.0,-15.0,0.0,0.0,-0.010551529,0.013073593,0.021932602,-0.0048096976,-0.0019882414,0.00846298,0.0,0.0,0.0,-0.0003391162,-0.00014018446,-0.53139865
56215000,0.0,0.0,-15.0,0.0,0.0,-0.01190778,0.013465556,0.01720047,-0.009029494,-0.0009560005,-0.015263044,0.0,0.0,0.0,-0.00044800463,-4.7432633e-05,-0.53268725
56316000,0.0,0.0,-15.0,0.0,0.0,-0.012593959,0.013207529,0.013221741,-0.013275872,0.00091130915,-0.025163323,0.0,0.0,0.0,-0.00071135233,4.8830076e-05,-0.53321767
56425000,0.0,0.0,-15.0,0.0,0.0,-0.01287829,0.012496055,0.010429382,-0.009154478,-0.0011075458,-0.01190887,0.0,0.0,0.0,-0.00044707183,-5.4088556e-05,-0.5324783
56525000,0.0,0.0,-15.0,0.0,0.0,-0.012685599,0.011552362,0.009365082,-0.008292447,-0.00010745635,0.001771763,0.0,0.0,0.0,-0.00044965217,-5.8267456e-06,-0.5317192
56625000,0.0,0.0,-15.0,0.0,0.0,-0.012284229,0.010302567,0.008700371,-0.011049466,-0.007580947,-0.009744937,0.0,0.0,0.0,-0.000606254,-0.00041594575,-0.5323589
56725000,0.0,0.0,-15.0,0.0,0.0,-0.011676575,0.008808022,0.008637428,-0.004860648,-0.00959843,0.0019994099,0.0,0.0,0.0,-0.00026227138,-0.0005179132,-0.5317076
56825000,0.0,0.0,-15.0,0.0,0.0,-0.010845029,0.0071593495,0.008905411,-0.0059214425,-0.009447222,0.015343668,0.0,0.0,0.0,-0.00032291326,-0.0005151841,-0.5309649
56925000,0.0,0.0,-15.0,0.0,0.0,-0.009861947,0.005389385,0.00924778,-0.004930543,-0.013880875,0.0038434607,0.0,0.0,0.0,-0.00026778592,-0.0007538932,-0.5315934
57018000,0.0,0.0,-15.0,0.0,0.0,-0.008925369,0.0037555296,0.009514809,-0.004144899,-0.019292004,0.009189164,0.0,0.0,0.0,-0.00022468332,-0.0010457654,-0.5312981
57118000,0.0,0.0,-15.0,0.0,0.0,-0.007814749,0.0020220242,0.009760857,-0.0034790277,-0.019555168,0.0066283727,0.0,0.0,0.0,-0.00018740431,-0.0010533754,-0.5314403
57218000,0.0,0.0,-15.0,0.0,0.0,-0.006829197,0.00032467535,0.01011467,0.005616368,-0.017772121,0.011479796,0.0,0.0,0.0,0.00030769213,-0.00097364385,-0.53117085
57315000,0.0,0.0,-15.0,0.0,0.0,-0.010330905,-0.0035886168,0.008853912,-0.027692154,-0.027996661,0.0016122735,0.0,0.0,0.0,-0.001500005,-0.0015164994,-0.5317052
57415000,0.0,0.0,-15.0,0.0,0.0,-0.029322628,-0.014134906,0.0010738373,-0.086639404,-0.05504292,-0.033655196,0.0,0.0,0.0,-0.0047118645,-0.0029934966,-0.5336091
57524000,0.0,0.0,-15.0,0.0,0.0,-0.04961468,-0.013418661,0.016708374,-0.11970317,-0.04095541,0.017508263,0.0,0.0,0.0,-0.006479433,-0.0022168823,-0.530824
57624000,0.0,0.0,-15.0,0.0,0.0,-0.057256583,-0.014941724,0.0030269623,-0.11110269,-0.03309859,-0.07485091,0.0,0.0,0.0,-0.00607313,-0.0018092454,-0.53585815
57724000,0.0,0.0,-15.0,0.0,0.0,-0.058388986,-0.01699745,-0.008399963,-0.09233621,-0.02953089,-0.09146258,0.0,0.0,0.0,-0.0050516305,-0.0016156082,-0.53674185
57824000,0.0,0.0,-15.0,0.0,0.0,-0.05604838,-0.016956387,-0.013640404,-0.07609429,-0.01227546,-0.059738144,0.0,0.0,0.0,-0.004154366,-0.0006701785,-0.5349764
57924000,0.0,0.0,-15.0,0.0,0.0,-0.05153266,-0.017150007,-0.015155792,-0.051453922,-0.008091291,-0.013587237,0.0,0.0,0.0,-0.0027957517,-0.00043964072,-0.5324382
58024000,0.0,0.0,-15.0,0.0,0.0,-0.0469917,-0.01691799,-0.015723228,-0.04296024,-0.0016141534,-0.02371702,0.0,0.0,0.0,-0.0023406341,-8.79451e-05,-0.53299624
58125000,0.0,0.0,-15.0,0.0,0.0,-0.047391113,-0.017319622,-0.01781845,-0.040905107,-0.01201633,-0.023299169,0.0,0.0,0.0,-0.0022192793,-0.00065193797,-0.5329658
58221000,0.0,0.0,-15.0,0.0,0.0,-0.04927049,-0.02096968,-0.020484924,-0.045542516,-0.03492443,-0.02742432,0.0,0.0,0.0,-0.0024748358,-0.0018978361,-0.53318614
58322000,0.0,0.0,-15.0,0.0,0.0,-0.047322486,-0.02872233,-0.023635864,-0.030116575,-0.05128609,-0.02629256,0.0,0.0,0.0,-0.0016357853,-0.00278561,-0.5331121
58423000,0.0,0.0,-15.0,0.0,0.0,-0.04212024,-0.037213348,-0.026429176,-0.011663048,-0.063669614,-0.038053446,0.0,0.0,0.0,-0.0006344001,-0.0034632466,-0.5337547
58523000,0.0,0.0,-15.0,0.0,0.0,-0.03677598,-0.04325728,-0.026206017,0.002361219,-0.071743734,-0.016586192,0.0,0.0,0.0,0.00012817091,-0.00389437,-0.5325806
58622000,0.0,0.0,-15.0,0.0,0.0,-0.031455595,-0.047341965,-0.023932457,0.010408809,-0.06673933,-0.008836253,0.0,0.0,0.0,0.0005655788,-0.003626385,-0.5321614
58723000,0.0,0.0,-15.0,0.0,0.0,-0.026118116,-0.04892411,-0.020699501,0.009205885,-0.0609174,0.0059147626,0.0,0.0,0.0,0.0004987507,-0.003300345,-0.53135794
58823000,0.0,0.0,-15.0,0.0,0.0,-0.02077597,-0.04635202,-0.018631935,0.015621366,-0.045610875,-0.0042558666,0.0,0.0,0.0,0.00084577315,-0.0024694672,-0.531929
58923000,0.0,0.0,-15.0,0.0,0.0,-0.015860315,-0.043349445,-0.01548481,0.02533624,-0.020573713,0.0057633705,0.0,0.0,0.0,0.00137354,-0.0011153517,-0.53139436
59024000,0.0,0.0,-15.0,0.0,0.0,-0.011468696,-0.03854111,-0.012032509,0.030109346,-0.008759999,0.028853694,0.0,0.0,0.0,0.001629847,-0.00047418693,-0.530133
59121000,0.0,0.0,-15.0,0.0,0.0,-0.008211787,-0.028574133,-0.012024879,0.022977887,0.021834893,0.0012585698,0.0,0.0,0.0,0.0012482683,0.0011861755,-0.5316525
59223000,0.0,0.0,-15.0,0.0,0.0,-0.0058662044,-0.017195415,-0.013468742,0.023753356,0.043835916,-0.0056235213,0.0,0.0,0.0,0.001289186,0.0023791434,-0.53202903
59321000,0.0,0.0,-15.0,0.0,0.0,-0.0035528736,-0.007940109,-0.01245594,0.022555504,0.04986899,0.0012058765,0.0,0.0,0.0,0.0012221327,0.0027020688,-0.5316578
59421000,0.0,0.0,-15.0,0.0,0.0,-0.001272366,-0.00017553513,-0.00936985,0.023908937,0.06038169,0.0061888886,0.0,0.0,0.0,0.0012975425,0.0032769253,-0.5313955
59522000,0.0,0.0,-15.0,0.0,0.0,0.0008780336,0.0063107945,-0.0048666,0.01960998,0.062004082,0.018648237,0.0,0.0,0.0,0.0010614338,0.0033561087,-0.53071594
59623000,0.0,0.0,-15.0,0.0,0.0,0.0028188638,0.011613428,0.00018310547,0.018916037,0.07399579,0.021628575,0.0,0.0,0.0,0.0010236311,0.004004242,-0.5305699
59724000,0.0,0.0,-15.0,0.0,0.0,0.004522024,0.015879164,0.005302429,0.02246358,0.060239818,0.030819163,0.0,0.0,0.0,0.0012149944,0.003258209,-0.5300732
59824000,0.0,0.0,-15.0,0.0,0.0,0.00599259,0.019007362,0.010893822,0.020888396,0.05504275,0.055397782,0.0,0.0,0.0,0.0011256029,0.002966062,-0.52872735
59924000,0.0,0.0,-15.0,0.0,0.0,0.007111082,0.021236727,0.016586304,0.011778887,0.054320112,0.048134737,0.0,0.0,0.0,0.00063616683,0.0029337795,-0.5291306
60024000,nan,nan,nan,0.0017613454,0.0,nan,nan,nan,0.0,0.0,100.0,0.0,0.0,0.0,-0.0,-0.0,-0.001
60127000,nan,nan,nan,0.0019020202,0.0,nan,nan,nan,0.0,0.0,100.0,0.0,0.0,0.0,-0.0,-0.0,-0.001
60223000,nan,nan,nan,0.002730358,0.0,nan,nan,nan,0.0,0.0,100.0,0.0,0.0,0.0,-0.0,-0.0,-0.001
60324000,nan,nan,nan,0.0041859397,0.0,nan,nan,nan,0.0,0.0,100.0,0.0,0.0,0.0,-0.0,-0.0,-0.001
60422000,nan,nan,nan,0.0060519334,0.0,nan,nan,nan,0.0,0.0,100.0,0.0,0.0,0.0,-0.0,-0.0,-0.001
60523000,nan,nan,nan,0.007105604,0.0,nan,nan,nan,0.0,0.0,100.0,0.0,0.0,0.0,-0.0,-0.0,-0.001
60625000,nan,nan,nan,0.007062647,0.0,nan,nan,nan,0.0,0.0,100.0,0.0,0.0,0.0,-0.0,-0.0,-0.001
60721000,nan,nan,nan,0.0071845516,0.0,nan,nan,nan,0.0,0.0,100.0,0.0,0.0,0.0,-0.0,-0.0,-0.001
60821000,nan,nan,nan,0.006965212,0.0,nan,nan,nan,0.0,0.0,100.0,0.0,0.0,0.0,-0.0,-0.0,-0.001
60921000,nan,nan,nan,0.0051502157,0.0,nan,nan,nan,0.0,0.0,100.0,0.0,0.0,0.0,-0.0,-0.0,-0.001
