timestamp,timestamp_sample,vibe[0],vibe[1],vibe[2],output_tracking_error[0],output_tracking_error[1],output_tracking_error[2],control_mode_flags,filter_fault_flags,pos_horiz_accuracy,pos_vert_accuracy,mag_test_ratio,vel_test_ratio,pos_test_ratio,hgt_test_ratio,tas_test_ratio,hagl_test_ratio,beta_test_ratio,time_slip,accel_device_id,gyro_device_id,baro_device_id,mag_device_id,gps_check_fail_flags,innovation_check_flags,solution_status_flags,reset_count_vel_ne,reset_count_vel_d,reset_count_pos_ne,reset_count_pod_d,reset_count_quat,pre_flt_fail_innov_heading,pre_flt_fail_innov_vel_horiz,pre_flt_fail_innov_vel_vert,pre_flt_fail_innov_height,pre_flt_fail_mag_field_disturbed,health_flags,timeout_flags
806000,806000,1.9772925e-10,1.2631069e-05,0.0013273776,4.0271756e-05,0.0010251668,6.6655903e-06,512,0,0.70622146,3.5000029,0.0,nan,nan,1.1754944e-38,0.0,0.0,0.0,0.0,1310988,1310988,6620172,197644,0,0,228,1,0,1,0,1,0,0,0,0,0,0,0
818000,818000,2.0165121e-10,1.2795527e-05,0.0012953674,6.289136e-05,0.0011923215,1.8969165e-05,512,0,0.7097526,3.5000114,0.0,nan,nan,1.1754944e-38,0.0,0.0,0.0,0.0,1310988,1310988,6620172,197644,0,0,228,1,0,1,0,1,0,0,0,0,0,0,0
1007000,1007000,2.4008653e-10,1.4672983e-05,0.0010572019,0.0002118657,0.0013129482,0.0014267879,67109376,0,0.14069958,1.5657272,6.601367e-05,nan,nan,0.0013888178,0.0,0.0,0.0,0.0,1310988,1310988,6620172,197644,0,0,228,1,0,1,0,1,0,0,0,0,0,0,0
1200000,1200000,2.3501787e-10,1.5015458e-05,0.0008878088,0.000109465545,0.00079134497,0.008951192,67109376,0,0.62304276,1.2401459,0.00030245987,nan,nan,0.0015571413,0.0,0.0,0.0,0.0,1310988,1310988,6620172,197644,0,0,228,1,0,1,0,1,0,0,0,0,0,0,0
1402000,1402000,2.6293448e-10,1.6514523e-05,0.0009060716,5.5974022e-05,0.0016954399,0.002744463,67109376,0,0.2908531,1.0174152,0.00022511215,nan,nan,0.0024130386,0.0,0.0,0.0,0.0,1310988,1310988,6620172,197644,0,0,228,1,0,1,0,1,0,0,0,0,0,0,0
1598000,1598000,2.598407e-10,1.7144801e-05,0.0006574761,8.442629e-05,0.0010605108,0.001903223,67109376,0,0.23692426,0.8908755,0.00021735633,nan,nan,0.0014772034,0.0,0.0,0.0,0.0,1310988,1310988,6620172,197644,0,0,228,1,0,1,0,1,0,0,0,0,0,0,0
1809000,1809000,2.424781e-10,1.7298753e-05,0.0014858665,8.5080945e-05,0.0009334117,0.0018365476,67109376,0,0.22793476,0.81391305,0.00045800602,nan,nan,0.0008450476,0.0,0.0,0.0,0.0,1310988,1310988,6620172,197644,0,0,228,1,0,1,0,1,0,0,0,0,0,0,0
1998000,1998000,2.5404193e-10,1.7999726e-05,0.001171295,0.00030347248,0.0018200577,0.0022232807,67109376,0,0.22115552,0.76332337,0.00028045007,nan,nan,0.00055697345,0.0,0.0,0.0,0.0,1310988,1310988,6620172,197644,0,0,228,1,0,1,0,1,0,0,0,0,0,0,0
2208000,2208000,2.4018884e-10,1.734849e-05,0.0010840924,0.00031261693,0.002223283,0.0013333388,67109376,0,0.22000596,0.73582387,0.0003101498,nan,nan,0.0011494844,0.0,0.0,0.0,0.0,1310988,1310988,6620172,197644,0,0,228,1,0,1,0,1,0,0,0,0,0,0,0
2399000,2399000,2.3482405e-10,1.7103444e-05,0.0011863476,0.00021014787,0.0014996099,0.0013698069,67109376,0,0.2003279,0.71817845,0.00058686215,nan,nan,0.00027784766,0.0,0.0,0.0,0.0,1310988,1310988,6620172,197644,0,0,228,1,0,1,0,1,0,0,0,0,0,0,0
2599000,2599000,2.503351e-10,1.7571245e-05,0.00082837336,0.000136671,0.0003034512,0.0005158845,67109376,0,0.187714,0.7130724,0.0009934409,nan,nan,0.001954139,0.0,0.0,0.0,0.0,1310988,1310988,6620172,197644,0,0,228,1,0,1,0,1,0,0,0,0,0,0,0
2811000,2811000,2.5050237e-10,1.8242123e-05,0.0012895892,0.00015253089,0.0012374741,0.0011155606,67109376,0,0.18202186,0.7184202,0.0001393535,nan,nan,0.0012457712,0.0,0.0,0.0,0.0,1310988,1310988,6620172,197644,0,0,228,1,0,1,0,1,0,0,0,0,0,0,0
2998000,2998000,2.5492375e-10,1.7961567e-05,0.0013389408,0.00024259259,0.0023700695,0.0020186238,67109376,0,0.17212588,0.7375028,0.00046845005,nan,nan,0.004426301,0.0,0.0,0.0,0.0,1310988,1310988,6620172,197644,0,0,228,1,0,1,0,1,0,0,0,0,0,0,0
3198000,3198000,2.5269042e-10,1.7209759e-05,0.0009048448,0.0002683315,0.0025724235,0.0016016469,67109376,0,0.1656799,0.74685895,0.0008932706,nan,nan,0.0003910343,0.0,0.0,0.0,0.0,1310988,1310988,6620172,197644,0,0,228,1,0,1,0,1,0,0,0,0,0,0,0
3399000,3399000,2.3462537e-10,1.66096e-05,0.0007867162,0.00024403055,0.0023518868,0.0022384329,67109376,0,0.15901715,0.7567724,0.00068157027,nan,nan,0.00010668459,0.0,0.0,0.0,0.0,1310988,1310988,6620172,197644,0,0,228,1,0,1,0,1,0,0,0,0,0,0,0
3611000,3611000,2.5404145e-10,1.7357817e-05,0.0015750048,0.00026886998,0.0027109121,0.003368898,67109376,0,0.15634267,0.77029616,0.00042435288,nan,nan,7.977953e-05,0.0,0.0,0.0,0.0,1310988,1310988,6620172,197644,0,0,228,1,0,1,0,1,0,0,0,0,0,0,0
3803000,3803000,2.8983255e-10,1.8203036e-05,0.003174121,0.00015484572,0.0021972866,0.001859463,67109376,0,0.14860427,0.7740692,0.00046485924,nan,nan,0.0010587819,0.0,0.0,0.0,0.0,1310988,1310988,6620172,197644,0,0,228,1,0,1,0,1,0,0,0,0,0,0,0
3999000,3999000,2.748826e-10,1.7767581e-05,0.0027180202,0.00017331688,0.0014200523,0.0015724923,67109376,0,0.14299309,0.80008703,0.00043480212,nan,nan,0.0022892843,0.0,0.0,0.0,0.0,1310988,1310988,6620172,197644,0,0,228,1,0,1,0,1,0,0,0,0,0,0,0
4212000,4212000,2.6395072e-10,1.7075361e-05,0.0018148009,0.000562887,0.0015554478,0.0018565957,67109395,0,0.13899678,0.80870837,0.0021852148,nan,nan,0.00042316224,0.0,0.0,0.0,0.0,1310988,1310988,6620172,197644,0,0,229,1,0,1,0,2,0,0,0,0,0,0,0
4408000,4408000,2.5824687e-10,1.7207305e-05,0.0018411314,0.00041065013,0.0025208131,0.0038585323,67109395,0,0.12754227,0.8106468,0.0031764363,nan,nan,0.0015024513,0.0,0.0,0.0,0.0,1310988,1310988,6620172,197644,0,0,229,1,0,1,0,2,0,0,0,0,0,0,0
4609000,4609000,2.906725e-10,1.8136698e-05,0.0013692585,0.00019677308,0.0019662164,0.0033591324,67109395,0,0.12093145,0.81070316,0.0036312088,nan,nan,0.0008020114,0.0,0.0,0.0,0.0,1310988,1310988,6620172,197644,0,0,229,1,0,1,0,2,0,0,0,0,0,0,0
4809000,4809000,2.994236e-10,1.76447e-05,0.0009319907,0.00016955567,0.0019542358,0.0027938779,67109395,0,0.1188414,0.8089432,0.00010177761,nan,nan,0.0013981714,0.0,0.0,0.0,0.0,1310988,1310988,6620172,197644,0,0,229,1,0,1,0,2,0,0,0,0,0,0,0
5011000,5011000,2.9140843e-10,1.8456174e-05,0.0009913574,0.0003446527,0.0020796843,0.002432061,67109395,0,0.1204805,0.8058914,0.00021758553,nan,nan,0.0018968313,0.0,0.0,0.0,0.0,1310988,1310988,6620172,197644,0,0,229,1,0,1,0,2,0,0,0,0,0,0,0
5209000,5209000,2.8602526e-10,1.786799e-05,0.0009659782,0.00041573786,0.0016442436,0.0020980625,67109395,0,0.11788867,0.80161655,0.00035612818,nan,nan,0.00018981911,0.0,0.0,0.0,0.0,1310988,1310988,6620172,197644,0,0,229,1,0,1,0,3,0,0,0,0,0,0,0
5409000,5409000,2.814586e-10,1.7356093e-05,0.000691504,0.00051463774,0.0022646054,0.0042136917,67109395,0,0.112147614,0.8180784,0.0042890115,nan,nan,0.004057697,0.0,0.0,0.0,0.0,1310988,1310988,6620172,197644,0,0,229,1,0,1,0,3,0,0,0,0,0,0,0
5609000,5609000,2.6307947e-10,1.7383181e-05,0.00052274746,7.9110614e-05,0.0019636722,0.0030669095,67109395,0,0.10792772,0.8120942,0.0127796875,nan,nan,0.0019192524,0.0,0.0,0.0,0.0,1310988,1310988,6620172,197644,0,0,229,1,0,1,0,3,0,0,0,0,0,0,0
5798000,5798000,2.5758384e-10,1.7380591e-05,0.00059528055,0.00018591648,0.0027960492,0.003274036,67109395,0,0.10455468,0.8016017,0.008852031,nan,nan,0.0013369594,0.0,0.0,0.0,0.0,1310988,1310988,6620172,197644,0,0,229,1,0,1,0,3,0,0,0,0,0,0,0
5999000,5999000,2.4584612e-10,1.6275097e-05,0.0005963243,0.00067643815,0.003996541,0.0037129647,67109395,0,0.105463676,0.79487824,0.00047327648,nan,nan,0.002505254,0.0,0.0,0.0,0.0,1310988,1310988,6620172,197644,0,0,229,1,0,1,0,3,0,0,0,0,0,0,0
6199000,6199000,2.7699268e-10,1.7310442e-05,0.00045807246,0.00041816878,0.005066339,0.004036184,67109395,0,0.10607097,0.78785074,0.0037159515,nan,nan,0.0010157903,0.0,0.0,0.0,0.0,1310988,1310988,6620172,197644,0,0,229,1,0,1,0,3,0,0,0,0,0,0,0
6399000,6399000,2.609743e-10,1.7429356e-05,0.0003623051,0.0004259579,0.0055104727,0.0037680708,67109395,0,0.105460994,0.8011882,0.0018626733,nan,nan,0.0014011674,0.0,0.0,0.0,0.0,1310988,1310988,6620172,197644,0,0,229,1,0,1,0,3,0,0,0,0,0,0,0
6609000,6609000,2.650791e-10,1.714786e-05,0.0006146538,0.00032940521,0.0045797187,0.0033660657,67109395,0,0.10566565,0.7974877,0.0018513198,nan,nan,0.0013224031,0.0,0.0,0.0,0.0,1310988,1310988,6620172,197644,0,0,229,1,0,1,0,3,0,0,0,0,0,0,0
6808000,6808000,2.74877e-10,1.702604e-05,0.0009111963,0.00030401524,0.0032823482,0.0034864547,67109395,0,0.103280686,0.7897383,0.0071076006,nan,nan,0.0014453118,0.0,0.0,0.0,0.0,1310988,1310988,6620172,197644,0,0,229,1,0,1,0,3,0,0,0,0,0,0,0
7009000,7009000,2.5623145e-10,1.664807e-05,0.0008386553,0.00018004893,0.0016470058,0.0023142875,67109395,0,0.101645924,0.7819799,0.00015644157,nan,nan,0.00073980447,0.0,0.0,0.0,0.0,1310988,1310988,6620172,197644,0,0,229,1,0,1,0,3,0,0,0,0,0,0,0
7198000,7198000,2.5329078e-10,1.7011102e-05,0.0008035211,0.00012077107,0.002167209,0.0047101127,67109395,0,0.14051986,0.7709803,0.005474638,nan,nan,0.0031566594,0.0,0.0,0.0,0.0,1310988,1310988,6620172,197644,0,0,229,1,0,1,0,3,0,0,0,0,0,0,0
7409000,7409000,2.660997e-10,1.6846523e-05,0.00097174465,0.0001688366,0.0014769901,0.0029177277,67109395,0,0.14076713,0.7667299,0.0044659846,nan,nan,0.00013769882,0.0,0.0,0.0,0.0,1310988,1310988,6620172,197644,0,0,229,1,0,1,0,3,0,0,0,0,0,0,0
7598000,7598000,2.517973e-10,1.6164287e-05,0.00087158865,0.00018536375,0.0020139946,0.003816474,67109395,0,0.13592792,0.7744332,0.00089320436,nan,nan,0.0019293448,0.0,0.0,0.0,0.0,1310988,1310988,6620172,197644,0,0,229,1,0,1,0,3,0,0,0,0,0,0,0
7798000,7798000,2.8135602e-10,1.7035423e-05,0.00062538893,9.3004084e-05,0.0018499739,0.003248123,67109395,0,0.13331607,0.7667406,0.006599022,nan,nan,0.00064386264,0.0,0.0,0.0,0.0,1310988,1310988,6620172,197644,0,0,229,1,0,1,0,3,0,0,0,0,0,0,0
7999000,7999000,2.8524408e-10,1.6939803e-05,0.00065557903,6.810403e-05,0.0011300265,0.0011655332,67109395,0,0.13073474,0.75913376,0.004318178,nan,nan,0.0005948518,0.0,0.0,0.0,0.0,1310988,1310988,6620172,197644,0,0,229,1,0,1,0,3,0,0,0,0,0,0,0
8199000,8199000,2.7816965e-10,1.6658476e-05,0.00048768995,0.00010521788,0.0009155962,0.0017377415,67109395,0,0.12933251,0.75175786,0.0022988135,nan,nan,0.00065557304,0.0,0.0,0.0,0.0,1310988,1310988,6620172,197644,0,0,229,1,0,1,0,3,0,0,0,0,0,0,0
8409000,8409000,2.9558814e-10,1.7119868e-05,0.0007557252,9.8217715e-05,0.00075166684,0.0015966586,67109395,0,0.12934028,0.747675,0.0056489287,nan,nan,0.0026948014,0.0,0.0,0.0,0.0,1310988,1310988,6620172,197644,0,0,229,1,0,1,0,3,0,0,0,0,0,0,0
8609000,8609000,3.017857e-10,1.7769218e-05,0.00054304965,0.00017344262,0.00086178386,0.0011051175,67109395,0,0.12671027,0.7405033,0.0053837956,nan,nan,0.0031023629,0.0,0.0,0.0,0.0,1310988,1310988,6620172,197644,0,0,229,1,0,1,0,3,0,0,0,0,0,0,0
8809000,8809000,2.821518e-10,1.7695647e-05,0.001140863,0.00017235932,0.0019657486,0.0044059856,67109395,0,0.12376866,0.7335331,0.0068718144,nan,nan,0.002378244,0.0,0.0,0.0,0.0,1310988,1310988,6620172,197644,0,0,229,1,0,1,0,3,0,0,0,0,0,0,0
9002000,9002000,2.8123542e-10,1.8232055e-05,0.00090166647,0.00028629758,0.0016534172,0.0040130964,67109395,0,0.11883002,0.739988,0.0068065855,nan,nan,0.0014491443,0.0,0.0,0.0,0.0,1310988,1310988,6620172,197644,0,0,229,1,0,1,0,3,0,0,0,0,0,0,0
9209000,9209000,2.7257357e-10,1.7928474e-05,0.0012272388,0.00022526261,0.0017982483,0.004537564,67109395,0,0.11750232,0.7358657,0.0013948104,nan,nan,0.0007432263,0.0,0.0,0.0,0.0,1310988,1310988,6620172,197644,0,0,229,1,0,1,0,3,0,0,0,0,0,0,0
9401000,9401000,2.9344283e-10,1.8571052e-05,0.0008499868,8.615807e-05,0.0017984846,0.0038585123,67109395,0,0.11272694,0.7260328,0.009319616,nan,nan,0.0017551531,0.0,0.0,0.0,0.0,1310988,1310988,6620172,197644,0,0,229,1,0,1,0,3,0,0,0,0,0,0,0
9598000,9598000,2.844363e-10,1.7464563e-05,0.0007417805,0.00011537501,0.001975806,0.0029627304,67109395,0,0.10978001,0.71914893,0.00047967632,nan,nan,7.058944e-05,0.0,0.0,0.0,0.0,1310988,1310988,6620172,197644,0,0,229,1,0,1,0,3,0,0,0,0,0,0,0
9798000,9798000,2.7551578e-10,1.6892393e-05,0.0012485397,0.00013623784,0.0020738845,0.002451345,67109395,0,0.107649915,0.7276869,0.00335464,nan,nan,0.0010538425,0.0,0.0,0.0,0.0,1310988,1310988,6620172,197644,0,0,229,1,0,1,0,3,0,0,0,0,0,0,0
9999000,9999000,2.7731004e-10,1.7586677e-05,0.0009901182,0.0001960468,0.0020188482,0.0019200873,67109395,0,0.10530677,0.7206323,0.0028017778,nan,nan,0.0012908214,0.0,0.0,0.0,0.0,1310988,1310988,6620172,197644,0,0,229,1,0,1,0,3,0,0,0,0,0,0,0
10199000,10199000,2.7362496e-10,1.722849e-05,0.0006974753,0.00013497929,0.0063803215,0.0050811833,67109399,0,0.32580867,0.66987884,0.0017067894,0.012430248,0.009075687,0.0005079877,0.0,0.0,0.0,0.0,1310988,1310988,6620172,197644,0,0,895,2,1,2,0,3,0,0,0,0,0,0,0
10399000,10399000,2.855394e-10,1.75327e-05,0.0005155748,0.0001297291,0.007914111,0.010277253,67109399,0,0.30205107,0.6293229,0.0020514827,0.027010625,0.024520006,0.00036713903,0.0,0.0,0.0,0.0,1310988,1310988,6620172,197644,0,0,895,2,1,2,0,3,0,0,0,0,0,0,0
10599000,10599000,2.8619196e-10,1.8211755e-05,0.00042747532,0.00015156958,0.0046863495,0.01057851,67109399,0,0.26386768,0.5954142,0.00601775,0.024748469,0.02460387,0.00017632132,0.0,0.0,0.0,0.0,1310988,1310988,6620172,197644,0,0,895,2,1,2,0,3,0,0,0,0,0,0,0
10808000,10808000,2.5467134e-10,1.700194e-05,0.0005218226,0.00019424909,0.003145414,0.011207583,67109399,0,0.22575258,0.56537896,0.006781426,0.019035345,0.020418497,0.002099891,0.0,0.0,0.0,0.0,1310988,1310988,6620172,197644,0,0,895,2,1,2,0,3,0,0,0,0,0,0,0
10998000,10998000,2.732872e-10,1.70887e-05,0.00073886063,5.367345e-05,0.0019667067,0.0077617317,67109399,0,0.22234859,0.5495621,0.004097572,0.008591478,0.026654743,0.0021717758,0.0,0.0,0.0,0.0,1310988,1310988,6620172,197644,0,0,895,2,1,2,0,3,0,0,0,0,0,0,0
11198000,11198000,2.675051e-10,1.7509135e-05,0.00054608815,0.00015466627,0.0011932708,0.0067903483,67109399,0,0.2102556,0.52799803,0.0018346335,0.020939477,0.017522702,0.0013456842,0.0,0.0,0.0,0.0,1310988,1310988,6620172,197644,0,0,895,2,1,2,0,3,0,0,0,0,0,0,0
11408000,11408000,3.109931e-10,1.8554965e-05,0.0022107281,0.00028284726,0.0032810383,0.0046572695,67109399,0,0.20144257,0.50940114,0.0026690846,0.0223158,0.017302824,0.001977172,0.0,0.0,0.0,0.0,1310988,1310988,6620172,197644,0,0,895,2,1,2,0,3,0,0,0,0,0,0,0
11608000,11608000,2.8563038e-10,1.8169061e-05,0.0014417775,0.00015261851,0.0032243365,0.0063329553,67109399,0,0.19376269,0.49241635,0.0018586525,0.010742628,0.016933138,0.002122729,0.0,0.0,0.0,0.0,1310988,1310988,6620172,197644,0,0,895,2,1,2,0,3,0,0,0,0,0,0,0
11808000,11808000,2.693401e-10,1.7974184e-05,0.0016948186,0.000565751,0.0071918285,0.01283816,67109399,0,0.18789764,0.47744763,0.0045573907,0.018447028,0.012777021,0.0017668965,0.0,0.0,0.0,0.0,1310988,1310988,6620172,197644,0,0,895,2,1,2,0,3,0,0,0,0,0,0,0
12009000,12009000,2.569002e-10,1.7600036e-05,0.0013211038,0.0011051992,0.012691546,0.009629115,67109399,0,0.18339296,0.46418092,0.0035716526,0.04863858,0.018445998,0.003685808,0.0,0.0,0.0,0.0,1310988,1310988,6620172,197644,0,0,895,2,1,2,0,3,0,0,0,0,0,0,0
12209000,12209000,2.7459748e-10,1.7673432e-05,0.00092211715,0.0007188204,0.006647173,0.00509621,67109399,0,0.17992727,0.45236093,0.0014783199,0.01432074,0.018789975,0.0031857544,0.0,0.0,0.0,0.0,1310988,1310988,6620172,197644,0,0,895,2,1,2,0,3,0,0,0,0,0,0,0
12408000,12408000,2.7570682e-10,1.8121003e-05,0.0010901346,0.0002575857,0.0024572571,0.0036366666,67109399,0,0.18581113,0.44855317,0.0008612264,0.013696944,0.014243887,0.00023893407,0.0,0.0,0.0,0.0,1310988,1310988,6620172,197644,0,0,895,2,1,2,0,3,0,0,0,0,0,0,0
12609000,12609000,2.7571784e-10,1.7686232e-05,0.0009541562,0.00043917113,0.009558759,0.016243963,67109399,0,0.18208039,0.43835914,0.0032907114,0.025681956,0.024904275,0.00020251963,0.0,0.0,0.0,0.0,1310988,1310988,6620172,197644,0,0,895,2,1,2,0,3,0,0,0,0,0,0,0
12798000,12798000,2.883166e-10,1.8394097e-05,0.0008772677,0.00058908557,0.007454091,0.01042795,67109399,0,0.18867022,0.4323262,0.0032390757,0.020810235,0.0039411425,0.000864344,0.0,0.0,0.0,0.0,1310988,1310988,6620172,197644,0,0,895,2,1,2,0,3,0,0,0,0,0,0,0
12999000,12999000,2.7376146e-10,1.8036451e-05,0.00079389755,0.00010990949,0.007770282,0.01690099,67109399,0,0.18595885,0.42402297,0.0028766696,0.06544873,0.017292013,0.0015351602,0.0,0.0,0.0,0.0,1310988,1310988,6620172,197644,0,0,895,2,1,2,0,3,0,0,0,0,0,0,0
13199000,13199000,2.601045e-10,1.7778604e-05,0.0005822197,0.000357877,0.0062541277,0.011259476,67109399,0,0.18383041,0.4165136,0.011145684,0.045037683,0.011694899,0.00093625486,0.0,0.0,0.0,0.0,1310988,1310988,6620172,197644,0,0,895,2,1,2,0,3,0,0,0,0,0,0,0
13409000,13409000,2.2402633e-10,1.6713366e-05,0.0007238484,0.0003357014,0.007760654,0.0112856785,67109399,0,0.18214498,0.41011223,0.0018744727,0.013305574,0.019637644,0.0006439365,0.0,0.0,0.0,0.0,1310988,1310988,6620172,197644,0,0,895,2,1,2,0,3,0,0,0,0,0,0,0
13599000,13599000,2.1774565e-10,1.624999e-05,0.0008553014,0.00019029246,0.004467645,0.007832725,67109399,0,0.18919323,0.4095054,0.001691189,0.0105854655,0.011858151,0.0012919958,0.0,0.0,0.0,0.0,1310988,1310988,6620172,197644,0,0,895,2,1,2,0,3,0,0,0,0,0,0,0
13808000,13808000,2.096167e-10,1.6067424e-05,0.00079136854,0.00019890633,0.0066228746,0.011470764,67109399,0,0.17705059,0.40029892,0.008828869,0.028871452,0.020074537,0.0010622441,0.0,0.0,0.0,0.0,1310988,1310988,6620172,197644,0,0,895,2,1,2,0,3,0,0,0,0,0,0,0
14008000,14008000,2.1079934e-10,1.5888636e-05,0.00058018946,0.0003141055,0.0048563876,0.009755457,67109399,0,0.17524473,0.39484376,0.0009913525,0.023358224,0.023859512,0.0008143128,0.0,0.0,0.0,0.0,1310988,1310988,6620172,197644,0,0,895,2,1,2,0,3,0,0,0,0,0,0,0
14209000,14209000,2.0804895e-10,1.5801626e-05,0.000615876,0.00029555222,0.008903458,0.017267305,67109399,0,0.17377967,0.38987494,0.0070136474,0.02133525,0.015043581,0.0015485607,0.0,0.0,0.0,0.0,1310988,1310988,6620172,197644,0,0,895,2,1,2,0,3,0,0,0,0,0,0,0
14411000,14411000,2.351149e-10,1.6976639e-05,0.001379496,0.0005276236,0.011169998,0.018824652,67109399,0,0.17258206,0.38535032,0.0028277305,0.025886366,0.023375578,0.0018604583,0.0,0.0,0.0,0.0,1310988,1310988,6620172,197644,0,0,895,2,1,2,0,3,0,0,0,0,0,0,0
14607000,14599000,2.5046154e-10,1.7428998e-05,0.00094958395,0.00067481754,0.015087558,0.022679333,67109399,0,0.1789748,0.38608533,0.004922787,0.04285472,0.022893768,0.0045631216,0.0,0.0,0.0,0.0,1310988,1310988,6620172,197644,0,0,895,2,1,2,0,3,0,0,0,0,0,0,0
14808000,14800000,2.544641e-10,1.813681e-05,0.0015533856,0.0003231749,0.007720446,0.015267243,68157975,0,0.17680895,0.3819109,0.0014338611,0.022844687,0.015346927,1.1754944e-38,0.0,0.0,0.0,0.0,1310988,1310988,6620172,197644,0,0,895,2,1,2,0,3,0,0,0,0,0,0,0
14997000,14989000,2.5875546e-10,1.7648728e-05,0.0011855556,0.00020729988,0.005640461,0.01129717,68157975,0,0.18374172,0.3808571,0.0035991091,0.020048648,0.012511003,0.0009901795,0.0,0.0,0.0,0.0,1310988,1310988,6620172,197644,0,0,895,2,1,2,0,3,0,0,0,0,0,0,0
15207000,15199000,2.5456434e-10,1.7719822e-05,0.0010841108,0.0006801084,0.01576377,0.023239639,68157975,0,0.17360988,0.3745745,0.0017881728,0.050040178,0.014067035,1.1754944e-38,0.0,0.0,0.0,0.0,1310988,1310988,6620172,197644,0,0,895,2,1,2,0,3,0,0,0,0,0,0,0
15408000,15400000,2.7080901e-10,1.765411e-05,0.0017339784,0.0002355351,0.008350592,0.013263971,68157975,0,0.19136995,0.37791282,0.00088914955,0.050040178,0.014067035,1.1754944e-38,0.0,0.0,0.0,0.0,1310988,1310988,6620172,197644,0,0,895,2,1,2,0,3,0,0,0,0,0,0,0
15609000,15601000,2.5996527e-10,1.6563346e-05,0.0013136807,0.00037493953,0.009055224,0.011740609,68157975,0,0.18797241,0.37663513,0.007539817,0.048889004,0.024283595,0.0001264064,0.0,0.0,0.0,0.0,1310988,1310988,6620172,197644,0,0,895,2,1,2,0,3,0,0,0,0,0,0,0
15807000,15799000,2.324414e-10,1.630502e-05,0.002629009,0.00010868689,0.0035327647,0.0054767136,68157975,0,0.19604333,0.37697935,0.005694281,0.0080658775,0.01528169,1.1754944e-38,0.0,0.0,0.0,0.0,1310988,1310988,6620172,197644,0,0,895,2,1,2,0,3,0,0,0,0,0,0,0
16008000,16000000,2.5141927e-10,1.6716951e-05,0.0018009872,9.5067626e-05,0.0012952776,0.0013549606,68157975,0,0.20265369,0.37730205,0.0087970635,0.010218448,0.016840558,1.1754944e-38,0.0,0.0,0.0,0.0,1310988,1310988,6620172,197644,0,0,895,2,1,2,0,3,0,0,0,0,0,0,0
16209000,16201000,2.3386418e-10,1.630917e-05,0.0013133798,0.00020857749,0.004529371,0.0051850183,68157975,0,0.1965592,0.37390116,0.003359373,0.036837634,0.0112179555,0.0013409026,0.0,0.0,0.0,0.0,1310988,1310988,6620172,197644,0,0,895,2,1,2,0,3,0,0,0,0,0,0,0
16409000,16401000,2.4922642e-10,1.6772758e-05,0.000897605,0.00012502469,0.0035001338,0.0035842492,68157975,0,0.19192828,0.37081409,0.00551402,0.024005046,0.011888868,1.1754944e-38,0.0,0.0,0.0,0.0,1310988,1310988,6620172,197644,0,0,895,2,1,2,0,3,0,0,0,0,0,0,0
16606000,16598000,2.687961e-10,1.6827227e-05,0.0008023903,0.000114270675,0.003445757,0.0048806234,68157975,0,0.1882939,0.3679967,0.0025365285,0.010094163,0.013705782,1.1754944e-38,0.0,0.0,0.0,0.0,1310988,1310988,6620172,197644,0,0,895,2,1,2,0,3,0,0,0,0,0,0,0
16809000,16801000,2.8389519e-10,1.7985787e-05,0.0011209594,0.00018493715,0.0051884116,0.008081407,68157975,0,0.17627199,0.3622348,0.0040002638,0.016422715,0.01590439,1.1754944e-38,0.0,0.0,0.0,0.0,1310988,1310988,6620172,197644,0,0,895,2,1,2,0,3,0,0,0,0,0,0,0
17009000,17001000,2.8814465e-10,1.8297298e-05,0.0007719913,0.00010720061,0.004229239,0.0069576404,68157975,0,0.18308185,0.3649989,0.0005680225,0.008759533,0.01133101,1.1754944e-38,0.0,0.0,0.0,0.0,1310988,1310988,6620172,197644,0,0,895,2,1,2,0,3,0,0,0,0,0,0,0
17206000,17198000,2.5232316e-10,1.7085431e-05,0.0007064738,0.00010666142,0.0073319613,0.014313609,68157975,0,0.18112496,0.36276433,0.007697588,0.051887754,0.005530298,1.1754944e-38,0.0,0.0,0.0,0.0,1310988,1310988,6620172,197644,0,0,895,2,1,2,0,3,0,0,0,0,0,0,0
17407000,17399000,2.759633e-10,1.731544e-05,0.0006757511,0.0002240066,0.00608121,0.010460114,68157975,0,0.18859404,0.36379772,0.010905018,0.041004308,0.027660225,9.651765e-05,0.0,0.0,0.0,0.0,1310988,1310988,6620172,197644,0,0,895,2,1,2,0,3,0,0,0,0,0,0,0
17607000,17599000,2.680802e-10,1.7182414e-05,0.000500058,0.00016311256,0.0024803802,0.0049743676,68157975,0,0.20733063,0.36839637,0.0050535784,0.041004308,0.027660225,1.1754944e-38,0.0,0.0,0.0,0.0,1310988,1310988,6620172,197644,0,0,895,2,1,2,0,3,0,0,0,0,0,0,0
17807000,17799000,2.847475e-10,1.757039e-05,0.0011608268,6.3689804e-05,0.0008943094,0.0024567887,68157975,0,0.22896343,0.37351605,0.0053773364,0.041004308,0.027660225,1.1754944e-38,0.0,0.0,0.0,0.0,1310988,1310988,6620172,197644,0,0,895,2,1,2,0,3,0,0,0,0,0,0,0
18008000,18000000,2.781186e-10,1.7520408e-05,0.00090669695,3.7813166e-05,0.0023661843,0.006536668,68157975,0,0.22970733,0.37426552,0.0029120033,0.005973313,0.017468024,1.1754944e-38,0.0,0.0,0.0,0.0,1310988,1310988,6620172,197644,0,0,895,2,1,2,0,3,0,0,0,0,0,0,0
18209000,18201000,2.586847e-10,1.778238e-05,0.0008408257,0.00031929082,0.008130967,0.015087271,68157975,0,0.23172714,0.37727398,0.0058074626,0.031922583,0.016392224,1.1754944e-38,0.0,0.0,0.0,0.0,1310988,1310988,6620172,197644,0,0,895,2,1,2,0,3,0,0,0,0,0,0,0
18407000,18399000,2.4919306e-10,1.758987e-05,0.0015256704,0.00025020275,0.0060526943,0.010385269,68157975,0,0.2175541,0.37366155,0.0010582558,0.024058457,0.019665426,1.1754944e-38,0.0,0.0,0.0,0.0,1310988,1310988,6620172,197644,0,0,895,2,1,2,0,3,0,0,0,0,0,0,0
18607000,18599000,2.408645e-10,1.7155147e-05,0.001039736,0.00017959737,0.0039381287,0.007610188,68157975,0,0.22068302,0.3745336,0.003050839,0.019300433,0.01698856,1.1754944e-38,0.0,0.0,0.0,0.0,1310988,1310988,6620172,197644,0,0,895,2,1,2,0,3,0,0,0,0,0,0,0
18808000,18800000,2.638858e-10,1.7671999e-05,0.0016254326,0.00012387086,0.002803724,0.006088292,68157975,0,0.22346583,0.37537026,0.002764991,0.010319647,0.014454035,1.1754944e-38,0.0,0.0,0.0,0.0,1310988,1310988,6620172,197644,0,0,895,2,1,2,0,3,0,0,0,0,0,0,0
19006000,18998000,2.5928293e-10,1.7116412e-05,0.0013651057,3.6581256e-05,0.002487298,0.0055527203,68157975,0,0.21190853,0.37191033,0.0039755693,0.026186714,0.011590287,1.1754944e-38,0.0,0.0,0.0,0.0,1310988,1310988,6620172,197644,0,0,895,2,1,2,0,3,0,0,0,0,0,0,0
19207000,19199000,2.4510144e-10,1.6412652e-05,0.0010654965,9.0098416e-05,0.0033469195,0.0078665465,68157975,0,0.21635702,0.37284917,0.003681353,0.029941978,0.010973518,1.1754944e-38,0.0,0.0,0.0,0.0,1310988,1310988,6620172,197644,0,0,895,2,1,2,0,3,0,0,0,0,0,0,0
19407000,19399000,2.4448166e-10,1.6034313e-05,0.0007446469,4.0300612e-05,0.0015661477,0.004218594,68157975,0,0.23625247,0.3803962,0.0046375715,0.029941978,0.010973518,1.1754944e-38,0.0,0.0,0.0,0.0,1310988,1310988,6620172,197644,0,0,895,2,1,2,0,3,0,0,0,0,0,0,0
19607000,19599000,2.3319063e-10,1.6080945e-05,0.00055206515,3.2936987e-05,0.0012463676,0.0028573168,68157975,0,0.2588001,0.38613307,0.006495078,0.029941978,0.010973518,1.1754944e-38,0.0,0.0,0.0,0.0,1310988,1310988,6620172,197644,0,0,895,2,1,2,0,3,0,0,0,0,0,0,0
19808000,19800000,2.425119e-10,1.6295991e-05,0.00062998256,0.0002210701,0.009499392,0.019187469,68157975,0,0.25357786,0.3863099,0.0019569923,0.03199352,0.039538078,1.1754944e-38,0.0,0.0,0.0,0.0,1310988,1310988,6620172,197644,0,0,895,2,1,2,0,3,0,0,0,0,0,0,0
20008000,20000000,2.5017838e-10,1.699097e-05,0.0004772335,0.00036324482,0.009897742,0.018029803,68157975,0,0.251057,0.38654917,0.004810563,0.034524087,0.006418226,1.1754944e-38,0.0,0.0,0.0,0.0,1310988,1310988,6620172,197644,0,0,895,2,1,2,0,3,0,0,0,0,0,0,0
20207000,20199000,2.7603766e-10,1.703214e-05,0.0008477116,8.458986e-05,0.005176947,0.013978963,68157975,0,0.23095265,0.38175675,0.0006195435,0.035796043,0.027606187,1.1754944e-38,0.0,0.0,0.0,0.0,1310988,1310988,6620172,197644,0,0,895,2,1,2,0,3,0,0,0,0,0,0,0
20409000,20401000,2.856469e-10,1.8266313e-05,0.0009339775,0.00013234536,0.0059498143,0.013097958,68157975,0,0.21565177,0.37742916,0.0022137547,0.028185463,0.021303073,1.1754944e-38,0.0,0.0,0.0,0.0,1310988,1310988,6620172,197644,0,0,895,2,1,2,0,3,0,0,0,0,0,0,0
20606000,20598000,2.7747524e-10,1.8854846e-05,0.00081815926,0.00025078226,0.0056739408,0.009333858,68157975,0,0.21795896,0.3801113,0.0013080684,0.03836849,0.011228131,1.1754944e-38,0.0,0.0,0.0,0.0,1310988,1310988,6620172,197644,0,0,895,2,1,2,0,3,0,0,0,0,0,0,0
20809000,20801000,2.9532662e-10,1.9429304e-05,0.0011669674,0.00012889456,0.0037572358,0.007395028,68157975,0,0.196423,0.37234408,0.0019228288,0.016480412,0.018110363,1.1754944e-38,0.0,0.0,0.0,0.0,1310988,1310988,6620172,197644,0,0,895,2,1,2,0,3,0,0,0,0,0,0,0
21009000,21001000,2.8432284e-10,1.8142202e-05,0.00079535943,7.634223e-05,0.0023281286,0.004347291,68157975,0,0.20036702,0.372979,0.0070263846,0.026847752,0.0018754464,1.1754944e-38,0.0,0.0,0.0,0.0,1310988,1310988,6620172,197644,0,0,895,2,1,2,0,3,0,0,0,0,0,0,0
21206000,21198000,2.7797534e-10,1.7481994e-05,0.00072229916,0.00017827952,0.0038160721,0.0068555456,68157975,0,0.1943795,0.3699446,0.0047410624,0.037172277,0.019329296,1.1754944e-38,0.0,0.0,0.0,0.0,1310988,1310988,6620172,197644,0,0,895,2,1,2,0,3,0,0,0,0,0,0,0
21407000,21399000,2.870163e-10,1.7814258e-05,0.0006804974,0.00010751609,0.0017753551,0.0028796473,68157975,0,0.18964075,0.36718377,0.0060455934,0.0129658235,0.008896149,1.1754944e-38,0.0,0.0,0.0,0.0,1310988,1310988,6620172,197644,0,0,895,2,1,2,0,3,0,0,0,0,0,0,0
21607000,21599000,2.8149857e-10,1.7368242e-05,0.00051238877,0.00014142218,0.0031262801,0.003972266,68157975,0,0.19437712,0.36786336,0.004757034,0.03206317,0.017595517,1.1754944e-38,0.0,0.0,0.0,0.0,1310988,1310988,6620172,197644,0,0,895,2,1,2,0,3,0,0,0,0,0,0,0
21808000,21800000,2.9057143e-10,1.7875816e-05,0.00056382647,7.6455355e-05,0.0025363977,0.004969916,68157975,0,0.19908951,0.370594,0.0017972663,0.02573297,0.022510145,1.1754944e-38,0.0,0.0,0.0,0.0,1310988,1310988,6620172,197644,0,0,895,2,1,2,0,3,0,0,0,0,0,0,0
22006000,21998000,2.6738115e-10,1.7013353e-05,0.00072253234,0.00018716283,0.0042045945,0.008037165,68157975,0,0.1935547,0.36785623,0.003460592,0.04776854,0.026309127,1.1754944e-38,0.0,0.0,0.0,0.0,1310988,1310988,6620172,197644,0,0,895,2,1,2,0,3,0,0,0,0,0,0,0
22207000,22199000,2.615942e-10,1.6871465e-05,0.00066169666,8.2464525e-05,0.002406071,0.0030417708,68157975,0,0.19914198,0.36859885,0.002589739,0.014877258,0.0064269463,1.1754944e-38,0.0,0.0,0.0,0.0,1310988,1310988,6620172,197644,0,0,895,2,1,2,0,3,0,0,0,0,0,0,0
22409000,22401000,2.7690986e-10,1.7093844e-05,0.0008017992,0.00022188398,0.007390984,0.015706869,68157975,0,0.19240719,0.3658947,0.00085556565,0.034022007,0.0068834485,1.1754944e-38,0.0,0.0,0.0,0.0,1310988,1310988,6620172,197644,0,0,895,2,1,2,0,3,0,0,0,0,0,0,0
22609000,22601000,2.6441832e-10,1.723663e-05,0.00060264266,0.00018679468,0.004112967,0.008857549,68157975,0,0.19735193,0.36657915,0.006783151,0.01868713,0.008993406,1.1754944e-38,0.0,0.0,0.0,0.0,1310988,1310988,6620172,197644,0,0,895,2,1,2,0,3,0,0,0,0,0,0,0
22809000,22801000,2.874874e-10,1.8224766e-05,0.00047800815,0.0002184703,0.0056401533,0.0116522955,68157975,0,0.19222674,0.3641048,0.0018744194,0.033475615,0.0072781947,1.1754944e-38,0.0,0.0,0.0,0.0,1310988,1310988,6620172,197644,0,0,895,2,1,2,0,3,0,0,0,0,0,0,0
23007000,22999000,2.864716e-10,1.706311e-05,0.0007203497,0.00015526659,0.004755664,0.008569718,68157975,0,0.18813495,0.36377814,0.005576284,0.026557175,0.00860776,1.1754944e-38,0.0,0.0,0.0,0.0,1310988,1310988,6620172,197644,0,0,895,2,1,2,0,3,0,0,0,0,0,0,0
23207000,23199000,2.7351182e-10,1.7476763e-05,0.0005298558,4.789852e-05,0.0035792245,0.006558639,68157975,0,0.20442677,0.36768973,0.0011226363,0.026557175,0.00860776,1.1754944e-38,0.0,0.0,0.0,0.0,1310988,1310988,6620172,197644,0,0,895,2,1,2,0,3,0,0,0,0,0,0,0
23408000,23400000,2.67982e-10,1.7086139e-05,0.0006153919,7.432719e-05,0.005530326,0.010012475,68157975,0,0.20787904,0.36832654,0.00212817,0.030940734,0.015591788,1.1754944e-38,0.0,0.0,0.0,0.0,1310988,1310988,6620172,197644,0,0,895,2,1,2,0,3,0,0,0,0,0,0,0
23609000,23601000,2.4807612e-10,1.6731681e-05,0.000629387,6.305428e-05,0.0026634708,0.0064732675,68157975,0,0.21188799,0.36899415,0.003699436,0.014630541,0.015481675,1.1754944e-38,0.0,0.0,0.0,0.0,1310988,1310988,6620172,197644,0,0,895,2,1,2,0,3,0,0,0,0,0,0,0
23799000,23791000,2.7173186e-10,1.6840962e-05,0.0007616065,0.000102015445,0.002684657,0.0053883116,68157975,0,0.21545242,0.36907452,0.000183096,0.029205004,0.011290131,1.1754944e-38,0.0,0.0,0.0,0.0,1310988,1310988,6620172,197644,0,0,895,2,1,2,0,3,0,0,0,0,0,0,0
24009000,24001000,2.6624838e-10,1.7165818e-05,0.0012847281,0.00012280095,0.0039195963,0.006453238,68157975,0,0.20693311,0.36695945,0.0008228038,0.01833711,0.025098292,1.1754944e-38,0.0,0.0,0.0,0.0,1310988,1310988,6620172,197644,0,0,895,2,1,2,0,3,0,0,0,0,0,0,0
24209000,24201000,2.7645797e-10,1.7224891e-05,0.0008730422,0.00021787206,0.007261914,0.01262762,68158103,0,0.19965208,0.36644042,0.009880699,0.023582563,0.011639847,1.1754944e-38,0.0,0.0,0.0,0.0,1310988,1310988,6620172,197644,0,0,895,2,1,2,0,3,0,0,0,0,0,0,0
24408000,24400000,2.808969e-10,1.7622899e-05,0.0010979944,0.00010088207,0.0041556708,0.008126982,1049239,0,0.2048935,0.36720458,0.0014166827,0.025507882,0.02028114,1.1754944e-38,0.0,0.0,0.0,0.0,1310988,1310988,6620172,197644,0,0,895,2,1,2,0,3,0,0,0,0,0,0,0
24606000,24598000,3.0362599e-10,1.7710421e-05,0.0010357201,0.00019167458,0.0064454353,0.0062495307,1049239,0,0.20916755,0.3679016,0.0014394606,0.042426344,0.008715275,1.1754944e-38,0.0,0.0,0.0,0.0,1310988,1310988,6620172,197644,0,0,895,2,1,2,0,3,0,0,0,0,0,0,0
24796000,24788000,3.7394213e-10,1.7962844e-05,0.0017088582,9.242958e-05,0.00799651,0.013180144,1049239,0,0.20062613,0.36478874,0.011320458,0.07573277,0.031138953,1.1754944e-38,0.0,0.0,0.0,0.0,1310988,1310988,6620172,197644,0,0,895,2,1,2,0,3,0,0,0,0,0,0,0
25006000,24998000,5.8318494e-10,1.9942338e-05,0.0031861549,0.00011434896,0.0070301015,0.0076598916,1049239,0,0.20682193,0.3660918,0.0004736336,0.032082845,0.031959325,1.1754944e-38,0.0,0.0,0.0,0.0,1310988,1310988,6620172,197644,0,0,895,2,1,2,0,3,0,0,0,0,0,0,0
25206000,25198000,9.2349606e-10,2.3631053e-05,0.0035309703,6.950403e-05,0.006611777,0.01160694,1049239,0,0.19974983,0.36367765,0.007523861,0.036164958,0.023692533,1.1754944e-38,0.0,0.0,0.0,0.0,1310988,1310988,6620172,197644,0,0,895,2,1,2,0,3,0,0,0,0,0,0,0
25409000,25401000,1.4795671e-09,2.74038e-05,0.003639547,6.358988e-05,0.009229739,0.01774097,1049239,0,0.19350792,0.36140543,0.007895075,0.035782482,0.011652124,1.1754944e-38,0.0,0.0,0.0,0.0,1310988,1310988,6620172,197644,0,0,895,2,1,2,0,3,0,0,0,0,0,0,0
25607000,25599000,1.4377238e-09,2.5720294e-05,0.00285645,3.1032465e-05,0.0021759686,0.005477803,1049239,0,0.20010902,0.36410397,0.0017227117,0.0073215566,0.0111727575,1.1754944e-38,0.0,0.0,0.0,0.0,1310988,1310988,6620172,197644,0,0,895,2,1,2,0,3,0,0,0,0,0,0,0
25809000,25798000,1.8616074e-09,2.4869725e-05,0.0024864774,8.599129e-05,0.0017263502,0.0034741375,1049239,0,0.22485867,0.36809033,0.0073285135,0.0073215566,0.0111727575,1.1754944e-38,0.0,0.0,0.0,0.0,1310988,1310988,6620172,197644,0,0,895,2,1,2,0,3,0,0,0,0,0,0,0
26006000,25998000,1.9248378e-09,2.507726e-05,0.0022265965,8.396965e-05,0.012664066,0.019374264,1049239,0,0.22862914,0.36879963,0.00405376,0.07731586,0.015457389,1.1754944e-38,0.0,0.0,0.0,0.0,1310988,1310988,6620172,197644,0,0,895,2,1,2,0,3,0,0,0,0,0,0,0
26206000,26198000,1.9123465e-09,2.2416725e-05,0.0014618114,5.123517e-05,0.01763798,0.03981014,663,0,0.21397285,0.3661712,0.0005873086,0.0773089,0.027025472,0.009393898,0.0,0.0,0.0,0.0,1310988,1310988,6620172,197644,0,0,895,2,1,2,0,3,0,0,0,0,0,0,0
26408000,26400000,1.5399069e-09,2.1106256e-05,0.002160238,2.8239934e-05,0.0114919925,0.025502805,663,0,0.22072269,0.366942,0.0021351147,0.10528738,0.016569756,0.012119402,0.0,0.0,0.0,0.0,1310988,1310988,6620172,197644,0,0,895,2,1,2,0,3,0,0,0,0,0,0,0
26608000,26600000,1.230343e-09,2.0661266e-05,0.0014238956,3.0630505e-05,0.003089848,0.003737584,663,0,0.2486832,0.3711874,0.0027188985,0.10528738,0.016569756,0.0119426465,0.0,0.0,0.0,0.0,1310988,1310988,6620172,197644,0,0,895,2,1,2,0,3,0,0,0,0,0,0,0
26797000,26789000,9.2266494e-10,1.9664878e-05,0.0011232278,0.0014363063,0.0022297457,0.0057921363,8389271,0,0.28051105,0.377258,0.00427397,0.10528738,0.016569756,0.0093342755,0.0,0.0,0.0,0.0,1310988,1310988,6620172,197644,0,0,895,2,1,2,0,4,0,0,0,0,0,0,0
27007000,26999000,7.2023615e-10,1.8930525e-05,0.0010041883,0.00020786565,0.0035111448,0.010687684,8389271,0,0.32141992,0.38288015,0.003487506,0.10528738,0.016569756,0.0144862095,0.0,0.0,0.0,0.0,1310988,1310988,6620172,197644,0,0,895,2,1,2,0,4,0,0,0,0,0,0,0
27209000,27201000,6.584563e-10,1.9002657e-05,0.0010602596,6.28376e-05,0.0043493337,0.01463262,8389271,0,0.36601,0.38808465,0.0025810713,0.10528738,0.016569756,0.0125961,0.0,0.0,0.0,0.0,1310988,1310988,6620172,197644,0,0,895,2,1,2,0,4,0,0,0,0,0,0,0
27409000,27401000,5.9371225e-10,1.8449882e-05,0.0013824224,0.0004900253,0.0043946737,0.014815703,8389271,0,0.41617376,0.39351338,0.0052128253,0.10528738,0.016569756,0.011542847,0.0,0.0,0.0,0.0,1310988,1310988,6620172,197644,0,0,895,2,1,2,0,4,0,0,0,0,0,0,0
27606000,27598000,7.386366e-10,1.8644982e-05,0.0011332142,4.7941747e-05,0.004395996,0.014988502,8389271,0,0.47198555,0.39913714,0.00031369043,0.10528738,0.016569756,0.0104661975,0.0,0.0,0.0,0.0,1310988,1310988,6620172,197644,0,0,895,2,1,2,0,4,0,0,0,0,0,0,0
27807000,27799000,6.8219774e-10,1.815488e-05,0.00096567004,2.8087794e-05,0.0043703993,0.015030152,8389271,0,0.53350675,0.40491462,0.0032337331,0.10528738,0.016569756,0.008408533,0.0,0.0,0.0,0.0,1310988,1310988,6620172,197644,0,0,895,2,1,2,0,4,0,0,0,0,0,0,0
27997000,27989000,6.267947e-10,1.8735502e-05,0.0009490074,0.00046736613,0.0038915426,0.012606431,8389271,0,0.5972849,0.41279867,0.0048173103,0.10528738,0.016569756,0.0135379955,0.0,0.0,0.0,0.0,1310988,1310988,6620172,197644,0,0,895,2,1,2,0,4,0,0,0,0,0,0,0
28207000,28199000,5.3152205e-10,1.8059722e-05,0.0009674055,0.0004890888,0.0036621718,0.01188364,8389271,0,0.67385995,0.41975147,0.00023909911,0.10528738,0.016569756,0.009788298,0.0,0.0,0.0,0.0,1310988,1310988,6620172,197644,0,0,895,2,1,2,0,4,0,0,0,0,0,0,0
28406000,28398000,2.0800803e-09,2.410448e-05,0.0014865876,0.00013507257,0.0302559,0.056173086,8389271,0,0.45909104,0.41755962,0.0034020725,0.042013057,0.02817326,0.01017442,0.0,0.0,0.0,0.0,1310988,1310988,6620172,197644,0,0,895,2,1,2,0,4,0,0,0,0,0,0,0
28607000,28599000,2.4819848e-09,2.6337868e-05,0.0017263802,0.00015693327,0.010642178,0.023833418,8389271,0,0.32432207,0.40837276,0.0007390243,0.01832665,0.0030651365,0.012592968,0.0,0.0,0.0,0.0,1310988,1310988,6620172,197644,0,0,895,2,1,2,0,4,0,0,0,0,0,0,0
28809000,28801000,2.2965179e-09,2.4326679e-05,0.0014212464,0.00013646665,0.0105229225,0.02006343,8389271,0,0.27490267,0.40087232,0.0020195085,0.019302718,0.02024584,0.011409692,0.0,0.0,0.0,0.0,1310988,1310988,6620172,197644,0,0,895,2,1,2,0,4,0,0,0,0,0,0,0
28999000,28999000,2.2673636e-09,2.7930555e-05,0.0031367294,0.0003050477,0.004877719,0.0083944565,8389271,0,0.26699635,0.39981002,0.0041807913,0.013774265,0.01226631,0.009216796,0.0,0.0,0.0,0.0,1310988,1310988,6620172,197644,0,0,895,2,1,2,0,4,0,0,0,0,0,0,0
29208000,29208000,1.7969958e-09,2.36346e-05,0.0021025557,5.2203257e-05,0.003985002,0.009486501,8389271,0,0.2630191,0.399627,0.003678563,0.025221687,0.028813796,0.014329197,0.0,0.0,0.0,0.0,1310988,1310988,6620172,197644,0,0,831,2,1,2,0,4,0,0,0,0,0,0,0
29408000,29408000,1.5963356e-09,2.2849652e-05,0.0019846428,2.1394584e-05,0.0023090933,0.006259367,8389271,0,0.28374702,0.40430316,0.00090727885,0.025221687,0.028813796,0.00795425,0.0,0.0,0.0,0.0,1310988,1310988,6620172,197644,0,0,831,2,1,2,0,4,0,0,0,0,0,0,0
29599000,29599000,1.2254685e-09,2.108676e-05,0.0017731139,0.00010321504,0.0015030272,0.0041050445,8389271,0,0.3065924,0.4111029,0.010963061,0.025221687,0.028813796,0.0076299114,0.0,0.0,0.0,0.0,1310988,1310988,6620172,197644,0,0,831,2,1,2,0,4,0,0,0,0,0,0,0
29808000,29808000,1.0004778e-09,1.9671379e-05,0.0013106117,0.00015485194,0.004631079,0.01192887,8389271,0,0.26555967,0.40418348,0.0062842155,0.03353168,0.004794565,0.0077090054,0.0,0.0,0.0,0.0,1310988,1310988,6620172,197644,0,0,831,2,1,2,0,4,0,0,0,0,0,0,0
29999000,29999000,7.542518e-10,1.830056e-05,0.0013206296,0.0001761736,0.0058625117,0.016567713,8389271,0,0.25893712,0.40211987,0.002137328,0.034104515,0.021436214,0.009534613,0.0,0.0,0.0,0.0,1310988,1310988,6620172,197644,0,0,831,2,1,2,0,4,0,0,0,0,0,0,0
30199000,30199000,6.4263445e-10,1.8062128e-05,0.0008998762,0.00016185438,0.0054760156,0.012551826,8389271,0,0.23641513,0.3958196,0.002968848,0.026121449,0.010165064,0.010935437,0.0,0.0,0.0,0.0,1310988,1310988,6620172,197644,0,0,831,2,1,2,0,4,0,0,0,0,0,0,0
30398000,30398000,6.9155426e-10,1.8871713e-05,0.0011319581,4.8292917e-05,0.003302185,0.007346823,8389271,0,0.23633471,0.39498112,0.00068192894,0.008206631,0.023634711,0.009222996,0.0,0.0,0.0,0.0,1310988,1310988,6620172,197644,0,0,831,2,1,2,0,4,0,0,0,0,0,0,0
30598000,30598000,6.5307965e-10,1.8224851e-05,0.0007988026,1.3554202e-05,0.00093920593,0.0026502945,8389271,0,0.2550324,0.40168363,0.0011285305,0.008206631,0.023634711,0.006558126,0.0,0.0,0.0,0.0,1310988,1310988,6620172,197644,0,0,831,2,1,2,0,4,0,0,0,0,0,0,0
30811000,30811000,5.14505e-10,1.7091066e-05,0.00070200977,1.5751737e-05,0.0010177926,0.0034778486,8389271,0,0.2778235,0.40677541,0.003346313,0.008206631,0.023634711,0.009377965,0.0,0.0,0.0,0.0,1310988,1310988,6620172,197644,0,0,831,2,1,2,0,4,0,0,0,0,0,0,0
31009000,31009000,4.235299e-10,1.7482187e-05,0.0010597208,4.715932e-05,0.00972047,0.023299733,8389271,0,0.26997104,0.4053024,0.007137513,0.11074195,0.025570748,0.0053867255,0.0,0.0,0.0,0.0,1310988,1310988,6620172,197644,0,0,831,2,1,2,0,4,0,0,0,0,0,0,0
31209000,31209000,5.305138e-10,1.8287414e-05,0.0007482132,0.00018574305,0.02005815,0.04809357,8389271,0,0.24345216,0.39873797,0.0022537229,0.08889011,0.017769938,0.0029120937,0.0,0.0,0.0,0.0,1310988,1310988,6620172,197644,0,0,831,2,1,2,0,4,0,0,0,0,0,0,0
31402000,31402000,6.867931e-10,1.9056628e-05,0.0011757206,6.832726e-05,0.010515134,0.025596004,8389271,0,0.24195947,0.39702985,0.0074091754,0.084018484,0.03131718,0.002845598,0.0,0.0,0.0,0.0,1310988,1310988,6620172,197644,0,0,831,2,1,2,0,4,0,0,0,0,0,0,0
31598000,31598000,6.1762684e-10,1.9110095e-05,0.00088109274,6.822532e-05,0.005482126,0.011003414,8389271,0,0.22473018,0.39147952,0.00626492,0.03294229,0.017338857,0.002590507,0.0,0.0,0.0,0.0,1310988,1310988,6620172,197644,0,0,831,2,1,2,0,4,0,0,0,0,0,0,0
31799000,31799000,5.6372623e-10,1.8538725e-05,0.00082131516,0.00013040793,0.0027676634,0.00906922,8389271,0,0.21245743,0.38898876,0.0046212766,0.015864778,0.014025202,0.0040544565,0.0,0.0,0.0,0.0,1310988,1310988,6620172,197644,0,0,831,2,1,2,0,4,0,0,0,0,0,0,0
32008000,32008000,5.2991544e-10,1.905522e-05,0.0012076682,0.0001198664,0.0022380003,0.01068175,8389271,0,0.21502076,0.3890141,0.004070329,0.040490825,0.016007284,0.0048033046,0.0,0.0,0.0,0.0,1310988,1310988,6620172,197644,0,0,831,2,1,2,0,4,0,0,0,0,0,0,0
32211000,32211000,4.9665516e-10,1.8217033e-05,0.0011813754,7.07119e-05,0.0070606307,0.023215447,8389271,0,0.20537826,0.3846073,5.157378e-05,0.029585447,0.021810519,0.0052086716,0.0,0.0,0.0,0.0,1310988,1310988,6620172,197644,0,0,831,2,1,2,0,4,0,0,0,0,0,0,0
32408000,32408000,5.5867516e-10,1.9034169e-05,0.0016604196,4.7382957e-05,0.008234206,0.027550543,8389271,0,0.20879894,0.38419974,0.0076051294,0.017080963,0.017616319,0.005396981,0.0,0.0,0.0,0.0,1310988,1310988,6620172,197644,0,0,831,2,1,2,0,4,0,0,0,0,0,0,0
32598000,32598000,6.1864747e-10,1.9213543e-05,0.0014506222,0.000108450535,0.007970789,0.028636578,8389271,0,0.19995669,0.3796274,0.00041899784,0.011997318,0.009887414,0.0062961318,0.0,0.0,0.0,0.0,1310988,1310988,6620172,197644,0,0,831,2,1,2,0,4,0,0,0,0,0,0,0
32798000,32798000,5.7959365e-10,1.8200963e-05,0.000964491,8.9577174e-05,0.010473809,0.033823155,8389271,0,0.19364126,0.37824267,0.0078249145,0.024314761,0.011183224,0.006309001,0.0,0.0,0.0,0.0,1310988,1310988,6620172,197644,0,0,831,2,1,2,0,4,0,0,0,0,0,0,0
33002000,33002000,5.619893e-10,1.7427388e-05,0.0011380538,6.200238e-05,0.009604694,0.03129656,8389271,0,0.19741103,0.37800997,0.0057872217,0.02878761,0.02536306,0.0053416495,0.0,0.0,0.0,0.0,1310988,1310988,6620172,197644,0,0,831,2,1,2,0,4,0,0,0,0,0,0,0
33208000,33208000,5.379883e-10,1.8438657e-05,0.0011251552,5.6472225e-05,0.009194255,0.02930149,8389271,0,0.1924117,0.37526062,0.003921144,0.029610757,0.01750705,0.0033466083,0.0,0.0,0.0,0.0,1310988,1310988,6620172,197644,0,0,831,2,1,2,0,4,0,0,0,0,0,0,0
33398000,33398000,5.8188915e-10,1.9745365e-05,0.0021149325,0.00011582953,0.008359734,0.025822848,8389271,0,0.19646925,0.374617,0.007937163,0.03061641,0.015315178,0.0038755068,0.0,0.0,0.0,0.0,1310988,1310988,6620172,197644,0,0,831,2,1,2,0,4,0,0,0,0,0,0,0
33599000,33599000,5.762852e-10,1.8749639e-05,0.0015530759,0.000121071025,0.009442296,0.027769452,8389271,0,0.19105251,0.37153673,0.005203279,0.038600214,0.017740482,0.0027683484,0.0,0.0,0.0,0.0,1310988,1310988,6620172,197644,0,0,831,2,1,2,0,4,0,0,0,0,0,0,0
33811000,33811000,5.118564e-10,1.8273158e-05,0.0010115618,0.00013845485,0.0034515338,0.011413904,8389271,0,0.18740971,0.36925197,0.004497359,0.037189532,0.024160111,0.006214043,0.0,0.0,0.0,0.0,1310988,1310988,6620172,197644,0,0,831,2,1,2,0,4,0,0,0,0,0,0,0
33998000,33998000,4.672976e-10,1.8251769e-05,0.0011101395,7.847892e-05,0.00576189,0.017917167,8389271,0,0.19139609,0.36875474,0.0064459722,0.038195092,0.020474082,0.0056347703,0.0,0.0,0.0,0.0,1310988,1310988,6620172,197644,0,0,831,2,1,2,0,4,0,0,0,0,0,0,0
34199000,34199000,4.256942e-10,1.8661514e-05,0.00091458054,0.00013347776,0.0061871177,0.018843165,8389271,0,0.18707028,0.36812082,0.004612081,0.021221276,0.0056389705,0.0077313753,0.0,0.0,0.0,0.0,1310988,1310988,6620172,197644,0,0,831,2,1,2,0,4,0,0,0,0,0,0,0
34399000,34399000,4.5187026e-10,1.837468e-05,0.0012611914,5.6748282e-05,0.004697942,0.015946021,8389271,0,0.19254863,0.3683266,0.0006821101,0.024545083,0.019415516,0.009589365,0.0,0.0,0.0,0.0,1310988,1310988,6620172,197644,0,0,831,2,1,2,0,4,0,0,0,0,0,0,0
34609000,34609000,3.8708203e-10,1.7483506e-05,0.0011877404,7.545624e-05,0.005209977,0.016023692,8389271,0,0.18880472,0.36633775,0.0035433073,0.009885807,0.027026283,0.0042408127,0.0,0.0,0.0,0.0,1310988,1310988,6620172,197644,0,0,831,2,1,2,0,4,0,0,0,0,0,0,0
34798000,34798000,4.3086815e-10,1.748214e-05,0.0010084724,9.433162e-05,0.0062580635,0.018704053,8389271,0,0.18444258,0.36342168,0.010268018,0.03589545,0.023679635,0.007254023,0.0,0.0,0.0,0.0,1310988,1310988,6620172,197644,0,0,831,2,1,2,0,4,0,0,0,0,0,0,0
35010000,35010000,4.6170534e-10,1.7827126e-05,0.0012119691,0.00017858642,0.0028099539,0.006480542,8389271,0,0.19035876,0.36427307,0.0033238754,0.027776841,0.011699902,0.005538861,0.0,0.0,0.0,0.0,1310988,1310988,6620172,197644,0,0,831,2,1,2,0,4,0,0,0,0,0,0,0
35198000,35198000,4.8799315e-10,1.765061e-05,0.0008571205,7.089878e-05,0.0016806825,0.006714725,8389271,0,0.18574628,0.36147615,6.008931e-06,0.029346565,0.018397221,0.0052244873,0.0,0.0,0.0,0.0,1310988,1310988,6620172,197644,0,0,831,2,1,2,0,4,0,0,0,0,0,0,0
35399000,35399000,4.64813e-10,1.8315182e-05,0.0014402663,0.00012269561,0.003398622,0.008509683,8389271,0,0.19160958,0.3638597,0.00024909363,0.052469626,0.019080654,0.0021422035,0.0,0.0,0.0,0.0,1310988,1310988,6620172,197644,0,0,831,2,1,2,0,4,0,0,0,0,0,0,0
35599000,35599000,4.489984e-10,1.7856064e-05,0.00096674665,2.9943398e-05,0.0011896626,0.0030646897,8389271,0,0.2083577,0.36720067,0.0008494827,0.052469626,0.019080654,0.003816671,0.0,0.0,0.0,0.0,1310988,1310988,6620172,197644,0,0,831,2,1,2,0,4,0,0,0,0,0,0,0
35799000,35799000,5.0388493e-10,1.8475206e-05,0.000681441,0.0001666924,0.00381839,0.0070705726,8389271,0,0.21205884,0.36766833,0.0020167022,0.025092876,0.018505063,0.0015411843,0.0,0.0,0.0,0.0,1310988,1310988,6620172,197644,0,0,831,2,1,2,0,4,0,0,0,0,0,0,0
36009000,36009000,5.015923e-10,1.882324e-05,0.0007689228,5.218864e-05,0.001671866,0.0036154217,8389271,0,0.23247717,0.37211773,0.0020027766,0.025092876,0.018505063,0.0075733913,0.0,0.0,0.0,0.0,1310988,1310988,6620172,197644,0,0,831,2,1,2,0,4,0,0,0,0,0,0,0
36209000,36209000,5.066368e-10,1.9255634e-05,0.00056091906,2.0339605e-05,0.00085685466,0.0020914592,8389271,0,0.25442046,0.3763518,0.0003054431,0.025092876,0.018505063,0.006526871,0.0,0.0,0.0,0.0,1310988,1310988,6620172,197644,0,0,831,2,1,2,0,4,0,0,0,0,0,0,0
36398000,36398000,4.9602544e-10,1.9587991e-05,0.0005987919,2.8893408e-05,0.0006792303,0.0012444532,8389271,0,0.2775745,0.38023424,0.0046075177,0.025092876,0.018505063,0.002434009,0.0,0.0,0.0,0.0,1310988,1310988,6620172,197644,0,0,831,2,1,2,0,4,0,0,0,0,0,0,0
36608000,36608000,4.8265747e-10,1.884096e-05,0.0007878383,8.7372864e-05,0.0017107115,0.004069574,8389271,0,0.27282286,0.3812059,0.0014648992,0.028655335,0.01280103,0.0043050717,0.0,0.0,0.0,0.0,1310988,1310988,6620172,197644,0,0,831,2,1,2,0,4,0,0,0,0,0,0,0
36798000,36798000,4.9906074e-10,1.9271001e-05,0.00087826967,0.00020298002,0.00401919,0.007818185,8389271,0,0.26488388,0.38296452,0.002323777,0.024543095,0.016848307,0.006152922,0.0,0.0,0.0,0.0,1310988,1310988,6620172,197644,0,0,831,2,1,2,0,4,0,0,0,0,0,0,0
37009000,37009000,4.5226076e-10,1.8872961e-05,0.0010415224,8.2799415e-05,0.0011317772,0.0030522146,8389271,0,0.29001066,0.38857603,0.0017583198,0.024543095,0.016848307,0.0023449243,0.0,0.0,0.0,0.0,1310988,1310988,6620172,197644,0,0,831,2,1,2,0,4,0,0,0,0,0,0,0
37199000,37199000,3.9356143e-10,1.7629498e-05,0.0010256972,7.583779e-05,0.0005693449,0.0021275587,8389271,0,0.31504473,0.39300764,0.00066938606,0.024543095,0.016848307,0.0023394465,0.0,0.0,0.0,0.0,1310988,1310988,6620172,197644,0,0,831,2,1,2,0,4,0,0,0,0,0,0,0
37409000,37409000,4.5546747e-10,1.7746213e-05,0.0010320066,5.8923528e-05,0.000980408,0.0020057142,8389271,0,0.3453118,0.39918867,0.00368621,0.024543095,0.016848307,0.0065840483,0.0,0.0,0.0,0.0,1310988,1310988,6620172,197644,0,0,831,2,1,2,0,4,0,0,0,0,0,0,0
37598000,37598000,4.6925785e-10,1.7835491e-05,0.0008707245,6.9825546e-05,0.0011267982,0.0019865793,8389271,0,0.3750856,0.4039785,0.004043939,0.024543095,0.016848307,0.0034730842,0.0,0.0,0.0,0.0,1310988,1310988,6620172,197644,0,0,831,2,1,2,0,4,0,0,0,0,0,0,0
37808000,37808000,4.978412e-10,1.817205e-05,0.00089263625,9.165323e-05,0.0031705117,0.0074878065,8389271,0,0.34160182,0.40370032,0.0076113204,0.02387937,0.017494561,0.00392344,0.0,0.0,0.0,0.0,1310988,1310988,6620172,197644,0,0,831,2,1,2,0,4,0,0,0,0,0,0,0
37999000,37999000,4.397991e-10,1.729617e-05,0.001084614,3.0018038e-05,0.001662144,0.0039183646,8389271,0,0.36938635,0.4112233,0.0016450433,0.02387937,0.017494561,0.001371809,0.0,0.0,0.0,0.0,1310988,1310988,6620172,197644,0,0,831,2,1,2,0,4,0,0,0,0,0,0,0
38208000,38208000,4.1068862e-10,1.6960943e-05,0.00087169884,6.4864544e-05,0.0012168945,0.003006869,8389271,0,0.40266395,0.41783085,0.0030533697,0.02387937,0.017494561,0.0013232377,0.0,0.0,0.0,0.0,1310988,1310988,6620172,197644,0,0,831,2,1,2,0,4,0,0,0,0,0,0,0
38410000,38410000,4.706745e-10,1.814258e-05,0.0009553869,4.893957e-05,0.0012675311,0.0036807838,8389271,0,0.43691617,0.42362916,0.0068442556,0.02387937,0.017494561,0.0013819016,0.0,0.0,0.0,0.0,1310988,1310988,6620172,197644,0,0,831,2,1,2,0,4,0,0,0,0,0,0,0
38608000,38608000,1.0055741e-07,0.00012991288,0.00095269276,0.00023016744,0.0014075229,0.0029872146,8389271,0,0.47369114,0.42944998,0.037646152,0.02387937,0.017494561,0.0062330626,0.0,0.0,0.0,0.0,1310988,1310988,6620172,197644,0,0,831,2,1,2,0,4,0,0,0,0,0,0,0
38809000,38809000,1.5521185e-07,0.0001409684,0.0007076157,0.00027467453,0.0017266759,0.0037307949,8389351,0,0.51214707,0.43521595,0.021663332,0.02387937,0.017494561,0.0013047308,0.0,0.0,0.0,0.0,1310988,1310988,6620172,197644,0,0,831,2,1,2,0,4,0,0,0,0,0,0,0
39008000,39008000,1.3144115e-07,0.00016937371,0.00085176254,0.0005915524,0.05191995,0.13088673,8389351,0,0.4122145,0.43107674,0.024374587,0.34935364,0.025186678,0.010801506,0.0,0.0,0.0,0.0,1310988,1310988,6620172,197644,0,0,831,2,1,2,0,4,0,0,0,0,0,0,0
39198000,39198000,1.0311178e-07,0.00013699938,0.0007808701,0.00020454805,0.076565795,0.19846739,8389351,0,0.31549096,0.42171317,0.017238012,0.24684578,0.012153765,0.020444475,0.0,0.0,0.0,0.0,1310988,1310988,6620172,197644,0,0,831,2,1,2,0,4,0,0,0,0,0,0,0
39409000,39409000,7.723539e-08,0.000115994546,0.00077701843,0.00011400672,0.06478835,0.17081569,8389351,0,0.27181596,0.413113,0.02031611,0.22460143,0.0018612108,0.028561015,0.0,0.0,0.0,0.0,1310988,1310988,6620172,197644,0,0,831,2,1,2,0,4,0,0,0,0,0,0,0
39609000,39609000,5.899679e-08,7.700222e-05,0.0005671413,9.2517985e-05,0.044406544,0.11517601,8389351,0,0.24495001,0.4053141,0.012995701,0.14581226,0.009416382,0.040359024,0.0,0.0,0.0,0.0,1310988,1310988,6620172,197644,0,0,831,2,1,2,0,4,0,0,0,0,0,0,0
39810000,39810000,5.174544e-08,6.272771e-05,0.0005194792,0.00024822398,0.025301347,0.05820321,8389351,0,0.22655268,0.3986986,0.0070731873,0.10102169,0.029322704,0.044194184,0.0,0.0,0.0,0.0,1310988,1310988,6620172,197644,0,0,831,2,1,2,0,4,0,0,0,0,0,0,0
39999000,39999000,4.6719933e-08,8.534813e-05,0.00075954647,0.00011864672,0.0061014206,0.019712225,8389351,0,0.224173,0.39683884,0.00527616,0.05368122,0.008701214,0.04132518,0.0,0.0,0.0,0.0,1310988,1310988,6620172,197644,0,0,831,2,1,2,0,4,0,0,0,0,0,0,0
40209000,40209000,4.2846985e-08,6.7532696e-05,0.00064747006,9.571573e-05,0.009979662,0.046854775,8389351,0,0.21185575,0.39194858,0.011205514,0.0661242,0.019618472,0.05091177,0.0,0.0,0.0,0.0,1310988,1310988,6620172,197644,0,0,831,2,1,2,0,4,0,0,0,0,0,0,0
40399000,40399000,4.325296e-08,7.505652e-05,0.00071905844,0.00017745371,0.016312331,0.06295948,8389351,0,0.21203192,0.39295736,0.012758583,0.04542702,0.02405881,0.052924585,0.0,0.0,0.0,0.0,1310988,1310988,6620172,197644,0,0,831,2,1,2,0,4,0,0,0,0,0,0,0
40599000,40599000,4.4075495e-08,5.2427044e-05,0.0005326109,0.00025479856,0.020906609,0.07640744,8389351,0,0.20221741,0.38805625,0.020031335,0.02720967,0.008378083,0.04582662,0.0,0.0,0.0,0.0,1310988,1310988,6620172,197644,0,0,831,2,1,2,0,4,0,0,0,0,0,0,0
40808000,40808000,4.8972225e-08,4.9703984e-05,0.00052117475,0.0003931732,0.022544954,0.0816943,8389351,0,0.19521232,0.38431394,0.013517852,0.025786495,0.0113256145,0.04968401,0.0,0.0,0.0,0.0,1310988,1310988,6620172,197644,0,0,831,2,1,2,0,4,0,0,0,0,0,0,0
41008000,41008000,3.6396845e-08,8.423661e-05,0.019140951,0.0019036036,0.04444082,0.10272324,8389351,65536,0.19760318,0.38761038,0.01885141,4.9570746,0.045932885,0.077553526,0.0,0.0,0.0,0.0,1310988,1310988,6620172,197644,0,1,3200,2,1,2,0,4,0,0,0,0,0,0,0
41208000,41208000,2.6266864e-08,7.275152e-05,0.019478023,0.0005577203,0.042777836,0.17239715,8389351,65536,0.20152174,0.39075378,0.019101266,4.882667,0.027212834,0.20424083,0.0,0.0,0.0,0.0,1310988,1310988,6620172,197644,0,1,3200,2,1,2,0,4,0,0,0,0,0,0,0
41405000,41405000,1.6470244e-08,5.2620562e-05,0.012281758,0.00013007328,0.054514524,0.20998544,8389351,65536,0.236825,0.40384474,0.01408085,4.882667,0.027212834,0.30159774,0.0,0.0,0.0,0.004,1310988,1310988,6620172,197644,0,1,3200,2,1,2,0,4,0,0,0,0,0,0,0
41605000,41605000,1.024588e-08,3.9374216e-05,0.0081344,0.00037570862,0.07456917,0.9805057,8389351,65536,0.2394218,1.7502916,0.020631906,0.08477158,0.028109973,0.00267664,0.0,0.0,0.0,0.004,1310988,1310988,6620172,197644,0,0,2176,2,2,2,1,4,0,0,0,0,0,0,0
41802000,41802000,6.411602e-09,3.059289e-05,0.0052563394,4.8102254e-05,0.031325445,0.38263762,8389351,65536,0.2905594,1.2394706,0.017782029,0.08477158,0.028109973,0.0012624324,0.0,0.0,0.0,0.004,1310988,1310988,6620172,197644,0,0,2176,2,2,2,1,4,0,0,0,0,0,0,0
42005000,42005000,4.065284e-09,2.6365971e-05,0.0036689423,6.252693e-05,0.011672091,0.11726323,8389351,65536,0.36531982,1.0168732,0.008042607,0.08477158,0.028109973,0.0010204624,0.0,0.0,0.0,0.004,1310988,1310988,6620172,197644,0,0,2176,2,2,2,1,4,0,0,0,0,0,0,0
42202000,42202000,2.6152367e-09,2.2141154e-05,0.0024765788,0.00015856938,0.09041694,0.03889631,8389351,65536,0.3125495,0.88271356,0.006111783,0.046180896,0.019601967,0.000979337,0.0,0.0,0.0,0.004,1310988,1310988,6620172,197644,0,0,2176,2,2,2,1,4,0,0,0,0,0,0,0
42404000,42404000,1.7167003e-09,2.0703039e-05,0.0025472098,0.00017204734,0.06367066,0.060171615,8389351,65536,0.29728147,0.7920746,0.00948593,0.030871633,0.043585453,0.00018298968,0.0,0.0,0.0,0.004,1310988,1310988,6620172,197644,0,0,2176,2,2,2,1,4,0,0,0,0,0,0,0
42604000,42604000,1.174305e-09,1.9492405e-05,0.0016477841,4.357607e-05,0.020367747,0.07929813,8389351,65536,0.33881795,0.74766916,0.012582639,0.030871633,0.043585453,0.0021824425,0.0,0.0,0.0,0.004,1310988,1310988,6620172,197644,0,0,2176,2,2,2,1,4,0,0,0,0,0,0,0
42805000,42805000,8.7382673e-10,1.858454e-05,0.001230315,4.1297015e-05,0.0066078873,0.096857,8389351,65536,0.40218106,0.7043582,0.009575832,0.030871633,0.043585453,9.089875e-06,0.0,0.0,0.0,0.004,1310988,1310988,6620172,197644,0,0,2176,2,2,2,1,4,0,0,0,0,0,0,0
43004000,43004000,6.357999e-10,1.7857872e-05,0.0012393093,1.5579075e-05,0.012159502,0.10423541,8389271,65536,0.48700014,0.6786598,0.0006774244,0.030871633,0.043585453,0.0015268114,0.0,0.0,0.0,0.004,1310988,1310988,6620172,197644,0,0,2176,2,2,2,1,4,0,0,0,0,0,0,0
43204000,43204000,5.2506305e-10,1.7976537e-05,0.00085841824,7.608766e-05,0.036291458,0.11291741,8389271,65536,0.37608126,0.6331632,0.0047637224,0.01621035,0.017961698,0.002727303,0.0,0.0,0.0,0.004,1310988,1310988,6620172,197644,0,0,2176,2,2,2,1,4,0,0,0,0,0,0,0
43403000,43403000,4.7429616e-10,1.8142697e-05,0.0011229517,2.7487762e-05,0.019067042,0.085221656,8389271,65536,0.3391416,0.6010524,7.3390205e-05,0.031997595,0.016142312,0.0007454967,0.0,0.0,0.0,0.004,1310988,1310988,6620172,197644,0,0,2176,2,2,2,1,4,0,0,0,0,0,0,0
43613000,43613000,4.2996665e-10,1.8213457e-05,0.0011520219,7.339351e-05,0.010082027,0.079856575,8389271,65536,0.3707151,0.58630383,0.0012354489,0.031997595,0.016142312,0.0024065252,0.0,0.0,0.0,0.004,1310988,1310988,6620172,197644,0,0,2176,2,2,2,1,4,0,0,0,0,0,0,0
43802000,43802000,3.893352e-10,1.8322502e-05,0.0010374909,5.7501657e-05,0.0125155,0.07823332,8389271,65536,0.41764507,0.5870285,0.000878879,0.031997595,0.016142312,0.0011248034,0.0,0.0,0.0,0.004,1310988,1310988,6620172,197644,0,0,2176,2,2,2,1,4,0,0,0,0,0,0,0
44012000,44012000,7.5134804e-10,1.8886572e-05,0.0010797346,5.828328e-05,0.015797835,0.06324906,8389271,65536,0.36147764,0.56035,0.0045758765,0.0219964,0.007106265,0.00031814515,0.0,0.0,0.0,0.004,1310988,1310988,6620172,197644,0,0,2176,2,2,2,1,4,0,0,0,0,0,0,0
44202000,44202000,1.0911759e-09,2.1258815e-05,0.003492597,6.393301e-05,0.15281844,0.021180762,8389271,65536,0.3285792,0.5392395,0.0008644074,0.13264826,0.012512914,0.003052918,0.0,0.0,0.0,0.004,1310988,1310988,6620172,197644,0,0,2176,2,2,2,1,4,0,0,0,0,0,0,0
44412000,44412000,1.1242353e-09,2.27666e-05,0.0030756616,7.1500166e-05,0.07790402,0.0044785235,8389271,65536,0.31072712,0.52347815,0.0026715365,0.050201375,0.023662938,0.007859002,0.0,0.0,0.0,0.004,1310988,1310988,6620172,197644,0,0,2176,2,2,2,1,4,0,0,0,0,0,0,0
44612000,44612000,1.1153173e-09,2.1594691e-05,0.0026346971,1.5845524e-05,0.01934606,0.039101824,8389271,65536,0.34564173,0.5214839,0.0034459673,0.050201375,0.023662938,0.008976674,0.0,0.0,0.0,0.004,1310988,1310988,6620172,197644,0,0,2176,2,2,2,1,4,0,0,0,0,0,0,0
44804000,44804000,1.0058627e-09,2.1613296e-05,0.0023743412,2.8110006e-05,0.015705384,0.06485015,8389271,65536,0.400178,0.52688706,0.0024562893,0.050201375,0.023662938,0.0109956665,0.0,0.0,0.0,0.004,1310988,1310988,6620172,197644,0,0,2176,2,2,2,1,4,0,0,0,0,0,0,0
45003000,45003000,8.5479424e-10,2.0640779e-05,0.0028830727,0.00010475374,0.12752634,0.133796,8389271,65536,0.34366563,0.5074657,0.0009540234,0.06894237,0.019219603,0.010695116,0.0,0.0,0.0,0.004,1310988,1310988,6620172,197644,0,0,2176,2,2,2,1,4,0,0,0,0,0,0,0
45203000,45203000,8.2036594e-10,2.0152775e-05,0.0028084544,2.902286e-05,0.06929517,0.118140064,8389271,65536,0.2852534,0.4906406,0.0042815525,0.03582555,0.01210225,0.006592552,0.0,0.0,0.0,0.004,1310988,1310988,6620172,197644,0,0,2176,2,2,2,1,4,0,0,0,0,0,0,0
45413000,45413000,7.747397e-10,1.9688981e-05,0.0029757258,2.11692e-05,0.04703159,0.093147114,8389271,65536,0.27504987,0.48100513,0.0050050714,0.012169281,0.0073811016,0.0068830918,0.0,0.0,0.0,0.004,1310988,1310988,6620172,197644,0,0,2176,2,2,2,1,4,0,0,0,0,0,0,0
45602000,45602000,7.1265405e-10,1.9445739e-05,0.003427099,2.012262e-05,0.028348347,0.07285647,8389271,65536,0.30020148,0.479627,0.008065651,0.012169281,0.0073811016,0.0069626537,0.0,0.0,0.0,0.004,1310988,1310988,6620172,197644,0,0,2176,2,2,2,1,4,0,0,0,0,0,0,0
45803000,45803000,6.7772615e-10,1.9148332e-05,0.0036676086,5.6348963e-05,0.020237774,0.059262075,8389271,65536,0.3488852,0.48757985,0.00256538,0.012169281,0.0073811016,0.00710248,0.0,0.0,0.0,0.004,1310988,1310988,6620172,197644,0,0,2176,2,2,2,1,4,0,0,0,0,0,0,0
46002000,46002000,6.770569e-10,1.910397e-05,0.0043827347,9.990564e-05,0.016152777,0.046736524,8389271,65536,0.4218246,0.50503165,0.0020934066,0.012169281,0.0073811016,0.0056655197,0.0,0.0,0.0,0.004,1310988,1310988,6620172,197644,0,0,2176,2,2,2,1,4,0,0,0,0,0,0,0
46202000,46202000,6.0481853e-10,1.8734645e-05,0.0043449216,2.8297614e-05,0.014051765,0.038189135,8389271,65536,0.5165504,0.53131,0.0007028962,0.012169281,0.0073811016,0.0032576376,0.0,0.0,0.0,0.004,1310988,1310988,6620172,197644,0,0,2176,2,2,2,1,4,0,0,0,0,0,0,0
46412000,46412000,6.317163e-10,1.988386e-05,0.0047194324,2.2305932e-05,0.013393138,0.03372099,8389271,65536,0.6358274,0.56757826,0.004265179,0.012169281,0.0073811016,0.0050186757,0.0,0.0,0.0,0.004,1310988,1310988,6620172,197644,0,0,2176,2,2,2,1,4,0,0,0,0,0,0,0
46605000,46605000,5.612795e-10,1.9770161e-05,0.0045640883,5.0487968e-05,0.011277382,0.02722645,8389271,65536,0.75859123,0.61034536,0.001663877,0.012169281,0.0073811016,0.0009811986,0.0,0.0,0.0,0.004,1310988,1310988,6620172,197644,0,0,2176,2,2,2,1,4,0,0,0,0,0,0,0
46802000,46802000,6.0632405e-10,2.0160716e-05,0.004040293,5.1555606e-05,0.010336178,0.023875298,8389271,65536,0.90107346,0.6495752,0.0011274732,0.012169281,0.0073811016,0.0041197143,0.0,0.0,0.0,0.004,1310988,1310988,6620172,197644,0,0,2176,2,2,2,1,4,0,0,0,0,0,0,0
47004000,47004000,6.3616273e-10,2.038588e-05,0.0033968394,3.5845846e-05,0.008834016,0.019411512,8389271,65536,1.0556828,0.6864606,0.0024973121,0.012169281,0.0073811016,0.002779198,0.0,0.0,0.0,0.004,1310988,1310988,6620172,197644,0,0,2176,2,2,2,1,4,0,0,0,0,0,0,0
47205000,47205000,5.148589e-10,1.8209612e-05,0.0022951681,3.408595e-05,0.00763779,0.015871884,535,65536,1.2213844,0.71854454,0.00045707152,0.012169281,0.0073811016,0.0010545407,0.0,0.0,0.0,0.004,1310988,1310988,6620172,197644,0,0,2240,2,2,2,1,4,0,0,0,0,0,0,0
47404000,47404000,4.5374385e-10,1.8756136e-05,0.0031504042,0.00023249017,0.05775537,0.0960765,535,65536,0.5487879,0.5984502,0.011934016,0.02405061,0.024993064,0.0013591516,0.0,0.0,0.0,0.004,1310988,1310988,6620172,197644,0,0,2240,2,2,2,1,4,0,0,0,0,0,0,0
47604000,47604000,3.9872e-10,1.8661045e-05,0.0020007002,3.9756906e-05,0.018753927,0.043575883,535,65536,0.5901621,0.6084614,0.004698982,0.02405061,0.024993064,0.0008709462,0.0,0.0,0.0,0.004,1310988,1310988,6620172,197644,0,0,2240,2,2,2,1,4,0,0,0,0,0,0,0
