timestamp,timestamp_sample,gyro_device_id,gyro_bias[0],gyro_bias[1],gyro_bias[2],gyro_bias_limit,gyro_bias_variance[0],gyro_bias_variance[1],gyro_bias_variance[2],accel_device_id,accel_bias[0],accel_bias[1],accel_bias[2],accel_bias_limit,accel_bias_variance[0],accel_bias_variance[1],accel_bias_variance[2],mag_device_id,mag_bias[0],mag_bias[1],mag_bias[2],mag_bias_limit,mag_bias_variance[0],mag_bias_variance[1],mag_bias_variance[2],gyro_bias_valid,accel_bias_valid,mag_bias_valid
3635000,3635000,1310996,-0.00038179263,0.00029917646,0.00010874796,0.34906584,3.150372e-05,3.150378e-05,5.8287287e-06,1310996,0.0,0.0,0.0010694682,0.4,0.00039638008,0.00039638008,0.00034101034,197388,0.0,0.0,0.0,0.5,0.0,0.0,0.0,1,1,0
4940000,4940000,1310996,-0.00034640214,0.00017388054,0.00010953724,0.34906584,1.03782395e-05,1.0378307e-05,1.8952627e-06,1310996,0.0,0.0,0.0022407763,0.4,0.00039930857,0.00039930857,0.00024317979,197388,0.0,0.0,0.0,0.5,0.0,0.0,0.0,1,1,0
5878000,5878000,1310996,-0.00041276333,-1.6132919e-05,0.00010948791,0.34906584,4.3223217e-06,4.3223663e-06,1.038439e-06,1310996,0.0,0.0,0.0033407153,0.4,0.00039927702,0.00039927702,0.00017754975,197388,0.0,0.0,0.0,0.5,0.0,0.0,0.0,1,1,0
7390000,7390000,1310996,-0.00028369346,-2.116855e-06,0.0001107977,0.34906584,8.0854943e-07,8.0855904e-07,6.6191427e-07,1310996,0.0,0.0,0.0044364287,0.4,0.0004004435,0.0004004435,0.0001024919,197388,0.0,0.0,0.0,0.5,0.0,0.0,0.0,1,1,0
11148000,11148000,1310996,-0.00020517777,8.1047816e-05,0.00017254682,0.34906584,5.2265636e-07,5.2266137e-07,5.137774e-07,1310996,0.0,0.0,0.003432105,0.4,0.0003997797,0.0003997797,2.5359443e-05,197388,0.0,0.0,0.0,0.5,0.0,0.0,0.0,1,1,0
12611000,12611000,1310996,-0.00030652725,0.0006041037,0.00012968444,0.34906584,3.9087757e-07,3.9088073e-07,3.9792874e-07,1310996,0.0,0.0,0.002217297,0.4,0.0004003028,0.0004003028,1.6377964e-05,197388,0.0,0.0,0.0,0.5,0.0,0.0,0.0,1,1,0
14709000,14709000,1310996,0.0007143034,0.000114715025,-8.213016e-05,0.34906584,7.992602e-08,7.992593e-08,2.5236992e-07,1310996,0.0,0.0,0.0024033284,0.4,0.00039936948,0.00039936948,1.2600882e-05,197388,0.0,0.0,0.0,0.5,0.0,0.0,0.0,1,1,0
14809000,14809000,1310996,0.0006971172,0.00020386181,-5.2588402e-05,0.34906584,5.7351023e-08,5.735081e-08,2.4668515e-07,1310996,0.0,0.0,0.0037582144,0.4,0.0003993914,0.0003993914,1.2267279e-05,197388,0.0,0.0,0.0,0.5,0.0,0.0,0.0,1,1,0
14905000,14901000,1310996,0.0006254443,0.00036213174,-1.9632229e-05,0.34906584,4.8119933e-08,4.8119684e-08,2.4065153e-07,1310996,0.0,0.0,0.0050487793,0.4,0.00039863316,0.00039863316,1.195378e-05,197388,0.0,0.0,0.0,0.5,0.0,0.0,0.0,1,1,0
15014000,15010000,1310996,0.0005605794,0.00045963208,2.0165768e-05,0.34906584,4.275325e-08,4.2752987e-08,2.3567185e-07,1310996,0.0,0.0,0.0062025003,0.4,0.00039945787,0.00039945787,1.1716099e-05,197388,0.0,0.0,0.0,0.5,0.0,0.0,0.0,1,1,0
15114000,15110000,1310996,0.0006011595,0.0005246865,4.7550024e-05,0.34906584,3.910023e-08,3.909995e-08,2.3101958e-07,1310996,0.0,0.0,0.0072580306,0.4,0.00040067575,0.00040067575,1.1512661e-05,197388,0.0,0.0,0.0,0.5,0.0,0.0,0.0,1,1,0
15215000,15211000,1310996,0.00063952437,0.0005593799,6.868914e-05,0.34906584,3.6211645e-08,3.6211368e-08,2.257572e-07,1310996,0.0,0.0,0.008368572,0.4,0.00040064965,0.00040064965,1.1291651e-05,197388,0.0,0.0,0.0,0.5,0.0,0.0,0.0,1,1,0
15405000,15401000,1310996,0.00048352627,0.00049968273,0.00012301441,0.34906584,3.1831622e-08,3.1831362e-08,2.157557e-07,1310996,0.0,0.0,0.0063598924,0.4,0.00039905426,0.00039905426,1.0853385e-05,197388,0.0,0.0,0.0,0.5,0.0,0.0,0.0,1,1,0
15505000,15501000,1310996,0.000538276,0.00053703925,0.00014741356,0.34906584,3.028291e-08,3.028266e-08,2.1170413e-07,1310996,0.0,0.0,0.0051588677,0.4,0.00040064385,0.00040064385,1.07343485e-05,197388,0.0,0.0,0.0,0.5,0.0,0.0,0.0,1,1,0
15615000,15611000,1310996,0.0006134052,0.00057551387,0.00017826291,0.34906584,2.8684175e-08,2.8683939e-08,2.0535153e-07,1310996,0.0,0.0,0.0040129963,0.4,0.00039945266,0.00039945266,1.05073905e-05,197388,0.0,0.0,0.0,0.5,0.0,0.0,0.0,1,1,0
16005000,16001000,1310996,0.00040897954,0.00060769485,0.00024782907,0.34906584,2.4101276e-08,2.4101103e-08,1.8873195e-07,1310996,0.0,0.0,0.005171949,0.4,0.00040036743,0.00040036743,9.900372e-06,197388,0.0,0.0,0.0,0.5,0.0,0.0,0.0,1,1,0
16905000,16901000,1310996,0.00030237704,0.0006714669,0.000367397,0.34906584,1.7524377e-08,1.7524435e-08,1.5402792e-07,1310996,0.0,0.0,0.006219315,0.4,0.00040018724,0.00040018724,8.593102e-06,197388,0.0,0.0,0.0,0.5,0.0,0.0,0.0,1,1,0
17405000,17401000,1310996,0.00030919997,0.00052017666,0.00039064602,0.34906584,1.5076695e-08,1.5076855e-08,1.3800002e-07,1310996,0.0,0.0,0.0074374904,0.4,0.00040025276,0.00040025276,7.903615e-06,197388,0.0,0.0,0.0,0.5,0.0,0.0,0.0,1,1,0
17605000,17601000,1310996,0.00039167062,0.000559878,0.0004068522,0.34906584,1.4250554e-08,1.4250751e-08,1.3214753e-07,1310996,0.0,0.0,0.0051661218,0.4,0.00040028003,0.00040028003,7.633738e-06,197388,0.0,0.0,0.0,0.5,0.0,0.0,0.0,1,1,0
18315000,18311000,1310996,0.00018205678,0.00018421323,0.00047819034,0.34906584,1.1846043e-08,1.1846375e-08,1.1395072e-07,1310996,0.0,0.0,0.0038541849,0.4,0.0004005952,0.0004005952,6.724909e-06,197388,0.0,0.0,0.0,0.5,0.0,0.0,0.0,1,1,0
19746000,19746000,1310996,-4.4230484e-05,3.4958826e-05,0.00051702576,0.34906584,9.035426e-09,9.035922e-09,9.178815e-08,1310996,0.0027707436,0.0010541219,0.0035827928,0.4,0.00041177054,0.00041177054,6.297195e-06,197388,0.0,0.0,0.0,0.5,0.0,0.0,0.0,1,1,0
19843000,19843000,1310996,-3.748196e-05,1.4890262e-06,0.0005102195,0.34906584,8.806701e-09,8.8072e-09,8.96475e-08,1310996,0.0076357475,0.0030363554,0.0032746904,0.4,0.00040508094,0.00040508094,6.2737113e-06,197388,0.0,0.0,0.0,0.5,0.0,0.0,0.0,1,1,0
19944000,19944000,1310996,-1.0579213e-05,3.4416672e-08,0.0005147105,0.34906584,8.594361e-09,8.594861e-09,8.750177e-08,1310996,0.008160879,0.0074937837,0.0030191208,0.4,0.00039242127,0.00039242124,6.24392e-06,197388,0.0,0.0,0.0,0.5,0.0,0.0,0.0,1,1,0
20046000,20046000,1310996,1.017415e-05,3.1642082e-06,0.00050933304,0.34906584,8.4116465e-09,8.4121465e-09,8.544239e-08,1310996,0.007322526,0.011966132,0.0028301917,0.4,0.0003739302,0.00037393015,6.2141917e-06,197388,0.0,0.0,0.0,0.5,0.0,0.0,0.0,1,1,0
20143000,20143000,1310996,-1.3824494e-05,1.5744941e-05,0.0005111287,0.34906584,8.268901e-09,8.269402e-09,8.3553026e-08,1310996,0.0020846934,0.007112618,0.0031916816,0.4,0.00035086612,0.000350866,6.1908495e-06,197388,0.0,0.0,0.0,0.5,0.0,0.0,0.0,1,1,0
20243000,20243000,1310996,-3.6113157e-05,2.7935423e-05,0.0005051084,0.34906584,8.1727665e-09,8.1732665e-09,8.190257e-08,1310996,-0.0042005633,0.0014290167,0.0036954037,0.4,0.000325122,0.0003251219,6.1795818e-06,197388,0.0,0.0,0.0,0.5,0.0,0.0,0.0,1,1,0
20343000,20343000,1310996,-3.927843e-05,2.67269e-05,0.00049554347,0.34906584,8.076672e-09,8.077168e-09,8.005559e-08,1310996,0.0016824547,0.0065954803,0.0034059172,0.4,0.00029688625,0.0002968861,6.147733e-06,197388,0.0,0.0,0.0,0.5,0.0,0.0,0.0,1,1,0
20446000,20446000,1310996,-4.1448035e-05,2.511568e-05,0.00048713794,0.34906584,8.012369e-09,8.012864e-09,7.8666766e-08,1310996,0.00855233,0.012833735,0.0027768838,0.4,0.00026918983,0.00026918968,6.1213345e-06,197388,0.0,0.0,0.0,0.5,0.0,0.0,0.0,1,1,0
20545000,20545000,1310996,-5.323064e-05,4.888359e-06,0.0004831596,0.34906584,7.968944e-09,7.969435e-09,7.703283e-08,1310996,0.02164826,-0.0012758258,0.0024255007,0.4,0.00024288455,0.00024288439,6.0950006e-06,197388,0.0,0.0,0.0,0.5,0.0,0.0,0.0,1,1,0
20646000,20646000,1310996,-6.254274e-05,-9.636625e-06,0.00047368527,0.34906584,7.929859e-09,7.930347e-09,7.535819e-08,1310996,0.032619484,-0.015773341,0.0024738503,0.4,0.00021835946,0.0002183593,6.059676e-06,197388,0.0,0.0,0.0,0.5,0.0,0.0,0.0,1,1,0
20746000,20746000,1310996,-7.471025e-05,-6.4697215e-06,0.00047219393,0.34906584,7.925644e-09,7.926129e-09,7.39704e-08,1310996,0.034147684,-0.026314382,0.002610907,0.4,0.00019690848,0.0001969084,6.0417296e-06,197388,0.0,0.0,0.0,0.5,0.0,0.0,0.0,1,1,0
20856000,20856000,1310996,-8.278534e-05,-2.698225e-06,0.00046603664,0.34906584,7.895877e-09,7.896357e-09,7.2045445e-08,1310996,0.034804165,-0.034298044,0.0026996175,0.4,0.00017681104,0.00017681104,5.996524e-06,197388,0.0,0.0,0.0,0.5,0.0,0.0,0.0,1,1,0
20946000,20946000,1310996,-8.68294e-05,3.8148255e-06,0.00046756992,0.34906584,7.88628e-09,7.886759e-09,7.088315e-08,1310996,0.036203012,-0.030016217,0.0033662864,0.4,0.0001600415,0.00016004157,5.9632084e-06,197388,0.0,0.0,0.0,0.5,0.0,0.0,0.0,1,1,0
21056000,21056000,1310996,-9.0398375e-05,1.0333801e-05,0.0004525048,0.34906584,7.88072e-09,7.8811935e-09,6.947686e-08,1310996,0.03697997,-0.024759954,0.0038714716,0.4,0.00014518818,0.00014518831,5.9267513e-06,197388,0.0,0.0,0.0,0.5,0.0,0.0,0.0,1,1,0
21145000,21145000,1310996,-8.01978e-05,5.6626604e-06,0.0004477117,0.34906584,7.877062e-09,7.877531e-09,6.8123576e-08,1310996,0.034582898,-0.015768845,0.0040400494,0.4,0.00013258238,0.00013258249,5.8899336e-06,197388,0.0,0.0,0.0,0.5,0.0,0.0,0.0,1,1,0
21245000,21245000,1310996,-7.24023e-05,1.4344207e-06,0.00044158753,0.34906584,7.898727e-09,7.899194e-09,6.70031e-08,1310996,0.031209324,-0.007869279,0.004115249,0.4,0.00012195308,0.00012195317,5.8679875e-06,197388,0.0,0.0,0.0,0.5,0.0,0.0,0.0,1,1,0
21345000,21345000,1310996,-7.8186e-05,2.0586751e-06,0.00043018474,0.34906584,7.897444e-09,7.897905e-09,6.57121e-08,1310996,0.030226218,-0.0042584417,0.004520235,0.4,0.00011238498,0.00011238506,5.8260116e-06,197388,0.0,0.0,0.0,0.5,0.0,0.0,0.0,1,1,0
21445000,21445000,1310996,-8.3742154e-05,2.801692e-06,0.00042558313,0.34906584,7.897579e-09,7.898034e-09,6.446107e-08,1310996,0.029091839,-0.0013130088,0.004867298,0.4,0.00010411358,0.000104113715,5.782391e-06,197388,0.0,0.0,0.0,0.5,0.0,0.0,0.0,1,1,0
21745000,21745000,1310996,-9.02744e-05,1.4838981e-05,0.00040590527,0.34906584,7.902627e-09,7.903053e-09,6.090774e-08,1310996,0.023050517,-0.0061456864,0.0032678063,0.4,8.52836e-05,8.5284024e-05,5.6396257e-06,197388,0.0,0.0,0.0,0.5,0.0,0.0,0.0,1,1,0
21845000,21845000,1310996,-8.780472e-05,1.2576703e-05,0.00040572867,0.34906584,7.905902e-09,7.906315e-09,5.9787766e-08,1310996,0.01667483,-0.010831056,0.0019782574,0.4,8.051909e-05,8.0519625e-05,5.588477e-06,197388,0.0,0.0,0.0,0.5,0.0,0.0,0.0,1,1,0
21945000,21945000,1310996,-8.399849e-05,1.4913468e-05,0.00040192992,0.34906584,7.909879e-09,7.910276e-09,5.8697793e-08,1310996,0.01765994,-0.013700505,0.0009793082,0.4,7.633821e-05,7.633892e-05,5.5356504e-06,197388,0.0,0.0,0.0,0.5,0.0,0.0,0.0,1,1,0
22045000,22045000,1310996,-8.06278e-05,1.726271e-05,0.00039880112,0.34906584,7.914516e-09,7.914894e-09,5.7636623e-08,1310996,0.01886926,-0.015557128,0.00013987834,0.4,7.266015e-05,7.266107e-05,5.481216e-06,197388,0.0,0.0,0.0,0.5,0.0,0.0,0.0,1,1,0
22145000,22145000,1310996,-8.3958934e-05,1.346393e-05,0.00039538683,0.34906584,7.919779e-09,7.920135e-09,5.6603124e-08,1310996,0.01334855,-0.012527186,-0.00068590994,0.4,6.9422e-05,6.9423135e-05,5.4252623e-06,197388,0.0,0.0,0.0,0.5,0.0,0.0,0.0,1,1,0
22245000,22245000,1310996,-8.718486e-05,9.937668e-06,0.00039862175,0.34906584,7.925577e-09,7.925909e-09,5.5596225e-08,1310996,0.0074836263,-0.008968478,-0.0012251077,0.4,6.655253e-05,6.655397e-05,5.3678755e-06,197388,0.0,0.0,0.0,0.5,0.0,0.0,0.0,1,1,0
22346000,22346000,1310996,-8.6041626e-05,1.0813783e-05,0.0003887538,0.34906584,7.931844e-09,7.93215e-09,5.4614954e-08,1310996,0.00062925677,-0.0053584804,-0.0008491533,0.4,6.399793e-05,6.399965e-05,5.3091535e-06,197388,0.0,0.0,0.0,0.5,0.0,0.0,0.0,1,1,0
22446000,22446000,1310996,-8.492186e-05,1.1867592e-05,0.00037731108,0.34906584,7.930525e-09,7.930803e-09,5.3604108e-08,1310996,-0.004990571,-0.0023372802,-0.00026642904,0.4,6.166559e-05,6.166758e-05,5.2438913e-06,197388,0.0,0.0,0.0,0.5,0.0,0.0,0.0,1,1,0
22646000,22646000,1310996,-8.367853e-05,1.4987767e-05,0.0003645621,0.34906584,7.9475715e-09,7.947812e-09,5.177303e-08,1310996,-0.0031226713,-0.0036347674,0.00072941126,0.4,5.9416947e-05,5.9419224e-05,5.176945e-06,197388,0.0,0.0,0.0,0.5,0.0,0.0,0.0,1,1,0
22755000,22755000,1310996,-8.267201e-05,1.8368853e-05,0.00035851297,0.34906584,7.940691e-09,7.940895e-09,5.0788408e-08,1310996,-0.0057133343,-0.0047820336,0.0017566171,0.4,5.736997e-05,5.7372556e-05,5.0992708e-06,197388,0.0,0.0,0.0,0.5,0.0,0.0,0.0,1,1,0
22856000,22856000,1310996,-8.113003e-05,1.9900399e-05,0.00035719268,0.34906584,7.9727345e-09,7.972903e-09,5.007699e-08,1310996,-0.00796431,-0.005340701,0.0027397405,0.4,5.585303e-05,5.5855944e-05,5.0464787e-06,197388,0.0,0.0,0.0,0.5,0.0,0.0,0.0,1,1,0
22956000,22956000,1310996,-7.8362296e-05,2.1108503e-05,0.00034546785,0.34906584,7.972784e-09,7.972919e-09,4.9182614e-08,1310996,-0.010593633,-0.0025645026,0.002898178,0.4,5.432662e-05,5.4329845e-05,5.008485e-06,197388,0.0,0.0,0.0,0.5,0.0,0.0,0.0,1,1,0
23053000,23053000,1310996,-7.6307064e-05,2.1737429e-05,0.00034720328,0.34906584,7.981332e-09,7.981434e-09,4.8361084e-08,1310996,-0.012521621,-0.00025320912,0.0030843872,0.4,5.3041007e-05,5.3044543e-05,5.008155e-06,197388,0.0,0.0,0.0,0.5,0.0,0.0,0.0,1,1,0
23153000,23153000,1310996,-7.40234e-05,2.0178157e-05,0.00034386627,0.34906584,7.981142e-09,7.981212e-09,4.750562e-08,1310996,-0.010883651,0.0019198954,0.0032981578,0.4,5.1862302e-05,5.1866133e-05,5.0024546e-06,197388,0.0,0.0,0.0,0.5,0.0,0.0,0.0,1,1,0
23253000,23253000,1310996,-7.163392e-05,1.8120834e-05,0.00033512764,0.34906584,7.988654e-09,7.9886915e-09,4.6716263e-08,1310996,-0.008962038,0.0039587566,0.0035505875,0.4,5.087422e-05,5.0878323e-05,5.001739e-06,197388,0.0,0.0,0.0,0.5,0.0,0.0,0.0,1,1,0
23356000,23356000,1310996,-7.373955e-05,2.0768755e-05,0.0003339596,0.34906584,7.995957e-09,7.995963e-09,4.594538e-08,1310996,-0.011085323,0.0020402912,0.0033567997,0.4,5.000577e-05,5.0010134e-05,5.0010913e-06,197388,0.0,0.0,0.0,0.5,0.0,0.0,0.0,1,1,0
23456000,23456000,1310996,-7.6920755e-05,2.426883e-05,0.00033114565,0.34906584,8.011352e-09,8.011328e-09,4.5239453e-08,1310996,-0.01342021,-0.00012925005,0.0031823476,0.4,4.928936e-05,4.929397e-05,5.005712e-06,197388,0.0,0.0,0.0,0.5,0.0,0.0,0.0,1,1,0
23656000,23656000,1310996,-8.224303e-05,1.7320215e-05,0.0003249246,0.34906584,8.027341e-09,8.027287e-09,4.3791246e-08,1310996,-0.010257936,-0.002425224,0.003614215,0.4,4.856509e-05,4.856984e-05,5.0055887e-06,197388,0.0,0.0,0.0,0.5,0.0,0.0,0.0,1,1,0
23756000,23756000,1310996,-8.984553e-05,1.0881977e-05,0.0003199538,0.34906584,8.032619e-09,8.032537e-09,4.3091124e-08,1310996,-0.0076601906,-0.0050771423,0.0043919072,0.4,4.795131e-05,4.795625e-05,5.0055355e-06,197388,0.0,0.0,0.0,0.5,0.0,0.0,0.0,1,1,0
23846000,23846000,1310996,-0.00010003317,6.9194734e-06,0.00031614417,0.34906584,8.019773e-09,8.019666e-09,4.245766e-08,1310996,-0.006482985,-0.008343476,0.0051827603,0.4,4.734421e-05,4.734933e-05,4.99544e-06,197388,0.0,0.0,0.0,0.5,0.0,0.0,0.0,1,1,0
23946000,23946000,1310996,-0.00010918513,4.543862e-06,0.00031720937,0.34906584,8.0392795e-09,8.039147e-09,4.1870827e-08,1310996,-0.005870139,-0.010831648,0.0064534964,0.4,4.7002606e-05,4.7007925e-05,5.0054973e-06,197388,0.0,0.0,0.0,0.5,0.0,0.0,0.0,1,1,0
24046000,24046000,1310996,-0.0001171452,9.3688726e-07,0.00031777663,0.34906584,8.041413e-09,8.0412565e-09,4.1212758e-08,1310996,-0.0049453294,-0.012665536,0.007730087,0.4,4.6629844e-05,4.6635323e-05,5.0054527e-06,197388,0.0,0.0,0.0,0.5,0.0,0.0,0.0,1,1,0
24246000,24246000,1310996,-0.0001313477,7.233274e-06,0.0003088036,0.34906584,8.040828e-09,8.040647e-09,3.9938275e-08,1310996,-0.004738822,-0.014214002,0.01670088,0.4,4.6369965e-05,4.6375582e-05,5.0052804e-06,197388,0.0,0.0,0.0,0.5,0.0,0.0,0.0,1,1,0
24653000,24653000,1310996,-5.8450096e-05,6.0349434e-05,0.0002849276,0.34906584,7.595323e-09,7.59503e-09,3.738736e-08,1310996,-0.00527181,-0.012019624,0.016549861,0.4,4.6107045e-05,4.6112604e-05,4.998918e-06,197388,0.0,0.0,0.0,0.5,0.0,0.0,0.0,1,1,0
24856000,24856000,1310996,-2.8766633e-05,8.777886e-05,0.0002769083,0.34906584,7.253905e-09,7.2535804e-09,3.626832e-08,1310996,-0.0061395196,-0.010895497,0.016625993,0.4,4.5540568e-05,4.5546007e-05,4.9982004e-06,197388,0.0,0.0,0.0,0.5,0.0,0.0,0.0,1,1,0
25056000,25056000,1310996,-1.1541625e-05,0.00011183155,0.0002780912,0.34906584,6.947705e-09,6.9473574e-09,3.6103433e-08,1310996,-0.0074468036,-0.009739315,0.01669024,0.4,4.4600696e-05,4.4605953e-05,5.0032777e-06,197388,0.0,0.0,0.0,0.5,0.0,0.0,0.0,1,1,0
25156000,25156000,1310996,3.2453208e-06,0.00013299641,0.00027779248,0.34906584,6.837163e-09,6.8368053e-09,3.6114372e-08,1310996,-0.008978207,-0.008815539,0.016896445,0.4,4.3937576e-05,4.3942702e-05,5.0034455e-06,197388,0.0,0.0,0.0,0.5,0.0,0.0,0.0,1,1,0
25256000,25256000,1310996,1.6770922e-05,0.0001482866,0.00027737112,0.34906584,6.7501427e-09,6.749778e-09,3.6125087e-08,1310996,-0.010322727,-0.007814778,0.017142141,0.4,4.316676e-05,4.3171727e-05,5.003598e-06,197388,0.0,0.0,0.0,0.5,0.0,0.0,0.0,1,1,0
25353000,25353000,1310996,3.2444816e-05,0.00012336494,0.0002766377,0.34906584,6.6828787e-09,6.6825043e-09,3.613554e-08,1310996,-0.0074429708,-0.005988561,0.017424028,0.4,4.2301213e-05,4.2306005e-05,5.0037347e-06,197388,0.0,0.0,0.0,0.5,0.0,0.0,0.0,1,1,0
25453000,25453000,1310996,5.140957e-05,9.197015e-05,0.00027533996,0.34906584,6.625335e-09,6.6249513e-09,3.610812e-08,1310996,-0.0037909017,-0.00402647,0.01769537,0.4,4.1316463e-05,4.1321087e-05,4.9986566e-06,197388,0.0,0.0,0.0,0.5,0.0,0.0,0.0,1,1,0
25553000,25553000,1310996,6.9767586e-05,9.154362e-05,0.0002747232,0.34906584,6.587986e-09,6.5875914e-09,3.6114596e-08,1310996,-0.0041406397,-0.0017340443,0.01753064,0.4,4.0318024e-05,4.0322506e-05,4.998305e-06,197388,0.0,0.0,0.0,0.5,0.0,0.0,0.0,1,1,0
25653000,25653000,1310996,7.890214e-05,9.57902e-05,0.0002746569,0.34906584,6.5620958e-09,6.561692e-09,3.6121037e-08,1310996,-0.005155844,-9.800412e-06,0.017324694,0.4,3.9289796e-05,3.9294147e-05,4.9979876e-06,197388,0.0,0.0,0.0,0.5,0.0,0.0,0.0,1,1,0
25753000,25753000,1310996,7.213791e-05,9.0356436e-05,0.00027481277,0.34906584,6.5454326e-09,6.5450214e-09,3.6127382e-08,1310996,-0.004332637,-0.0013173458,0.017620074,0.4,3.8255414e-05,3.8259688e-05,4.9976998e-06,197388,0.0,0.0,0.0,0.5,0.0,0.0,0.0,1,1,0
25855000,25855000,1310996,6.566279e-05,8.4594496e-05,0.00027502456,0.34906584,6.5360197e-09,6.535601e-09,3.6133564e-08,1310996,-0.0034078287,-0.0031474752,0.01796687,0.4,3.7236765e-05,3.7241025e-05,4.9974406e-06,197388,0.0,0.0,0.0,0.5,0.0,0.0,0.0,1,1,0
25955000,25955000,1310996,5.5382447e-05,8.39412e-05,0.00027556738,0.34906584,6.5455525e-09,6.545128e-09,3.621367e-08,1310996,-0.0038425946,-0.006485328,0.017807975,0.4,3.632506e-05,3.632932e-05,5.0074586e-06,197388,0.0,0.0,0.0,0.5,0.0,0.0,0.0,1,1,0
26055000,26055000,1310996,4.78836e-05,8.231179e-05,0.0002757685,0.34906584,6.545757e-09,6.545328e-09,3.6219234e-08,1310996,-0.0044069868,-0.00965943,0.017532572,0.4,3.5384834e-05,3.5389094e-05,5.0072267e-06,197388,0.0,0.0,0.0,0.5,0.0,0.0,0.0,1,1,0
26155000,26155000,1310996,4.430886e-05,7.758739e-05,0.00027520012,0.34906584,6.548898e-09,6.548467e-09,3.6224474e-08,1310996,-0.0036386813,-0.011820743,0.017263325,0.4,3.4503122e-05,3.450736e-05,5.0070166e-06,197388,0.0,0.0,0.0,0.5,0.0,0.0,0.0,1,1,0
26256000,26256000,1310996,3.792955e-05,7.537155e-05,0.00027463067,0.34906584,6.554062e-09,6.5536305e-09,3.6229345e-08,1310996,-0.003021363,-0.013843267,0.017008506,0.4,3.3686214e-05,3.3690383e-05,5.006827e-06,197388,0.0,0.0,0.0,0.5,0.0,0.0,0.0,1,1,0
26455000,26455000,1310996,3.489235e-05,7.1392154e-05,0.00027434833,0.34906584,6.568952e-09,6.5685213e-09,3.6243716e-08,1310996,-0.0017211802,-0.0126421675,0.017418899,0.4,3.2262742e-05,3.22666e-05,5.0073268e-06,197388,0.0,0.0,0.0,0.5,0.0,0.0,0.0,1,1,0
26555000,26555000,1310996,3.3537486e-05,6.91797e-05,0.00027433044,0.34906584,6.5766415e-09,6.5762116e-09,3.6246483e-08,1310996,-0.00073483924,-0.0136067765,0.016584601,0.4,3.1647996e-05,3.165165e-05,5.0071067e-06,197388,0.0,0.0,0.0,0.5,0.0,0.0,0.0,1,1,0
26655000,26655000,1310996,3.2591528e-05,7.197643e-05,0.00027408468,0.34906584,6.5845946e-09,6.584163e-09,3.624875e-08,1310996,-0.000403434,-0.014495445,0.01565194,0.4,3.109686e-05,3.1100306e-05,5.006909e-06,197388,0.0,0.0,0.0,0.5,0.0,0.0,0.0,1,1,0
26755000,26755000,1310996,3.1250856e-05,7.524339e-05,0.00027444868,0.34906584,6.5926704e-09,6.592236e-09,3.6250444e-08,1310996,0.00039004235,-0.013178944,0.015498764,0.4,3.060509e-05,3.0608324e-05,5.006729e-06,197388,0.0,0.0,0.0,0.5,0.0,0.0,0.0,1,1,0
26854000,26854000,1310996,2.8563523e-05,7.792546e-05,0.00027513053,0.34906584,6.6008004e-09,6.6003625e-09,3.625154e-08,1310996,0.0012041059,-0.011968427,0.015470051,0.4,3.0167846e-05,3.0170915e-05,5.006567e-06,197388,0.0,0.0,0.0,0.5,0.0,0.0,0.0,1,1,0
26954000,26954000,1310996,2.752961e-05,7.919134e-05,0.00027380922,0.34906584,6.5895565e-09,6.589116e-09,3.6145504e-08,1310996,0.0007786318,-0.012589571,0.014805289,0.4,2.9695824e-05,2.9698742e-05,4.9917167e-06,197388,0.0,0.0,0.0,0.5,0.0,0.0,0.0,1,1,0
27054000,27054000,1310996,2.809031e-05,8.170703e-05,0.00027374318,0.34906584,6.5983192e-09,6.597875e-09,3.614845e-08,1310996,7.545731e-05,-0.013124466,0.01414316,0.4,2.9359648e-05,2.9362462e-05,4.992028e-06,197388,0.0,0.0,0.0,0.5,0.0,0.0,0.0,1,1,0
27154000,27154000,1310996,2.9703413e-05,8.520732e-05,0.00027332327,0.34906584,6.6070824e-09,6.606635e-09,3.6150357e-08,1310996,0.00018491004,-0.014188684,0.014558122,0.4,2.9063403e-05,2.906615e-05,4.9923106e-06,197388,0.0,0.0,0.0,0.5,0.0,0.0,0.0,1,1,0
27255000,27255000,1310996,2.9802504e-05,8.557648e-05,0.00027274678,0.34906584,6.61588e-09,6.6154286e-09,3.61512e-08,1310996,0.0009988018,-0.01528803,0.015070951,0.4,2.8803008e-05,2.8805727e-05,4.9925666e-06,197388,0.0,0.0,0.0,0.5,0.0,0.0,0.0,1,1,0
27453000,27453000,1310996,2.526343e-05,8.495378e-05,0.00027357973,0.34906584,6.639439e-09,6.638981e-09,3.618098e-08,1310996,0.0009346054,-0.013628981,0.014078745,0.4,2.8395458e-05,2.8398186e-05,4.9973364e-06,197388,0.0,0.0,0.0,0.5,0.0,0.0,0.0,1,1,0
27553000,27553000,1310996,2.3193177e-05,8.34702e-05,0.00027417755,0.34906584,6.647979e-09,6.647517e-09,3.6175532e-08,1310996,-0.000102910744,-0.012591836,0.013197381,0.4,2.8216404e-05,2.8219154e-05,4.9971113e-06,197388,0.0,0.0,0.0,0.5,0.0,0.0,0.0,1,1,0
27653000,27653000,1310996,2.0809106e-05,8.0173944e-05,0.000274401,0.34906584,6.656713e-09,6.6562476e-09,3.6169236e-08,1310996,-0.0006529339,-0.011867701,0.01228913,0.4,2.8059625e-05,2.8062397e-05,4.996908e-06,197388,0.0,0.0,0.0,0.5,0.0,0.0,0.0,1,1,0
27753000,27753000,1310996,2.1691774e-05,7.74805e-05,0.00027341396,0.34906584,6.665647e-09,6.665179e-09,3.616205e-08,1310996,-0.0010402787,-0.012875466,0.012100854,0.4,2.7922746e-05,2.792554e-05,4.996724e-06,197388,0.0,0.0,0.0,0.5,0.0,0.0,0.0,1,1,0
27854000,27854000,1310996,2.2296892e-05,7.72878e-05,0.00027310103,0.34906584,6.674772e-09,6.6743016e-09,3.6153914e-08,1310996,-0.0018396731,-0.013947515,0.012011381,0.4,2.7803255e-05,2.7806072e-05,4.9965574e-06,197388,0.0,0.0,0.0,0.5,0.0,0.0,0.0,1,1,0
28153000,28153000,1310996,2.2386166e-05,7.822064e-05,0.0002716632,0.34906584,6.704798e-09,6.7043304e-09,3.61339e-08,1310996,-0.0029173463,-0.01497166,0.0118904775,0.4,2.7599819e-05,2.7602631e-05,4.997069e-06,197388,0.0,0.0,0.0,0.5,0.0,0.0,0.0,1,1,0
28253000,28253000,1310996,2.1623222e-05,7.818737e-05,0.0002713257,0.34906584,6.7143207e-09,6.7138526e-09,3.6120923e-08,1310996,-0.0034898466,-0.015758613,0.011241355,0.4,2.7517694e-05,2.7520502e-05,4.99687e-06,197388,0.0,0.0,0.0,0.5,0.0,0.0,0.0,1,1,0
28453000,28453000,1310996,2.0210286e-05,7.796306e-05,0.00026790606,0.34906584,6.726909e-09,6.72644e-09,3.605667e-08,1310996,-0.0035292448,-0.016723756,0.009982685,0.4,2.7362119e-05,2.7364891e-05,4.9916853e-06,197388,0.0,0.0,0.0,0.5,0.0,0.0,0.0,1,1,0
28553000,28553000,1310996,2.0344138e-05,7.7213364e-05,0.00026573232,0.34906584,6.7438455e-09,6.7433747e-09,3.608031e-08,1310996,-0.0032505665,-0.016662356,0.008857459,0.4,2.7341912e-05,2.7344666e-05,4.99708e-06,197388,0.0,0.0,0.0,0.5,0.0,0.0,0.0,1,1,0
28654000,28654000,1310996,2.2140946e-05,7.535693e-05,0.000265128,0.34906584,6.753062e-09,6.7525896e-09,3.6062197e-08,1310996,-0.0027158647,-0.016050382,0.007712483,0.4,2.7298633e-05,2.7301357e-05,4.996879e-06,197388,0.0,0.0,0.0,0.5,0.0,0.0,0.0,1,1,0
28754000,28754000,1310996,2.4707242e-05,7.4575306e-05,0.00026399386,0.34906584,6.782411e-09,6.781936e-09,3.6151253e-08,1310996,-0.0024244257,-0.015403638,0.0069757514,0.4,2.7343087e-05,2.734579e-05,5.011723e-06,197388,0.0,0.0,0.0,0.5,0.0,0.0,0.0,1,1,0
28854000,28854000,1310996,2.6260417e-05,7.4858566e-05,0.0002623553,0.34906584,6.76437e-09,6.7638948e-09,3.5988442e-08,1310996,-0.0025615853,-0.015033342,0.00565061,0.4,2.7204665e-05,2.7207327e-05,4.9918394e-06,197388,0.0,0.0,0.0,0.5,0.0,0.0,0.0,1,1,0
29054000,29054000,1310996,3.2142925e-05,7.691808e-05,0.0002611687,0.34906584,6.7822072e-09,6.781727e-09,3.594945e-08,1310996,-0.002901998,-0.014150901,0.004221136,0.4,2.715158e-05,2.7154168e-05,4.9924115e-06,197388,0.0,0.0,0.0,0.5,0.0,0.0,0.0,1,1,0
29154000,29154000,1310996,3.2888587e-05,7.90042e-05,0.0002601223,0.34906584,6.790822e-09,6.7903394e-09,3.5927506e-08,1310996,-0.0031703839,-0.013953242,0.0031953303,0.4,2.712372e-05,2.7126272e-05,4.9926575e-06,197388,0.0,0.0,0.0,0.5,0.0,0.0,0.0,1,1,0
29355000,29355000,1310996,3.0458956e-05,7.9805344e-05,0.0002586347,0.34906584,6.807236e-09,6.8067476e-09,3.58786e-08,1310996,-0.0030139333,-0.014401272,0.0020188976,0.4,2.706536e-05,2.7067857e-05,4.9930813e-06,197388,0.0,0.0,0.0,0.5,0.0,0.0,0.0,1,1,0
29555000,29555000,1310996,2.8518409e-05,7.485776e-05,0.00025747606,0.34906584,6.8418324e-09,6.8413377e-09,3.5926437e-08,1310996,-0.002225314,-0.014536018,0.0011246614,0.4,2.7083615e-05,2.7086076e-05,5.007869e-06,197388,0.0,0.0,0.0,0.5,0.0,0.0,0.0,1,1,0
29755000,29755000,1310996,3.0123321e-05,6.721718e-05,0.00025764352,0.34906584,6.8530106e-09,6.8525114e-09,3.5857934e-08,1310996,-0.001870786,-0.014209325,-0.0010721764,0.4,2.7024278e-05,2.7026717e-05,5.0073522e-06,197388,0.0,0.0,0.0,0.5,0.0,0.0,0.0,1,1,0
29855000,29855000,1310996,3.170304e-05,6.076187e-05,0.0002563307,0.34906584,6.857351e-09,6.8568493e-09,3.5821458e-08,1310996,-0.0013111824,-0.014161606,-0.0023593206,0.4,2.6997763e-05,2.7000196e-05,5.0071303e-06,197388,0.0,0.0,0.0,0.5,0.0,0.0,0.0,1,1,0
29955000,29955000,1310996,3.7302616e-05,5.2757194e-05,0.0002551326,0.34906584,6.8606263e-09,6.8601227e-09,3.578339e-08,1310996,-0.00073672226,-0.013922164,-0.0033905965,0.4,2.6973805e-05,2.6976237e-05,5.0069293e-06,197388,0.0,0.0,0.0,0.5,0.0,0.0,0.0,1,1,0
31055000,31055000,1310996,8.9810484e-05,7.420421e-05,0.00025186015,0.34906584,6.7958084e-09,6.795364e-09,3.5161637e-08,1310996,-0.001503689,-0.013372726,-0.004084626,0.4,2.6811658e-05,2.6814187e-05,4.9924365e-06,197388,0.0,0.0,0.0,0.5,0.0,0.0,0.0,1,1,0
31255000,31255000,1310996,0.00011881975,6.162619e-05,0.00025440965,0.34906584,6.7558714e-09,6.7554717e-09,3.5148e-08,1310996,-0.001553446,-0.013369282,-0.0029908565,0.4,2.6884367e-05,2.6886897e-05,5.0074277e-06,197388,0.0,0.0,0.0,0.5,0.0,0.0,0.0,1,1,0
31353000,31353000,1310996,0.00010570532,6.7220775e-05,0.00025438593,0.34906584,6.7229426e-09,6.7225665e-09,3.508398e-08,1310996,-0.0014045045,-0.01334764,-0.001783715,0.4,2.6879652e-05,2.6882177e-05,5.007199e-06,197388,0.0,0.0,0.0,0.5,0.0,0.0,0.0,1,1,0
31453000,31453000,1310996,8.8879744e-05,7.920506e-05,0.00025515322,0.34906584,6.6746337e-09,6.6742842e-09,3.4948922e-08,1310996,-0.0014257831,-0.013302165,-0.00062468054,0.4,2.6821477e-05,2.6823993e-05,4.9970813e-06,197388,0.0,0.0,0.0,0.5,0.0,0.0,0.0,1,1,0
31654000,31654000,1310996,8.143281e-05,4.9590457e-05,0.0002539085,0.34906584,6.598719e-09,6.5984262e-09,3.4812253e-08,1310996,-0.0017179324,-0.013161582,0.00032733745,0.4,2.6809788e-05,2.6812286e-05,4.996699e-06,197388,0.0,0.0,0.0,0.5,0.0,0.0,0.0,1,1,0
31954000,31954000,1310996,9.8703844e-05,4.7050067e-05,0.00025440412,0.34906584,6.4647403e-09,6.4645382e-09,3.4566185e-08,1310996,-0.0015285547,-0.013016297,0.0017965145,0.4,2.6764494e-05,2.6766955e-05,4.9922514e-06,197388,0.0,0.0,0.0,0.5,0.0,0.0,0.0,1,1,0
32054000,32054000,1310996,8.026092e-05,5.580809e-05,0.00025358945,0.34906584,6.4181154e-09,6.4179435e-09,3.449247e-08,1310996,-0.0013914984,-0.01277882,0.0029138143,0.4,2.6756199e-05,2.6758646e-05,4.9925125e-06,197388,0.0,0.0,0.0,0.5,0.0,0.0,0.0,1,1,0
32254000,32254000,1310996,0.00011210814,6.385685e-05,0.0002517467,0.34906584,6.318331e-09,6.3182197e-09,3.433876e-08,1310996,-0.001271513,-0.013186895,0.0045691147,0.4,2.67345e-05,2.6736916e-05,4.9929627e-06,197388,0.0,0.0,0.0,0.5,0.0,0.0,0.0,1,1,0
32954000,32954000,1310996,7.078347e-05,0.00010228954,0.00025271438,0.34906584,6.0482432e-09,6.0482326e-09,3.3749824e-08,1310996,-0.0005204563,-0.012443236,0.004209509,0.4,2.6644657e-05,2.664701e-05,4.9932437e-06,197388,0.0,0.0,0.0,0.5,0.0,0.0,0.0,1,1,0
33155000,33155000,1310996,6.21621e-05,0.00013158335,0.0002494813,0.34906584,5.87176e-09,5.8717973e-09,3.3560642e-08,1310996,0.00017349308,-0.012140767,0.0056920256,0.4,2.6581796e-05,2.6584115e-05,4.99356e-06,197388,0.0,0.0,0.0,0.5,0.0,0.0,0.0,1,1,0
33255000,33255000,1310996,8.351724e-05,0.00013772713,0.00025019093,0.34906584,5.782847e-09,5.7828995e-09,3.342972e-08,1310996,0.00023306807,-0.012505096,0.0067261877,0.4,2.652206e-05,2.6524367e-05,4.988714e-06,197388,0.0,0.0,0.0,0.5,0.0,0.0,0.0,1,1,0
33454000,33454000,1310996,0.00011502822,0.00010395033,0.00024968872,0.34906584,5.6304637e-09,5.6305267e-09,3.3257994e-08,1310996,-0.0005075178,-0.013210458,0.0065000695,0.4,2.6478914e-05,2.6481202e-05,4.993295e-06,197388,0.0,0.0,0.0,0.5,0.0,0.0,0.0,1,1,0
33654000,33654000,1310996,0.000130097,7.0440095e-05,0.00025427842,0.34906584,5.480835e-09,5.4808904e-09,3.30503e-08,1310996,-0.0012344545,-0.013648589,0.005191931,0.4,2.6410993e-05,2.6413267e-05,4.9936016e-06,197388,0.0,0.0,0.0,0.5,0.0,0.0,0.0,1,1,0
33853000,33853000,1310996,8.277737e-05,0.00010776592,0.00025696834,0.34906584,5.353606e-09,5.3536438e-09,3.2933425e-08,1310996,-0.00059846835,-0.012727692,0.003945213,0.4,2.642174e-05,2.6424012e-05,5.008812e-06,197388,0.0,0.0,0.0,0.5,0.0,0.0,0.0,1,1,0
33953000,33953000,1310996,8.11347e-05,0.00014451981,0.00025576976,0.34906584,5.272215e-09,5.2722435e-09,3.2753924e-08,1310996,9.147639e-05,-0.01269586,0.0048132427,0.4,2.6331127e-05,2.6333388e-05,4.9984355e-06,197388,0.0,0.0,0.0,0.5,0.0,0.0,0.0,1,1,0
34053000,34053000,1310996,7.516804e-05,0.00016903653,0.00025867065,0.34906584,5.202509e-09,5.2025277e-09,3.2638344e-08,1310996,0.00064251473,-0.0126505885,0.0057678595,0.4,2.629292e-05,2.629518e-05,4.9981054e-06,197388,0.0,0.0,0.0,0.5,0.0,0.0,0.0,1,1,0
34254000,34254000,1310996,1.7862492e-05,0.00016031759,0.00025955617,0.34906584,5.0611146e-09,5.061116e-09,3.2372917e-08,1310996,0.0004616267,-0.011405265,0.005297903,0.4,2.6191079e-05,2.6193331e-05,4.9929326e-06,197388,0.0,0.0,0.0,0.5,0.0,0.0,0.0,1,1,0
34455000,34455000,1310996,6.241819e-06,0.0001241792,0.0002611728,0.34906584,4.9448032e-09,4.9447837e-09,3.223298e-08,1310996,-0.00043470506,-0.011232491,0.0038705533,0.4,2.6197831e-05,2.6200085e-05,5.0082117e-06,197388,0.0,0.0,0.0,0.5,0.0,0.0,0.0,1,1,0
34655000,34655000,1310996,-2.560247e-05,0.0001034433,0.00025794687,0.34906584,4.816988e-09,4.8169397e-09,3.19838e-08,1310996,-0.0010085881,-0.010567757,0.0053756996,0.4,2.6123464e-05,2.6125714e-05,5.007633e-06,197388,0.0,0.0,0.0,0.5,0.0,0.0,0.0,1,1,0
35053000,35053000,1310996,-7.1935785e-05,7.8625184e-05,0.0002500175,0.34906584,4.564361e-09,4.5642468e-09,3.140589e-08,1310996,-0.0017187869,-0.009565171,0.0051951697,0.4,2.5926796e-05,2.5929032e-05,4.99676e-06,197388,0.0,0.0,0.0,0.5,0.0,0.0,0.0,1,1,0
35355000,35355000,1310996,-8.966146e-05,9.097594e-05,0.00023847174,0.34906584,4.3943587e-09,4.3942148e-09,3.1006387e-08,1310996,-0.0014861721,-0.00921041,0.006218565,0.4,2.5826848e-05,2.5829046e-05,4.9962973e-06,197388,0.0,0.0,0.0,0.5,0.0,0.0,0.0,1,1,0
35654000,35654000,1310996,-4.5278193e-05,0.00010908001,0.00022658434,0.34906584,4.2786876e-09,4.2785464e-09,3.0597025e-08,1310996,-0.0011060912,-0.01016722,0.0056232708,0.4,2.5758627e-05,2.5760783e-05,4.9961754e-06,197388,0.0,0.0,0.0,0.5,0.0,0.0,0.0,1,1,0
35854000,35854000,1310996,-3.9220016e-05,0.00014681595,0.00022262297,0.34906584,4.1604977e-09,4.160378e-09,3.028835e-08,1310996,-0.00029180452,-0.010271066,0.0042899884,0.4,2.567274e-05,2.5674852e-05,4.9912665e-06,197388,0.0,0.0,0.0,0.5,0.0,0.0,0.0,1,1,0
36054000,36054000,1310996,-3.7302027e-05,0.00017895478,0.00021628241,0.34906584,4.0555457e-09,4.0554617e-09,3.0038123e-08,1310996,0.00042442515,-0.010305513,0.005439838,0.4,2.561883e-05,2.5620893e-05,4.9918112e-06,197388,0.0,0.0,0.0,0.5,0.0,0.0,0.0,1,1,0
36254000,36254000,1310996,-4.4091135e-05,0.00013270622,0.00021594678,0.34906584,3.958042e-09,3.957994e-09,2.9753467e-08,1310996,-0.00054945674,-0.01014649,0.003777341,0.4,2.5569181e-05,2.557121e-05,4.9923888e-06,197388,0.0,0.0,0.0,0.5,0.0,0.0,0.0,1,1,0
37156000,37156000,1310996,-5.1755982e-05,0.0001585843,0.00019781209,0.34906584,3.8992067e-09,3.899148e-09,2.8476636e-08,1310996,-3.8367452e-05,-0.0100294445,0.0052613397,0.4,2.5568419e-05,2.5570453e-05,5.0042154e-06,197388,0.0,0.0,0.0,0.5,0.0,0.0,0.0,1,1,0
37453000,37453000,1310996,-1.6704344e-05,0.0002263065,0.0001908225,0.34906584,3.6806769e-09,3.6806116e-09,2.7984811e-08,1310996,0.001285735,-0.01069946,0.006245785,0.4,2.5451049e-05,2.5453097e-05,4.999274e-06,197388,0.0,0.0,0.0,0.5,0.0,0.0,0.0,1,1,0
37553000,37553000,1310996,-2.2530135e-06,0.00022575652,0.00018680385,0.34906584,3.601969e-09,3.6019034e-09,2.7826106e-08,1310996,0.0012901105,-0.010979434,0.007356194,0.4,2.5416773e-05,2.541883e-05,4.9988635e-06,197388,0.0,0.0,0.0,0.5,0.0,0.0,0.0,1,1,0
37653000,37653000,1310996,8.075982e-06,0.00021684525,0.00018381626,0.34906584,3.5365952e-09,3.5365302e-09,2.7667099e-08,1310996,0.0011382251,-0.011178364,0.008511345,0.4,2.5388379e-05,2.5390444e-05,4.998492e-06,197388,0.0,0.0,0.0,0.5,0.0,0.0,0.0,1,1,0
37753000,37753000,1310996,3.052354e-06,0.00020439009,0.00017919636,0.34906584,3.4807688e-09,3.480704e-09,2.7507822e-08,1310996,0.0009253955,-0.011094272,0.009511205,0.4,2.5364256e-05,2.5366327e-05,4.9981554e-06,197388,0.0,0.0,0.0,0.5,0.0,0.0,0.0,1,1,0
38253000,38253000,1310996,-3.439907e-05,0.00020718864,0.00016816198,0.34906584,3.3426195e-09,3.3425487e-09,2.6712623e-08,1310996,0.00093707175,-0.010460647,0.008250786,0.4,2.5306443e-05,2.5308547e-05,4.997775e-06,197388,0.0,0.0,0.0,0.5,0.0,0.0,0.0,1,1,0
39254000,39254000,1310996,-4.186985e-05,0.00018620031,0.0001888443,0.34906584,3.0284852e-09,3.028442e-09,2.5079299e-08,1310996,0.0004949291,-0.0103243,0.009357921,0.4,2.5173422e-05,2.517559e-05,4.9920664e-06,197388,0.0,0.0,0.0,0.5,0.0,0.0,0.0,1,1,0
39855000,39855000,1310996,-1.6348446e-05,0.0001632294,9.120119e-05,0.34906584,3.0041352e-09,3.0041054e-09,2.4178854e-08,1310996,0.00014255905,-0.010689572,0.008260423,0.4,2.5185196e-05,2.5187386e-05,4.9981e-06,197388,0.0,0.0,0.0,0.5,0.0,0.0,0.0,1,1,0
40055000,40055000,1310996,1.1218924e-05,0.00017609597,0.00027834505,0.34906584,2.936916e-09,2.936898e-09,2.390356e-08,1310996,0.00034346903,-0.011078968,0.009650639,0.4,2.5215599e-05,2.5217816e-05,5.0076387e-06,197388,0.0,0.0,0.0,0.5,0.0,0.0,0.0,1,1,0
40455000,40455000,1310996,2.1192918e-05,0.0001810368,0.00026379438,0.34906584,2.8310925e-09,2.8310845e-09,2.3260007e-08,1310996,0.0003461013,-0.011199052,0.0111829685,0.4,2.5185649e-05,2.5187901e-05,5.0067765e-06,197388,0.0,0.0,0.0,0.5,0.0,0.0,0.0,1,1,0
42154000,42154000,1310996,2.1110293e-06,0.00018057351,0.00029207396,0.34906584,2.6369371e-09,2.6369618e-09,2.0570967e-08,1310996,0.000372021,-0.010895215,0.012194431,0.4,2.5071511e-05,2.507381e-05,4.9933747e-06,197388,0.0,0.0,0.0,0.5,0.0,0.0,0.0,1,1,0
42653000,42653000,1310996,1.9918796e-05,0.00015801007,0.00017305263,0.34906584,2.6036835e-09,2.6037092e-09,1.9852548e-08,1310996,0.00013702363,-0.011051247,0.010947866,0.4,2.5088746e-05,2.5091049e-05,4.998669e-06,197388,0.0,0.0,0.0,0.5,0.0,0.0,0.0,1,1,0
42854000,42854000,1310996,3.1353335e-05,0.00015306445,0.00032037802,0.34906584,2.5777767e-09,2.5778009e-09,1.9559064e-08,1310996,0.00011639379,-0.011163247,0.009673835,0.4,2.5080888e-05,2.5083185e-05,4.9979976e-06,197388,0.0,0.0,0.0,0.5,0.0,0.0,0.0,1,1,0
43164000,43164000,1310996,4.0237228e-05,0.00013086294,0.00014510413,0.34906584,2.5285096e-09,2.5285323e-09,1.9127004e-08,1310996,-0.00011122408,-0.011274548,0.0087048095,0.4,2.5069952e-05,2.5072242e-05,4.9973305e-06,197388,0.0,0.0,0.0,0.5,0.0,0.0,0.0,1,1,0
43454000,43454000,1310996,8.963022e-06,0.00011873391,6.5206186e-06,0.34906584,2.4865032e-09,2.4865254e-09,1.8685627e-08,1310996,-0.00023834781,-0.010967132,0.007007778,0.4,2.503938e-05,2.5041656e-05,4.992616e-06,197388,0.0,0.0,0.0,0.5,0.0,0.0,0.0,1,1,0
43654000,43654000,1310996,6.2616737e-06,0.0001354344,2.2397242e-05,0.34906584,2.4518132e-09,2.4518354e-09,1.8409967e-08,1310996,-6.226576e-05,-0.010921413,0.0051486813,0.4,2.503586e-05,2.503813e-05,4.993048e-06,197388,0.0,0.0,0.0,0.5,0.0,0.0,0.0,1,1,0
44555000,44555000,1310996,-2.4914298e-06,8.370552e-05,0.00015902186,0.34906584,2.3789668e-09,2.3789923e-09,1.7282407e-08,1310996,-0.00057348737,-0.010821598,0.0033168404,0.4,2.50916e-05,2.5093872e-05,5.007308e-06,197388,0.0,0.0,0.0,0.5,0.0,0.0,0.0,1,1,0
45554000,45554000,1310996,-1.3192075e-05,5.1542112e-05,-7.806828e-05,0.34906584,2.3701214e-09,2.3701447e-09,1.5976351e-08,1310996,-0.00086152414,-0.010697729,0.0022280682,0.4,2.5010459e-05,2.5012732e-05,4.992276e-06,197388,0.0,0.0,0.0,0.5,0.0,0.0,0.0,1,1,0
45959000,45959000,1310996,-7.958932e-06,3.5015393e-05,-0.00014458103,0.34906584,2.3001523e-09,2.3001696e-09,1.5549887e-08,1310996,-0.0010017593,-0.010750591,0.0011582185,0.4,2.5083664e-05,2.5085952e-05,5.0081767e-06,197388,0.0,0.0,0.0,0.5,0.0,0.0,0.0,1,1,0
46359000,46359000,1310996,-2.1385515e-05,1.2399688e-05,-0.00030878754,0.34906584,2.259772e-09,2.2597797e-09,1.5085597e-08,1310996,-0.0011777759,-0.010676784,0.00224527,0.4,2.5074889e-05,2.5077188e-05,5.0071358e-06,197388,0.0,0.0,0.0,0.5,0.0,0.0,0.0,1,1,0
46459000,46459000,1310996,-2.5687565e-05,-1.4326115e-06,-0.0004249089,0.34906584,2.2520668e-09,2.252071e-09,1.4971562e-08,1310996,-0.0012868905,-0.010659273,0.003353794,0.4,2.5072419e-05,2.5074718e-05,5.0067842e-06,197388,0.0,0.0,0.0,0.5,0.0,0.0,0.0,1,1,0
47659000,47659000,1310996,-2.2380635e-05,-2.8698081e-05,-0.00026331158,0.34906584,2.2113513e-09,2.2113082e-09,1.3685383e-08,1310996,-0.0014171796,-0.0106334835,0.0049947416,0.4,2.5066349e-05,2.506867e-05,5.0063873e-06,197388,0.0,0.0,0.0,0.5,0.0,0.0,0.0,1,1,0
49858000,49858000,1310996,-2.687782e-05,3.0175304e-05,-0.0002356391,0.34906584,2.2071867e-09,2.2071924e-09,1.1658239e-08,1310996,-0.0010741471,-0.010634668,0.0062077804,0.4,2.5016629e-05,2.5018957e-05,4.9974115e-06,197388,0.0,0.0,0.0,0.5,0.0,0.0,0.0,1,1,0
50457000,50457000,1310996,3.352277e-05,3.794521e-05,0.00015238085,0.34906584,2.1254896e-09,2.1255153e-09,1.1196777e-08,1310996,-0.0010651392,-0.010965851,0.0049154395,0.4,2.5062534e-05,2.5064877e-05,5.0073622e-06,197388,0.0,0.0,0.0,0.5,0.0,0.0,0.0,1,1,0
50657000,50657000,1310996,5.3517524e-05,4.3719243e-05,0.00013504655,0.34906584,2.1037925e-09,2.1038213e-09,1.1017696e-08,1310996,-0.0010348428,-0.011073307,0.0034089838,0.4,2.5008829e-05,2.5011166e-05,4.9968394e-06,197388,0.0,0.0,0.0,0.5,0.0,0.0,0.0,1,1,0
51458000,51458000,1310996,3.8682378e-05,1.1544012e-05,0.00023350804,0.34906584,2.0824162e-09,2.0824584e-09,1.0415836e-08,1310996,-0.001227846,-0.010930189,0.002408162,0.4,2.498308e-05,2.498541e-05,4.992343e-06,197388,0.0,0.0,0.0,0.5,0.0,0.0,0.0,1,1,0
51658000,51658000,1310996,4.572202e-05,6.1997325e-06,8.0427155e-05,0.34906584,2.0711122e-09,2.0711601e-09,1.0276061e-08,1310996,-0.001263614,-0.010995401,0.003751465,0.4,2.4984354e-05,2.4986684e-05,4.9928226e-06,197388,0.0,0.0,0.0,0.5,0.0,0.0,0.0,1,1,0
51959000,51959000,1310996,3.517473e-05,-3.619768e-06,0.0001615059,0.34906584,2.0698268e-09,2.06988e-09,1.0071635e-08,1310996,-0.0013116214,-0.010926085,0.0026205129,0.4,2.4986188e-05,2.4988518e-05,4.9933856e-06,197388,0.0,0.0,0.0,0.5,0.0,0.0,0.0,1,1,0
53069000,53069000,1310996,4.864882e-05,7.458381e-06,0.00011421671,0.34906584,2.0468913e-09,2.046947e-09,9.394139e-09,1310996,-0.0012486785,-0.011048511,0.0014267694,0.4,2.5050802e-05,2.5053141e-05,5.0069166e-06,197388,0.0,0.0,0.0,0.5,0.0,0.0,0.0,1,1,0
53770000,53770000,1310996,5.4035943e-05,-6.621327e-06,9.013911e-05,0.34906584,2.0250568e-09,2.0250823e-09,8.975133e-09,1310996,-0.0013183092,-0.011080671,0.0030952888,0.4,2.5024816e-05,2.5027166e-05,5.0020726e-06,197388,0.0,0.0,0.0,0.5,0.0,0.0,0.0,1,1,0
54067000,54067000,1310996,4.5706773e-05,-2.3623355e-05,5.0510796e-05,0.34906584,2.0222903e-09,2.0223092e-09,8.800598e-09,1310996,-0.001416687,-0.011053232,0.0020242226,0.4,2.500246e-05,2.5004816e-05,4.997727e-06,197388,0.0,0.0,0.0,0.5,0.0,0.0,0.0,1,1,0
54568000,54568000,1310996,3.853464e-05,-3.611897e-05,0.00011936399,0.34906584,2.0219058e-09,2.0219173e-09,8.515863e-09,1310996,-0.0014846177,-0.011014203,0.00048044656,0.4,2.4950612e-05,2.4952962e-05,4.987465e-06,197388,0.0,0.0,0.0,0.5,0.0,0.0,0.0,1,1,0
56767000,56767000,1310996,5.563403e-05,-2.346765e-05,-4.7367652e-05,0.34906584,1.9782354e-09,1.9782382e-09,7.5114395e-09,1310996,-0.0014086805,-0.011115823,-0.0006031182,0.4,2.499339e-05,2.4995732e-05,4.996574e-06,197388,0.0,0.0,0.0,0.5,0.0,0.0,0.0,1,1,0
57679000,57679000,1310996,7.44158e-05,-3.5192716e-05,9.7615135e-05,0.34906584,1.9636273e-09,1.9636284e-09,7.1460655e-09,1310996,-0.0014176426,-0.011165697,-0.0017420878,0.4,2.4972214e-05,2.4974543e-05,4.9924624e-06,197388,0.0,0.0,0.0,0.5,0.0,0.0,0.0,1,1,0
58179000,58179000,1310996,8.948445e-05,-4.8126163e-05,-6.091577e-05,0.34906584,1.967977e-09,1.96798e-09,6.979676e-09,1310996,-0.001454615,-0.01127109,-0.002878967,0.4,2.5044419e-05,2.5046751e-05,5.0069457e-06,197388,0.0,0.0,0.0,0.5,0.0,0.0,0.0,1,1,0
59481000,59481000,1310996,7.311748e-05,-3.4893677e-05,9.209936e-06,0.34906584,1.9953332e-09,1.9953428e-09,6.5294095e-09,1310996,-0.0014029599,-0.011195562,-0.0015834927,0.4,2.502421e-05,2.502654e-05,5.002906e-06,197388,0.0,0.0,0.0,0.5,0.0,0.0,0.0,1,1,0
59979000,59979000,1310996,6.690065e-05,-5.667537e-05,-6.5730914e-05,0.34906584,1.9610569e-09,1.9610709e-09,6.3932513e-09,1310996,-0.0014387168,-0.011200792,5.3168842e-05,0.4,2.5070469e-05,2.5072803e-05,5.0122035e-06,197388,0.0,0.0,0.0,0.5,0.0,0.0,0.0,1,1,0
60079000,60079000,1310996,7.05375e-05,-5.7295867e-05,-6.1011204e-05,0.34906584,1.9555166e-09,1.9555306e-09,6.355866e-09,1310996,-0.0014390008,-0.011198963,-0.0048442283,0.4,2.5043208e-05,2.5045538e-05,5.006748e-06,197388,0.0,0.0,0.0,0.5,0.0,0.0,0.0,1,1,0
60179000,60179000,1310996,7.410945e-05,-5.0326296e-05,-2.5231717e-05,0.34906584,1.9538298e-09,1.9538435e-09,6.3255357e-09,1310996,-0.0016232531,-0.011228067,-0.010643192,0.4,2.5039326e-05,2.5041656e-05,5.0065837e-06,197388,0.0,0.0,0.0,0.5,0.0,0.0,0.0,1,1,0
60279000,60279000,1310996,7.6101875e-05,-4.6007735e-05,-2.2273825e-05,0.34906584,1.9539037e-09,1.953918e-09,6.2955294e-09,1310996,-0.0017186368,-0.011273507,-0.01631899,0.4,2.5020983e-05,2.5023312e-05,5.006436e-06,197388,0.0,0.0,0.0,0.5,0.0,0.0,0.0,1,1,0
60480000,60480000,1310996,8.455221e-05,-4.335611e-05,-7.457966e-05,0.34906584,1.9649051e-09,1.9649193e-09,6.2365215e-09,1310996,-0.0017195798,-0.011270577,-0.022458294,0.4,2.5019966e-05,2.5022295e-05,5.006227e-06,197388,0.0,0.0,0.0,0.5,0.0,0.0,0.0,1,1,0
60580000,60580000,1310996,9.547409e-05,-3.7913283e-05,-9.6352975e-05,0.34906584,1.9652842e-09,1.9652986e-09,6.201774e-09,1310996,-0.0017179695,-0.011260023,-0.028619457,0.4,2.4996538e-05,2.4998863e-05,5.001539e-06,197388,0.0,0.0,0.0,0.5,0.0,0.0,0.0,1,1,0
60681000,60681000,1310996,9.627002e-05,-3.3551834e-05,-8.4522675e-05,0.34906584,1.96853e-09,1.9685447e-09,6.1735665e-09,1310996,-0.0017180843,-0.011260775,-0.033863958,0.4,2.4998208e-05,2.5000532e-05,5.0018734e-06,197388,0.0,0.0,0.0,0.5,0.0,0.0,0.0,1,1,0
