timestamp,accel_device_id_primary,accel_device_ids[0],accel_device_ids[1],accel_device_ids[2],accel_device_ids[3],accel_inconsistency_m_s_s[0],accel_inconsistency_m_s_s[1],accel_inconsistency_m_s_s[2],accel_inconsistency_m_s_s[3],gyro_device_id_primary,gyro_device_ids[0],gyro_device_ids[1],gyro_device_ids[2],gyro_device_ids[3],gyro_inconsistency_rad_s[0],gyro_inconsistency_rad_s[1],gyro_inconsistency_rad_s[2],gyro_inconsistency_rad_s[3],accel_healthy[0],accel_healthy[1],accel_healthy[2],accel_healthy[3],gyro_healthy[0],gyro_healthy[1],gyro_healthy[2],gyro_healthy[3]
528000,1310988,1310988,1310996,1311004,0,0.0016208421,0.00081537827,0.00080453436,0.0,1310988,1310988,1310996,1311004,0,0.00018284905,9.165189e-05,9.120126e-05,0.0,1,1,1,0,1,1,1,0
532000,1310988,1310988,1310996,1311004,0,0.0025399923,0.0012741432,0.0012649803,0.0,1310988,1310988,1310996,1311004,0,0.00012333051,6.177125e-05,6.156538e-05,0.0,1,1,1,0,1,1,1,0
727000,1310988,1310988,1310996,1311004,0,0.0034874014,0.0017437073,0.0017428724,0.0,1310988,1310988,1310996,1311004,0,6.753958e-05,3.3811215e-05,3.3728407e-05,0.0,1,1,1,0,1,1,1,0
925000,1310988,1310988,1310996,1311004,0,0.000777513,0.00038896513,0.00038896513,0.0,1310988,1310988,1310996,1311004,0,0.00020760529,0.00010380246,0.00010380246,0.0,1,1,1,0,1,1,1,0
1128000,1310988,1310988,1310996,1311004,0,0.0063524344,0.0008970046,0.00646962,0.0,1310988,1310988,1310996,1311004,0,4.5715282e-05,0.00024776236,0.0002912303,0.0,1,1,1,0,1,1,1,0
1330000,1310988,1310988,1310996,1311004,0,0.0024794154,0.0038555707,0.0016237637,0.0,1310988,1310988,1310996,1311004,0,0.00021617631,0.00021076569,0.00026264528,0.0,1,1,1,0,1,1,1,0
1531000,1310988,1310988,1310996,1311004,0,0.0023650217,0.0012999007,0.0034889195,0.0,1310988,1310988,1310996,1311004,0,0.0003029705,0.00015732876,0.00022384216,0.0,1,1,1,0,1,1,1,0
1731000,1310988,1310988,1310996,1311004,0,0.0034441766,0.0026337055,0.0021444196,0.0,1310988,1310988,1310996,1311004,0,7.6073586e-05,0.0002299808,0.00025364794,0.0,1,1,1,0,1,1,1,0
1928000,1310988,1310988,1310996,1311004,0,0.0028013391,0.0023340385,0.0026524104,0.0,1310988,1310988,1310996,1311004,0,0.0002109246,0.0002352264,0.00019663839,0.0,1,1,1,0,1,1,1,0
2128000,1310988,1310988,1310996,1311004,0,0.003427646,0.0025496988,0.002631283,0.0,1310988,1310988,1310996,1311004,0,0.0002054277,0.00014807525,0.00019961799,0.0,1,1,1,0,1,1,1,0
2324000,1310988,1310988,1310996,1311004,0,0.005122315,0.0044039786,0.0027602536,0.0,1310988,1310988,1310996,1311004,0,0.0002428848,0.00042620994,0.0004402742,0.0,1,1,1,0,1,1,1,0
2524000,1310988,1310988,1310996,1311004,0,0.0015612451,0.0012024234,0.0020726265,0.0,1310988,1310988,1310996,1311004,0,0.00014330639,0.00020628831,0.00022156631,0.0,1,1,1,0,1,1,1,0
2726000,1310988,1310988,1310996,1311004,0,0.00458371,0.0036655227,0.0024049145,0.0,1310988,1310988,1310996,1311004,0,0.00043505811,0.00034534372,0.00017069271,0.0,1,1,1,0,1,1,1,0
2931000,1310988,1310988,1310996,1311004,0,0.0048738704,0.002763028,0.0029659027,0.0,1310988,1310988,1310996,1311004,0,0.0003722914,0.00010347761,0.00030628365,0.0,1,1,1,0,1,1,1,0
3130000,1310988,1310988,1310996,1311004,0,0.0009871296,0.0015443818,0.0015408292,0.0,1310988,1310988,1310996,1311004,0,0.00015278591,5.133105e-05,0.00017358936,0.0,1,1,1,0,1,1,1,0
3331000,1310988,1310988,1310996,1311004,0,0.0025228802,0.00424162,0.002654307,0.0,1310988,1310988,1310996,1311004,0,0.00036622872,0.0003846996,0.000101008845,0.0,1,1,1,0,1,1,1,0
3529000,1310988,1310988,1310996,1311004,0,0.0047037364,0.0002381705,0.004760512,0.0,1310988,1310988,1310996,1311004,0,0.00039922757,0.00018623835,0.0003251689,0.0,1,1,1,0,1,1,1,0
3729000,1310988,1310988,1310996,1311004,0,0.0018631439,0.0035361627,0.004434142,0.0,1310988,1310988,1310996,1311004,0,0.00018274167,0.00011293859,0.00029334502,0.0,1,1,1,0,1,1,1,0
3926000,1310988,1310988,1310996,1311004,0,0.002342805,0.0009008327,0.0019586287,0.0,1310988,1310988,1310996,1311004,0,8.749316e-05,0.00012679666,0.00014546924,0.0,1,1,1,0,1,1,1,0
4130000,1310988,1310988,1310996,1311004,0,0.0035890024,0.001803425,0.0022736818,0.0,1310988,1310988,1310996,1311004,0,0.000291135,0.00017116727,0.0003052222,0.0,1,1,1,0,1,1,1,0
4330000,1310988,1310988,1310996,1311004,0,0.0018951402,0.0018709927,0.0026008387,0.0,1310988,1310988,1310996,1311004,0,0.00021660831,0.0001632519,0.00027555868,0.0,1,1,1,0,1,1,1,0
4531000,1310988,1310988,1310996,1311004,0,0.0055693025,0.0023546014,0.004650983,0.0,1310988,1310988,1310996,1311004,0,0.00017926066,0.0004681405,0.00061393046,0.0,1,1,1,0,1,1,1,0
4728000,1310988,1310988,1310996,1311004,0,0.00087089045,0.0007482849,0.00030455756,0.0,1310988,1310988,1310996,1311004,0,0.00030740947,0.00026609475,0.0001234678,0.0,1,1,1,0,1,1,1,0
4928000,1310988,1310988,1310996,1311004,0,0.005596264,0.0032937652,0.0024949631,0.0,1310988,1310988,1310996,1311004,0,0.000170863,0.00028233734,0.00019300297,0.0,1,1,1,0,1,1,1,0
5129000,1310988,1310988,1310996,1311004,0,0.0020928113,0.0026028075,0.0035944076,0.0,1310988,1310988,1310996,1311004,0,0.00021087869,0.00022100321,0.00038802662,0.0,1,1,1,0,1,1,1,0
5331000,1310988,1310988,1310996,1311004,0,0.006521767,0.0015213047,0.0061941682,0.0,1310988,1310988,1310996,1311004,0,0.00036446025,0.00017352878,0.00020169515,0.0,1,1,1,0,1,1,1,0
5531000,1310988,1310988,1310996,1311004,0,0.00141718,0.0011581144,0.0017447904,0.0,1310988,1310988,1310996,1311004,0,0.0001931029,0.000110486784,0.00014268748,0.0,1,1,1,0,1,1,1,0
5731000,1310988,1310988,1310996,1311004,0,0.0023388858,0.002345372,0.0021906951,0.0,1310988,1310988,1310996,1311004,0,0.00012954998,0.0001635902,0.00025931932,0.0,1,1,1,0,1,1,1,0
5931000,1310988,1310988,1310996,1311004,0,0.001996522,0.0014742629,0.0021991788,0.0,1310988,1310988,1310996,1311004,0,0.0002433816,0.0001727232,0.0001988196,0.0,1,1,1,0,1,1,1,0
6128000,1310988,1310988,1310996,1311004,0,0.0022891914,0.002121535,0.0034498405,0.0,1310988,1310988,1310996,1311004,0,0.00033896876,0.00014287296,0.0003270977,0.0,1,1,1,0,1,1,1,0
6328000,1310988,1310988,1310996,1311004,0,0.0021293159,0.0007283069,0.001752499,0.0,1310988,1310988,1310996,1311004,0,0.00029207583,0.00015677273,0.0002425484,0.0,1,1,1,0,1,1,1,0
6529000,1310988,1310988,1310996,1311004,0,0.0039039648,0.0031419992,0.0032454021,0.0,1310988,1310988,1310996,1311004,0,8.2633174e-05,0.00013281955,0.00017677354,0.0,1,1,1,0,1,1,1,0
6729000,1310988,1310988,1310996,1311004,0,0.0026413049,0.002000753,0.0010408566,0.0,1310988,1310988,1310996,1311004,0,0.00016497812,0.00032072174,0.00023646816,0.0,1,1,1,0,1,1,1,0
6929000,1310988,1310988,1310996,1311004,0,0.0040464285,0.0021774343,0.0021272842,0.0,1310988,1310988,1310996,1311004,0,0.0002537727,6.673961e-05,0.00024288749,0.0,1,1,1,0,1,1,1,0
7130000,1310988,1310988,1310996,1311004,0,0.0026085284,0.0019766856,0.0024273978,0.0,1310988,1310988,1310996,1311004,0,0.0002487047,0.0001466898,0.00014816836,0.0,1,1,1,0,1,1,1,0
7326000,1310988,1310988,1310996,1311004,0,0.004458621,0.003151829,0.0013622914,0.0,1310988,1310988,1310996,1311004,0,0.00024609748,0.00014460467,0.0002741045,0.0,1,1,1,0,1,1,1,0
7529000,1310988,1310988,1310996,1311004,0,0.0031011375,0.0011849316,0.0030175117,0.0,1310988,1310988,1310996,1311004,0,0.0002785033,0.00015405087,0.0003260265,0.0,1,1,1,0,1,1,1,0
7730000,1310988,1310988,1310996,1311004,0,0.011717343,0.004914255,0.006963127,0.0,1310988,1310988,1310996,1311004,0,0.00045032307,0.00018085237,0.00030850118,0.0,1,1,1,0,1,1,1,0
7930000,1310988,1310988,1310996,1311004,0,0.0011515573,0.0040443144,0.004195735,0.0,1310988,1310988,1310996,1311004,0,0.00031959728,0.00012028054,0.00020005042,0.0,1,1,1,0,1,1,1,0
8131000,1310988,1310988,1310996,1311004,0,0.0021831659,0.0018653036,0.0004252833,0.0,1310988,1310988,1310996,1311004,0,0.00029016563,8.1864506e-05,0.00021045432,0.0,1,1,1,0,1,1,1,0
8329000,1310988,1310988,1310996,1311004,0,0.0039512934,0.0017325451,0.004355466,0.0,1310988,1310988,1310996,1311004,0,0.00019002281,0.00016572843,0.00019305035,0.0,1,1,1,0,1,1,1,0
8532000,1310988,1310988,1310996,1311004,0,0.0051304223,0.0025650652,0.0025650652,0.0,1310988,1310988,1310996,1311004,0,0.00017723594,8.861801e-05,8.861801e-05,0.0,1,1,1,0,1,1,1,0
8730000,1310988,1310988,1310996,1311004,0,0.0061937417,0.0041215285,0.0028003016,0.0,1310988,1310988,1310996,1311004,0,0.00027192236,0.00014870158,0.00013894297,0.0,1,1,1,0,1,1,1,0
8928000,1310988,1310988,1310996,1311004,0,0.0016305527,0.0027361342,0.0015786898,0.0,1310988,1310988,1310996,1311004,0,0.00031730894,0.00033975946,5.319695e-05,0.0,1,1,1,0,1,1,1,0
9127000,1310988,1310988,1310996,1311004,0,0.005834016,0.0024417855,0.003826072,0.0,1310988,1310988,1310996,1311004,0,0.00030695257,0.00011725503,0.00021867476,0.0,1,1,1,0,1,1,1,0
9331000,1310988,1310988,1310996,1311004,0,0.0025177414,0.00055335986,0.0020769776,0.0,1310988,1310988,1310996,1311004,0,0.00046754317,0.00028556585,0.0002648289,0.0,1,1,1,0,1,1,1,0
9532000,1310988,1310988,1310996,1311004,0,0.0031040334,0.0016092119,0.0015183215,0.0,1310988,1310988,1310996,1311004,0,0.00027346486,0.00014638314,0.00014544223,0.0,1,1,1,0,1,1,1,0
9728000,1310988,1310988,1310996,1311004,0,0.0031150626,0.004374508,0.0019452437,0.0,1310988,1310988,1310996,1311004,0,0.00021232945,0.00022327741,0.00011374196,0.0,1,1,1,0,1,1,1,0
9931000,1310988,1310988,1310996,1311004,0,0.008491216,0.0061197854,0.003099096,0.0,1310988,1310988,1310996,1311004,0,0.00043205344,9.6392556e-05,0.00035494516,0.0,1,1,1,0,1,1,1,0
10131000,1310988,1310988,1310996,1311004,0,0.00226808,0.004483419,0.0027835914,0.0,1310988,1310988,1310996,1311004,0,0.0003791995,0.00023024109,0.00020475482,0.0,1,1,1,0,1,1,1,0
10325000,1310988,1310988,1310996,1311004,0,0.0043637655,0.001968119,0.005317273,0.0,1310988,1310988,1310996,1311004,0,0.00024761146,0.00016922047,0.00030486955,0.0,1,1,1,0,1,1,1,0
10531000,1310988,1310988,1310996,1311004,0,0.0031553542,0.0026367307,0.005038412,0.0,1310988,1310988,1310996,1311004,0,0.00023553414,0.0002079534,0.00024484255,0.0,1,1,1,0,1,1,1,0
10728000,1310988,1310988,1310996,1311004,0,0.0050496906,0.0022284107,0.004259159,0.0,1310988,1310988,1310996,1311004,0,0.00033896824,0.00012117241,0.00022697108,0.0,1,1,1,0,1,1,1,0
10931000,1310988,1310988,1310996,1311004,0,0.0038882496,0.0041734166,0.0030536738,0.0,1310988,1310988,1310996,1311004,0,0.00021964092,0.00028259098,0.00027291084,0.0,1,1,1,0,1,1,1,0
11129000,1310988,1310988,1310996,1311004,0,0.0057724533,0.002455032,0.0048640105,0.0,1310988,1310988,1310996,1311004,0,0.00012570809,8.147048e-05,0.0001477395,0.0,1,1,1,0,1,1,1,0
11331000,1310988,1310988,1310996,1311004,0,0.0052449824,0.0023377272,0.0034103836,0.0,1310988,1310988,1310996,1311004,0,0.00023345475,0.00014883024,0.00020095387,0.0,1,1,1,0,1,1,1,0
11531000,1310988,1310988,1310996,1311004,0,0.007485111,0.004689784,0.0029007208,0.0,1310988,1310988,1310996,1311004,0,0.00021178718,0.00011841592,0.00022091035,0.0,1,1,1,0,1,1,1,0
11729000,1310988,1310988,1310996,1311004,0,0.0015659503,0.00088747,0.0010226248,0.0,1310988,1310988,1310996,1311004,0,0.00028807123,0.0001075937,0.00019087186,0.0,1,1,1,0,1,1,1,0
11925000,1310988,1310988,1310996,1311004,0,0.00680588,0.0029968128,0.004394725,0.0,1310988,1310988,1310996,1311004,0,0.00030536207,4.2121486e-05,0.0002962609,0.0,1,1,1,0,1,1,1,0
12130000,1310988,1310988,1310996,1311004,0,0.0028183998,0.00517953,0.0032844744,0.0,1310988,1310988,1310996,1311004,0,0.00034849145,0.00042224675,0.00018291474,0.0,1,1,1,0,1,1,1,0
12325000,1310988,1310988,1310996,1311004,0,0.001994753,0.0010861255,0.0018563558,0.0,1310988,1310988,1310996,1311004,0,0.00038298123,0.00018962992,0.00020106188,0.0,1,1,1,0,1,1,1,0
12529000,1310988,1310988,1310996,1311004,0,0.0011937437,0.0019757373,0.0026212072,0.0,1310988,1310988,1310996,1311004,0,0.00023537037,0.00016388283,0.0001302115,0.0,1,1,1,0,1,1,1,0
12729000,1310988,1310988,1310996,1311004,0,0.0012164791,0.00241531,0.0015107692,0.0,1310988,1310988,1310996,1311004,0,4.972107e-05,0.00017500328,0.0001735746,0.0,1,1,1,0,1,1,1,0
12930000,1310988,1310988,1310996,1311004,0,0.0018841459,0.0014684476,0.00053689175,0.0,1310988,1310988,1310996,1311004,0,0.0002153766,0.0001158548,0.00010944369,0.0,1,1,1,0,1,1,1,0
13126000,1310988,1310988,1310996,1311004,0,0.0011595023,0.0024887063,0.0034078027,0.0,1310988,1310988,1310996,1311004,0,0.000248528,4.6860237e-05,0.00020478402,0.0,1,1,1,0,1,1,1,0
13330000,1310988,1310988,1310996,1311004,0,0.0019333919,0.0016810955,0.0031589114,0.0,1310988,1310988,1310996,1311004,0,0.00030278505,0.00015628364,0.00017147003,0.0,1,1,1,0,1,1,1,0
13526000,1310988,1310988,1310996,1311004,0,0.0022070126,0.0029427276,0.0039604786,0.0,1310988,1310988,1310996,1311004,0,0.00012515805,0.00017571796,0.00026021313,0.0,1,1,1,0,1,1,1,0
13726000,1310988,1310988,1310996,1311004,0,0.007466007,0.0038435576,0.004042375,0.0,1310988,1310988,1310996,1311004,0,0.0002637463,0.00012484263,0.0002667553,0.0,1,1,1,0,1,1,1,0
13924000,1310988,1310988,1310996,1311004,0,0.003365739,0.0043004523,0.0028312288,0.0,1310988,1310988,1310996,1311004,0,0.00031431796,0.0002801889,0.00027817357,0.0,1,1,1,0,1,1,1,0
14129000,1310988,1310988,1310996,1311004,0,0.0021747183,0.0011900951,0.0011697549,0.0,1310988,1310988,1310996,1311004,0,0.00021076392,0.000104125036,0.0001295335,0.0,1,1,1,0,1,1,1,0
14329000,1310988,1310988,1310996,1311004,0,0.0016177924,0.001841614,0.0004484141,0.0,1310988,1310988,1310996,1311004,0,4.9030612e-05,8.590655e-05,4.3807715e-05,0.0,1,1,1,0,1,1,1,0
14525000,1310988,1310988,1310996,1311004,0,0.004271687,0.0019718457,0.0024424056,0.0,1310988,1310988,1310996,1311004,0,0.00025634302,0.00013954287,0.00011920245,0.0,1,1,1,0,1,1,1,0
14729000,1310988,1310988,1310996,1311004,0,0.0019156554,0.0002171412,0.0021134706,0.0,1310988,1310988,1310996,1311004,0,9.321637e-05,6.12369e-05,6.733242e-05,0.0,1,1,1,0,1,1,1,0
14924000,1310988,1310988,1310996,1311004,0,0.0030404662,0.0013643708,0.0017576612,0.0,1310988,1310988,1310996,1311004,0,0.0001640042,0.00010400724,6.138941e-05,0.0,1,1,1,0,1,1,1,0
15129000,1310988,1310988,1310996,1311004,0,0.002385324,0.0010751833,0.0014359202,0.0,1310988,1310988,1310996,1311004,0,0.00020082336,8.181102e-05,0.00012781133,0.0,1,1,1,0,1,1,1,0
15329000,1310988,1310988,1310996,1311004,0,0.003638179,0.0011387469,0.003294452,0.0,1310988,1310988,1310996,1311004,0,0.00032385634,0.0001427189,0.0003238135,0.0,1,1,1,0,1,1,1,0
15528000,1310988,1310988,1310996,1311004,0,0.0015761948,0.0022961872,0.0024052302,0.0,1310988,1310988,1310996,1311004,0,0.0001559545,0.00023393128,0.0001649535,0.0,1,1,1,0,1,1,1,0
15728000,1310988,1310988,1310996,1311004,0,0.001964644,0.0008490368,0.0011797888,0.0,1310988,1310988,1310996,1311004,0,0.0003865151,0.00025500354,0.00015166556,0.0,1,1,1,0,1,1,1,0
15924000,1310988,1310988,1310996,1311004,0,0.00052810705,0.0045892033,0.004336448,0.0,1310988,1310988,1310996,1311004,0,0.00018870272,0.00020296228,0.00035520233,0.0,1,1,1,0,1,1,1,0
16128000,1310988,1310988,1310996,1311004,0,0.0021359795,0.0011043925,0.0015066254,0.0,1310988,1310988,1310996,1311004,0,0.00023022159,0.00011639086,0.000115392446,0.0,1,1,1,0,1,1,1,0
16328000,1310988,1310988,1310996,1311004,0,0.0037428467,0.0015223442,0.00454695,0.0,1310988,1310988,1310996,1311004,0,0.00024148141,0.0001865232,0.000185115,0.0,1,1,1,0,1,1,1,0
16525000,1310988,1310988,1310996,1311004,0,0.003949791,0.0029403951,0.0043348353,0.0,1310988,1310988,1310996,1311004,0,9.3957045e-05,0.000116829644,0.00020140076,0.0,1,1,1,0,1,1,1,0
16729000,1310988,1310988,1310996,1311004,0,0.0016178703,0.0007433781,0.001049986,0.0,1310988,1310988,1310996,1311004,0,7.724728e-05,0.000114377355,7.2361356e-05,0.0,1,1,1,0,1,1,1,0
16931000,1310996,1310988,1310996,1311004,0,0.002002387,0.001749167,0.003527899,0.0,1310996,1310988,1310996,1311004,0,0.0002032865,7.063259e-05,0.00022498317,0.0,1,1,1,0,1,1,1,0
17128000,1310996,1310988,1310996,1311004,0,0.00055611203,0.0016114041,0.0017586156,0.0,1310996,1310988,1310996,1311004,0,7.282876e-05,0.0002579244,0.000289686,0.0,1,1,1,0,1,1,1,0
17326000,1310996,1310988,1310996,1311004,0,0.002880103,0.0015985651,0.0032101523,0.0,1310996,1310988,1310996,1311004,0,0.00037479392,6.517219e-05,0.0003286262,0.0,1,1,1,0,1,1,1,0
17531000,1310996,1310988,1310996,1311004,0,0.0016071128,0.0013273511,0.0020098535,0.0,1310996,1310988,1310996,1311004,0,0.00019413214,0.00012321507,0.00024266147,0.0,1,1,1,0,1,1,1,0
17724000,1310996,1310988,1310996,1311004,0,0.0036566488,0.0031619594,0.005725366,0.0,1310996,1310988,1310996,1311004,0,0.0002145657,0.00021521667,0.00034736033,0.0,1,1,1,0,1,1,1,0
17931000,1310996,1310988,1310996,1311004,0,0.0042563546,0.0013299772,0.004539306,0.0,1310996,1310988,1310996,1311004,0,0.00012786903,0.00011241641,0.00023110156,0.0,1,1,1,0,1,1,1,0
18124000,1310996,1310988,1310996,1311004,0,0.0019152769,0.0024495467,0.0029682994,0.0,1310996,1310988,1310996,1311004,0,0.00024048804,0.0001431416,0.00034681422,0.0,1,1,1,0,1,1,1,0
18328000,1310996,1310988,1310996,1311004,0,0.0031760912,0.001784415,0.0044736764,0.0,1310996,1310988,1310996,1311004,0,0.00019392704,0.00020873058,0.0003053901,0.0,1,1,1,0,1,1,1,0
18524000,1310996,1310988,1310996,1311004,0,0.006807786,0.0040598684,0.0108592715,0.0,1310996,1310988,1310996,1311004,0,0.00023588403,0.00011472819,0.00027274762,0.0,1,1,1,0,1,1,1,0
18729000,1310996,1310988,1310996,1311004,0,0.004962407,0.0026080122,0.007493025,0.0,1310996,1310988,1310996,1311004,0,0.00024390985,0.00023482747,0.00037896287,0.0,1,1,1,0,1,1,1,0
18930000,1310996,1310988,1310996,1311004,0,0.0011158041,0.0027275046,0.0037771517,0.0,1310996,1310988,1310996,1311004,0,0.00029207382,0.00020233318,0.0004536807,0.0,1,1,1,0,1,1,1,0
19128000,1310996,1310988,1310996,1311004,0,0.0027073487,0.007039418,0.006675905,0.0,1310996,1310988,1310996,1311004,0,0.00035290592,0.00012916664,0.00034027765,0.0,1,1,1,0,1,1,1,0
19326000,1310996,1310988,1310996,1311004,0,0.0014829652,0.0017370827,0.0027828033,0.0,1310996,1310988,1310996,1311004,0,0.00013225748,0.00011110776,0.00019628485,0.0,1,1,1,0,1,1,1,0
19528000,1310996,1310988,1310996,1311004,0,0.0026181634,0.0014442336,0.0035839353,0.0,1310996,1310988,1310996,1311004,0,0.00022920746,0.00022107895,0.00044503927,0.0,1,1,1,0,1,1,1,0
19724000,1310996,1310988,1310996,1311004,0,0.001495544,0.00015141293,0.0015130563,0.0,1310996,1310988,1310996,1311004,0,0.00029090204,6.475724e-05,0.00029650502,0.0,1,1,1,0,1,1,1,0
19928000,1310996,1310988,1310996,1311004,0,0.0022082422,0.0015215124,0.0034931705,0.0,1310996,1310988,1310996,1311004,0,0.00031330928,0.00037339842,0.00042452017,0.0,1,1,1,0,1,1,1,0
20131000,1310996,1310988,1310996,1311004,0,0.0035749516,0.0041730795,0.0076104505,0.0,1310996,1310988,1310996,1311004,0,0.00017173629,0.0002533742,0.00027140602,0.0,1,1,1,0,1,1,1,0
20328000,1310996,1310988,1310996,1311004,0,0.0009645316,0.0011745932,0.0019300275,0.0,1310996,1310988,1310996,1311004,0,7.872381e-05,0.00016684298,9.7632575e-05,0.0,1,1,1,0,1,1,1,0
20526000,1310996,1310988,1310996,1311004,0,0.0012928249,0.0030489555,0.002550469,0.0,1310996,1310988,1310996,1311004,0,0.00011939514,0.0001694384,0.0002568727,0.0,1,1,1,0,1,1,1,0
20727000,1310996,1310988,1310996,1311004,0,0.00204534,0.0028739104,0.0011908667,0.0,1310996,1310988,1310996,1311004,0,0.00026679496,8.901036e-05,0.0002649435,0.0,1,1,1,0,1,1,1,0
20928000,1310996,1310988,1310996,1311004,0,0.0027329952,0.00078478927,0.002561887,0.0,1310996,1310988,1310996,1311004,0,0.00019681372,0.0001235959,0.0002995007,0.0,1,1,1,0,1,1,1,0
21129000,1310996,1310988,1310996,1311004,0,0.0023383321,0.0015275663,0.0033260654,0.0,1310996,1310988,1310996,1311004,0,0.0001152225,0.00016968575,0.00022050529,0.0,1,1,1,0,1,1,1,0
21330000,1310996,1310988,1310996,1311004,0,0.00093904114,0.000675551,0.0014876982,0.0,1310996,1310988,1310996,1311004,0,0.00014301435,7.7187084e-05,8.156876e-05,0.0,1,1,1,0,1,1,1,0
21530000,1310996,1310988,1310996,1311004,0,0.0026051863,0.0014954774,0.0033514276,0.0,1310996,1310988,1310996,1311004,0,0.00014331861,0.00020826247,0.00021991151,0.0,1,1,1,0,1,1,1,0
21730000,1310996,1310988,1310996,1311004,0,0.004363417,0.0010259895,0.0034799082,0.0,1310996,1310988,1310996,1311004,0,0.0002440565,0.00017965511,7.1203496e-05,0.0,1,1,1,0,1,1,1,0
21931000,1310996,1310988,1310996,1311004,0,0.0008332831,0.002331287,0.0018025463,0.0,1310996,1310988,1310996,1311004,0,0.00016358697,0.00023088697,0.00031233038,0.0,1,1,1,0,1,1,1,0
22129000,1310996,1310988,1310996,1311004,0,0.010028529,0.0035442545,0.0067020813,0.0,1310996,1310988,1310996,1311004,0,0.0003881892,0.00014015513,0.0003125104,0.0,1,1,1,0,1,1,1,0
22330000,1310996,1310988,1310996,1311004,0,0.00292886,0.0038412756,0.0011788039,0.0,1310996,1310988,1310996,1311004,0,0.00010771313,1.2866904e-05,0.00011219024,0.0,1,1,1,0,1,1,1,0
22528000,1310996,1310988,1310996,1311004,0,0.0024213598,0.0019227922,0.0035705725,0.0,1310996,1310988,1310996,1311004,0,0.00017635273,0.0001970301,0.00036885962,0.0,1,1,1,0,1,1,1,0
22730000,1310996,1310988,1310996,1311004,0,0.00375735,0.004158825,0.0075467452,0.0,1310996,1310988,1310996,1311004,0,8.7962006e-05,0.00018139294,0.00023562742,0.0,1,1,1,0,1,1,1,0
22926000,1310996,1310988,1310996,1311004,0,0.0013876138,0.0005390267,0.0016070623,0.0,1310996,1310988,1310996,1311004,0,0.00026470947,9.840161e-05,0.00017089822,0.0,1,1,1,0,1,1,1,0
23131000,1310996,1310988,1310996,1311004,0,0.0033845976,0.0021552525,0.0044134296,0.0,1310996,1310988,1310996,1311004,0,9.371877e-05,0.00027625202,0.0002926902,0.0,1,1,1,0,1,1,1,0
23326000,1310996,1310988,1310996,1311004,0,0.003564118,0.0021757134,0.005703172,0.0,1310996,1310988,1310996,1311004,0,0.0002569549,9.180428e-05,0.00034009325,0.0,1,1,1,0,1,1,1,0
23530000,1310996,1310988,1310996,1311004,0,0.0013994181,0.0012577032,0.0012747325,0.0,1310996,1310988,1310996,1311004,0,0.00017635648,0.00018823027,0.00033618632,0.0,1,1,1,0,1,1,1,0
23724000,1310996,1310988,1310996,1311004,0,0.0015665204,0.005631254,0.006889447,0.0,1310996,1310988,1310996,1311004,0,0.00020876381,0.00032992876,0.00030081446,0.0,1,1,1,0,1,1,1,0
23931000,1310996,1310988,1310996,1311004,0,0.0015495777,0.0020455406,0.0035778538,0.0,1310996,1310988,1310996,1311004,0,0.00023829754,0.00038588958,0.00038369483,0.0,1,1,1,0,1,1,1,0
24124000,1310996,1310988,1310996,1311004,0,0.004053235,0.00087205175,0.0033250493,0.0,1310996,1310988,1310996,1311004,0,0.00023222856,3.1116444e-05,0.00025098727,0.0,1,1,1,0,1,1,1,0
24326000,1310996,1310988,1310996,1311004,0,0.0035188058,0.0008871694,0.0027332809,0.0,1310996,1310988,1310996,1311004,0,0.00040216546,0.00019873478,0.00047283177,0.0,1,1,1,0,1,1,1,0
24531000,1310996,1310988,1310996,1311004,0,0.0037011385,0.0024258436,0.004478043,0.0,1310996,1310988,1310996,1311004,0,0.0001520492,0.00029139753,0.00040224186,0.0,1,1,1,0,1,1,1,0
24730000,1310996,1310988,1310996,1311004,0,0.19833827,0.026219409,0.17216972,0.0,1310996,1310988,1310996,1311004,0,0.0003107369,0.00027579098,9.593783e-05,0.0,1,1,1,0,1,1,1,0
24930000,1310996,1310988,1310996,1311004,0,0.020809947,0.043164678,0.02244819,0.0,1310996,1310988,1310996,1311004,0,0.00015847797,0.000119276345,5.9593982e-05,0.0,1,1,1,0,1,1,1,0
25124000,1310996,1310988,1310996,1311004,0,0.03510783,0.06779592,0.032820955,0.0,1310996,1310988,1310996,1311004,0,0.00012421761,0.00031843694,0.00035494549,0.0,1,1,1,0,1,1,1,0
25324000,1310996,1310988,1310996,1311004,0,0.037890032,0.02266153,0.015322195,0.0,1310996,1310988,1310996,1311004,0,0.00033859722,0.0001381739,0.00021326316,0.0,1,1,1,0,1,1,1,0
25524000,1310996,1310988,1310996,1311004,0,0.14165324,0.0027055524,0.13907388,0.0,1310996,1310988,1310996,1311004,0,0.0012850029,0.00066680385,0.0006286595,0.0,1,1,1,0,1,1,1,0
25730000,1310996,1310988,1310996,1311004,0,0.001327713,0.0043940316,0.0031929992,0.0,1310996,1310988,1310996,1311004,0,0.00090326427,0.00071560615,0.0002316853,0.0,1,1,1,0,1,1,1,0
25926000,1310996,1310988,1310996,1311004,0,0.012950691,0.0036339844,0.009752943,0.0,1310996,1310988,1310996,1311004,0,0.0010906141,0.0005372091,0.0005553906,0.0,1,1,1,0,1,1,1,0
26130000,1310996,1310988,1310996,1311004,0,0.003919544,0.0025774634,0.004582585,0.0,1310996,1310988,1310996,1311004,0,0.00055838365,0.0004273566,0.0005546681,0.0,1,1,1,0,1,1,1,0
26324000,1310996,1310988,1310996,1311004,0,0.002960827,0.0019625141,0.0039601224,0.0,1310996,1310988,1310996,1311004,0,0.00046949115,0.0001736345,0.00033975986,0.0,1,1,1,0,1,1,1,0
26529000,1310996,1310988,1310996,1311004,0,0.0068982597,0.0021667522,0.006411481,0.0,1310996,1310988,1310996,1311004,0,0.0005024962,0.00037781484,0.00022859436,0.0,1,1,1,0,1,1,1,0
26730000,1310996,1310988,1310996,1311004,0,0.0024793707,0.0015794103,0.0014340734,0.0,1310996,1310988,1310996,1311004,0,0.00043380074,0.00026233433,0.0003596254,0.0,1,1,1,0,1,1,1,0
26931000,1310996,1310988,1310996,1311004,0,0.007993888,0.0027801772,0.010520667,0.0,1310996,1310988,1310996,1311004,0,0.00043848483,0.0011773247,0.0015788117,0.0,1,1,1,0,1,1,1,0
27125000,1310996,1310988,1310996,1311004,0,0.0035874778,0.02079825,0.024307573,0.0,1310996,1310988,1310996,1311004,0,0.00046754576,0.0005041144,0.00021140344,0.0,1,1,1,0,1,1,1,0
27331000,1310996,1310988,1310996,1311004,0,0.002995309,0.0024578287,0.0046299826,0.0,1310996,1310988,1310996,1311004,0,0.00055548723,0.0005051499,0.00039688905,0.0,1,1,1,0,1,1,1,0
27524000,1310996,1310988,1310996,1311004,0,0.0012175356,0.0034613637,0.0045060697,0.0,1310996,1310988,1310996,1311004,0,0.0005334382,0.0002377972,0.00038558172,0.0,1,1,1,0,1,1,1,0
27726000,1310996,1310988,1310996,1311004,0,0.0020905803,0.0036792674,0.005688775,0.0,1310996,1310988,1310996,1311004,0,0.0005552894,0.0011965669,0.00079880195,0.0,1,1,1,0,1,1,1,0
27926000,1310996,1310988,1310996,1311004,0,0.0027489096,0.003186636,0.0029173698,0.0,1310996,1310988,1310996,1311004,0,0.00052017585,0.00027790232,0.0006459773,0.0,1,1,1,0,1,1,1,0
28124000,1310996,1310988,1310996,1311004,0,0.0025435842,0.009267078,0.006840479,0.0,1310996,1310988,1310996,1311004,0,0.00073536806,0.000587946,0.0010450134,0.0,1,1,1,0,1,1,1,0
28326000,1310996,1310988,1310996,1311004,0,0.0011541051,0.0033442657,0.0037748562,0.0,1310996,1310988,1310996,1311004,0,0.0005128598,0.00020568387,0.00042900632,0.0,1,1,1,0,1,1,1,0
28530000,1310996,1310988,1310996,1311004,0,0.004041828,0.0016435382,0.004846276,0.0,1310996,1310988,1310996,1311004,0,0.00034322965,0.00029772616,0.00012270726,0.0,1,1,1,0,1,1,1,0
28726000,1310996,1310988,1310996,1311004,0,0.0060442165,0.0022372012,0.0038519306,0.0,1310996,1310988,1310996,1311004,0,0.00058492424,0.0008826851,0.00032468047,0.0,1,1,1,0,1,1,1,0
28926000,1310996,1310988,1310996,1311004,0,0.00277456,0.00096677314,0.0037096492,0.0,1310996,1310988,1310996,1311004,0,0.00040028399,0.00031003324,0.0002638589,0.0,1,1,1,0,1,1,1,0
29130000,1310996,1310988,1310996,1311004,0,0.0032435218,0.009122515,0.01206466,0.0,1310996,1310988,1310996,1311004,0,0.00039179876,0.0004651844,0.0007012675,0.0,1,1,1,0,1,1,1,0
29330000,1310996,1310988,1310996,1311004,0,0.0014478577,0.0065565095,0.005976853,0.0,1310996,1310988,1310996,1311004,0,0.0005909131,0.00052918674,0.0007709646,0.0,1,1,1,0,1,1,1,0
29531000,1310996,1310988,1310996,1311004,0,0.0009669446,0.003655852,0.002876517,0.0,1310996,1310988,1310996,1311004,0,0.00040685912,0.00024051256,0.0006401603,0.0,1,1,1,0,1,1,1,0
29730000,1310996,1310988,1310996,1311004,0,0.0018900556,0.005600269,0.005622557,0.0,1310996,1310988,1310996,1311004,0,0.00063931406,0.0004207944,0.00064715615,0.0,1,1,1,0,1,1,1,0
29931000,1310996,1310988,1310996,1311004,0,0.0025922996,0.004083425,0.004569741,0.0,1310996,1310988,1310996,1311004,0,0.0005163416,0.00020784486,0.0007007447,0.0,1,1,1,0,1,1,1,0
30124000,1310996,1310988,1310996,1311004,0,0.0028028716,0.0030297886,0.0058224276,0.0,1310996,1310988,1310996,1311004,0,0.00044446866,0.00028610727,0.0006360574,0.0,1,1,1,0,1,1,1,0
30330000,1310996,1310988,1310996,1311004,0,0.0012212517,0.0030540938,0.0023883823,0.0,1310996,1310988,1310996,1311004,0,0.00026550153,0.0002399847,0.00022070692,0.0,1,1,1,0,1,1,1,0
30528000,1310996,1310988,1310996,1311004,0,0.0031895502,0.00471209,0.003572812,0.0,1310996,1310988,1310996,1311004,0,0.00036516742,0.0004106895,0.00029388603,0.0,1,1,1,0,1,1,1,0
30726000,1310996,1310988,1310996,1311004,0,0.0017352982,0.008425239,0.009945704,0.0,1310996,1310988,1310996,1311004,0,0.00024711507,0.0005304187,0.0005177614,0.0,1,1,1,0,1,1,1,0
30929000,1310996,1310988,1310996,1311004,0,0.0014344292,0.022960333,0.023118505,0.0,1310996,1310988,1310996,1311004,0,0.0003684576,0.00024627108,0.0005130677,0.0,1,1,1,0,1,1,1,0
31130000,1310996,1310988,1310996,1311004,0,0.006164276,0.00080881064,0.005949293,0.0,1310996,1310988,1310996,1311004,0,0.00041629252,0.000101557314,0.00039196733,0.0,1,1,1,0,1,1,1,0
31324000,1310996,1310988,1310996,1311004,0,0.0013306139,0.0045839194,0.0054439646,0.0,1310996,1310988,1310996,1311004,0,0.00047101206,0.0005304291,0.00066495937,0.0,1,1,1,0,1,1,1,0
31528000,1310996,1310988,1310996,1311004,0,0.0012283836,0.010956101,0.010171488,0.0,1310996,1310988,1310996,1311004,0,0.00039170624,0.00037788216,0.00061548036,0.0,1,1,1,0,1,1,1,0
31728000,1310996,1310988,1310996,1311004,0,0.0009877014,0.0111875,0.0119791925,0.0,1310996,1310988,1310996,1311004,0,0.0003218004,0.0002101899,0.00034066287,0.0,1,1,1,0,1,1,1,0
31926000,1310996,1310988,1310996,1311004,0,0.0016670249,0.0068150647,0.0066614845,0.0,1310996,1310988,1310996,1311004,0,0.00022033855,0.0003093688,0.0005036906,0.0,1,1,1,0,1,1,1,0
32130000,1310996,1310988,1310996,1311004,0,0.0012926171,0.0048984736,0.0036843834,0.0,1310996,1310988,1310996,1311004,0,0.00029263075,0.0001573818,0.0003021398,0.0,1,1,1,0,1,1,1,0
32330000,1310996,1310988,1310996,1311004,0,0.001045131,0.0034601984,0.004073819,0.0,1310996,1310988,1310996,1311004,0,0.00020277336,0.00026027902,0.00044704892,0.0,1,1,1,0,1,1,1,0
32526000,1310996,1310988,1310996,1311004,0,0.0012126798,0.0020381298,0.0014532103,0.0,1310996,1310988,1310996,1311004,0,0.00026438487,0.00044680585,0.00033185497,0.0,1,1,1,0,1,1,1,0
32730000,1310996,1310988,1310996,1311004,0,0.0030426972,0.0025333255,0.0045100003,0.0,1310996,1310988,1310996,1311004,0,0.00026581716,0.00022143222,0.0004838407,0.0,1,1,1,0,1,1,1,0
32931000,1310996,1310988,1310996,1311004,0,0.0022263816,0.0018793353,0.0037384524,0.0,1310996,1310988,1310996,1311004,0,0.00029094427,0.00012654814,0.00036873925,0.0,1,1,1,0,1,1,1,0
33129000,1310996,1310988,1310996,1311004,0,0.0032168329,0.0049568,0.0051010246,0.0,1310996,1310988,1310996,1311004,0,0.00039991693,0.00046799754,0.00027558452,0.0,1,1,1,0,1,1,1,0
33328000,1310996,1310988,1310996,1311004,0,0.003395291,0.0035622546,0.0068956427,0.0,1310996,1310988,1310996,1311004,0,9.605567e-05,0.00072993874,0.0006347558,0.0,1,1,1,0,1,1,1,0
33528000,1310996,1310988,1310996,1311004,0,0.0049090204,0.0044044084,0.009306294,0.0,1310996,1310988,1310996,1311004,0,0.0006130112,0.00032884532,0.00029061205,0.0,1,1,1,0,1,1,1,0
33730000,1310996,1310988,1310996,1311004,0,0.0016659389,0.008101053,0.009662514,0.0,1310996,1310988,1310996,1311004,0,0.00060153025,0.00018863643,0.00046190195,0.0,1,1,1,0,1,1,1,0
33930000,1310996,1310988,1310996,1311004,0,0.0009022182,0.0045868754,0.005270729,0.0,1310996,1310988,1310996,1311004,0,0.0003236552,0.0002114385,0.0002718744,0.0,1,1,1,0,1,1,1,0
34130000,1310996,1310988,1310996,1311004,0,0.00505959,0.0024869053,0.0074032717,0.0,1310996,1310988,1310996,1311004,0,0.0004261417,0.00078655785,0.00057970395,0.0,1,1,1,0,1,1,1,0
34322000,1310996,1310988,1310996,1311004,0,0.0038655852,0.0024397972,0.006029717,0.0,1310996,1310988,1310996,1311004,0,0.00060391094,0.0005323813,0.0004848703,0.0,1,1,1,0,1,1,1,0
34524000,1310996,1310988,1310996,1311004,0,0.0048866253,0.0058491863,0.010502768,0.0,1310996,1310988,1310996,1311004,0,0.00031378798,0.0003563224,0.00027540562,0.0,1,1,1,0,1,1,1,0
34728000,1310996,1310988,1310996,1311004,0,0.0030802737,0.0016921142,0.003403701,0.0,1310996,1310988,1310996,1311004,0,0.00040608598,0.00019774557,0.0002346503,0.0,1,1,1,0,1,1,1,0
34928000,1310996,1310988,1310996,1311004,0,0.0038442025,0.004587758,0.007551345,0.0,1310996,1310988,1310996,1311004,0,0.00065091794,0.00017841448,0.0007869356,0.0,1,1,1,0,1,1,1,0
35129000,1310996,1310988,1310996,1311004,0,0.0042879363,0.0036108235,0.0074662785,0.0,1310996,1310988,1310996,1311004,0,0.00039332846,0.0003911258,0.00046077848,0.0,1,1,1,0,1,1,1,0
35326000,1310996,1310988,1310996,1311004,0,0.007179842,0.004341717,0.010421488,0.0,1310996,1310988,1310996,1311004,0,0.00047650372,0.00041732518,0.0007111883,0.0,1,1,1,0,1,1,1,0
35525000,1310996,1310988,1310996,1311004,0,0.0030643134,0.0010718001,0.003432752,0.0,1310996,1310988,1310996,1311004,0,0.0003131351,0.00054987776,0.00030716087,0.0,1,1,1,0,1,1,1,0
35728000,1310996,1310988,1310996,1311004,0,0.0007418843,0.0060147396,0.0065814904,0.0,1310996,1310988,1310996,1311004,0,0.0005560094,0.00027325997,0.0004944212,0.0,1,1,1,0,1,1,1,0
35930000,1310996,1310988,1310996,1311004,0,0.0010727004,0.003761761,0.0047011306,0.0,1310996,1310988,1310996,1311004,0,0.0004362816,0.00019973434,0.0002662133,0.0,1,1,1,0,1,1,1,0
36131000,1310996,1310988,1310996,1311004,0,0.0023799506,0.0026390303,0.0048561683,0.0,1310996,1310988,1310996,1311004,0,0.0006607387,0.00040913394,0.0010411349,0.0,1,1,1,0,1,1,1,0
36324000,1310996,1310988,1310996,1311004,0,0.0022346887,0.0020184394,0.0009764008,0.0,1310996,1310988,1310996,1311004,0,0.00041226528,0.0006396849,0.00029585982,0.0,1,1,1,0,1,1,1,0
36531000,1310996,1310988,1310996,1311004,0,0.0007693253,0.00058996235,0.00078490045,0.0,1310996,1310988,1310996,1311004,0,0.0005631629,0.00014769008,0.00063768483,0.0,1,1,1,0,1,1,1,0
36728000,1310996,1310988,1310996,1311004,0,0.0020723885,0.005464355,0.0034532784,0.0,1310996,1310988,1310996,1311004,0,0.0004177366,0.0001951034,0.00039780675,0.0,1,1,1,0,1,1,1,0
36931000,1310996,1310988,1310996,1311004,0,0.0007218243,0.003781284,0.0035255072,0.0,1310996,1310988,1310996,1311004,0,0.0004547721,0.0005966304,0.00070072163,0.0,1,1,1,0,1,1,1,0
37128000,1310996,1310988,1310996,1311004,0,0.0017884698,0.0028294295,0.0035948772,0.0,1310996,1310988,1310996,1311004,0,0.0002455463,0.00038716162,0.00032761804,0.0,1,1,1,0,1,1,1,0
37331000,1310996,1310988,1310996,1311004,0,0.0017535479,0.0021177325,0.00375751,0.0,1310996,1310988,1310996,1311004,0,0.0005403354,0.00017855376,0.00048907165,0.0,1,1,1,0,1,1,1,0
37529000,1310996,1310988,1310996,1311004,0,0.0024286774,0.0031945908,0.0033001262,0.0,1310996,1310988,1310996,1311004,0,0.0004354988,0.00022278223,0.0005392609,0.0,1,1,1,0,1,1,1,0
37730000,1310996,1310988,1310996,1311004,0,0.0038321237,0.0034302105,0.006546663,0.0,1310996,1310988,1310996,1311004,0,0.0004033937,0.00012910104,0.0004586225,0.0,1,1,1,0,1,1,1,0
37930000,1310996,1310988,1310996,1311004,0,0.006076115,0.0012905429,0.0065722167,0.0,1310996,1310988,1310996,1311004,0,0.0002476022,0.00032591575,0.0003137494,0.0,1,1,1,0,1,1,1,0
38130000,1310996,1310988,1310996,1311004,0,0.005162525,0.0032113278,0.0081167305,0.0,1310996,1310988,1310996,1311004,0,0.0003524911,0.00027434822,0.0002613578,0.0,1,1,1,0,1,1,1,0
38331000,1310996,1310988,1310996,1311004,0,0.0010840554,0.0056703077,0.0062724613,0.0,1310996,1310988,1310996,1311004,0,0.0005239565,0.00030782458,0.00047990817,0.0,1,1,1,0,1,1,1,0
38524000,1310996,1310988,1310996,1311004,0,0.0006617688,0.002808123,0.0030501364,0.0,1310996,1310988,1310996,1311004,0,0.00033935066,0.00021179493,0.00016298154,0.0,1,1,1,0,1,1,1,0
38726000,1310996,1310988,1310996,1311004,0,0.002070217,0.0032126226,0.0051722582,0.0,1310996,1310988,1310996,1311004,0,0.0002501875,0.00012812347,0.00035745135,0.0,1,1,1,0,1,1,1,0
38930000,1310996,1310988,1310996,1311004,0,0.0048839008,0.006150792,0.011025409,0.0,1310996,1310988,1310996,1311004,0,0.00016779461,0.0006732973,0.00081889395,0.0,1,1,1,0,1,1,1,0
39126000,1310996,1310988,1310996,1311004,0,0.3492367,0.37757188,0.6134523,0.0,1310996,1310988,1310996,1311004,0,0.0005519799,0.002591224,0.0027887567,0.0,1,1,1,0,1,1,1,0
39330000,1310996,1310988,1310996,1311004,0,0.14381242,0.25283548,0.18502067,0.0,1310996,1310988,1310996,1311004,0,0.00069856865,0.012512831,0.013166338,0.0,1,1,1,0,1,1,1,0
39525000,1311004,1310988,1310996,1311004,0,0.13540733,0.192682,0.32649264,0.0,1311004,1310988,1310996,1311004,0,0.0005046205,0.0068790233,0.0068709143,0.0,1,1,1,0,1,1,1,0
39730000,1310988,1310988,1310996,1311004,0,0.041048158,0.3800676,0.3479364,0.0,1310988,1310988,1310996,1311004,0,0.00061390904,0.008212066,0.0087064,0.0,1,1,1,0,1,1,1,0
39928000,1310988,1310988,1310996,1311004,0,0.11956763,0.6011096,0.5548522,0.0,1310988,1310988,1310996,1311004,0,0.00094050507,0.01052928,0.011355361,0.0,1,1,1,0,1,1,1,0
40130000,1310988,1310988,1310996,1311004,0,0.29352456,0.81426775,1.1075864,0.0,1310988,1310988,1310996,1311004,0,0.0031649256,0.015264626,0.018204,0.0,1,1,1,0,1,1,1,0
40328000,1310988,1310988,1310996,1311004,0,0.38524836,1.4149373,1.2051989,0.0,1310988,1310988,1310996,1311004,0,0.002870939,0.009916723,0.012779037,0.0,1,1,1,0,1,1,1,0
40531000,1310988,1310988,1310996,1311004,0,0.18724994,0.36457124,0.49308935,0.0,1310988,1310988,1310996,1311004,0,0.002830684,0.0066119046,0.0093963295,0.0,1,1,1,0,1,1,1,0
40724000,1310988,1310988,1310996,1311004,0,0.2767122,0.42510182,0.6669906,0.0,1310988,1310988,1310996,1311004,0,0.0016488474,0.0010180185,0.0024799295,0.0,1,1,1,0,1,1,1,0
40928000,1310988,1310988,1310996,1311004,0,0.26657248,0.5053015,0.46184713,0.0,1310988,1310988,1310996,1311004,0,0.00080645847,0.0041957237,0.0048515736,0.0,1,1,1,0,1,1,1,0
41128000,1310988,1310988,1310996,1311004,0,0.16078149,0.37452176,0.349825,0.0,1310988,1310988,1310996,1311004,0,0.0021249526,0.012765256,0.014878038,0.0,1,1,1,0,1,1,1,0
41324000,1310988,1310988,1310996,1311004,0,0.068213485,0.49904686,0.43909985,0.0,1310988,1310988,1310996,1311004,0,0.004502692,0.00056083355,0.0039491677,0.0,1,1,1,0,1,1,1,0
41530000,1310988,1310988,1310996,1311004,0,0.66987497,0.09899634,0.7329058,0.0,1310988,1310988,1310996,1311004,0,0.004290445,0.0027499069,0.0016212689,0.0,1,1,1,0,1,1,1,0
41725000,1310988,1310988,1310996,1311004,0,0.31419855,0.07400863,0.27765295,0.0,1310988,1310988,1310996,1311004,0,0.0059403437,0.0029605662,0.002980269,0.0,1,1,1,0,1,1,1,0
41928000,1310988,1310988,1310996,1311004,0,0.49399513,0.24522942,0.26130533,0.0,1310988,1310988,1310996,1311004,0,0.0053995573,0.0024076824,0.0030276903,0.0,1,1,1,0,1,1,1,0
42127000,1310988,1310988,1310996,1311004,0,0.6512323,0.5041013,0.25091675,0.0,1310988,1310988,1310996,1311004,0,0.007331763,0.004141432,0.003247783,0.0,1,1,1,0,1,1,1,0
42329000,1310988,1310988,1310996,1311004,0,0.21868294,0.5901041,0.72763044,0.0,1310988,1310988,1310996,1311004,0,0.004267973,0.0011294533,0.0031699315,0.0,1,1,1,0,1,1,1,0
42526000,1310988,1310988,1310996,1311004,0,0.10887069,0.31788835,0.25751287,0.0,1310988,1310988,1310996,1311004,0,0.004600199,0.002136108,0.0025266518,0.0,1,1,1,0,1,1,1,0
42731000,1310988,1310988,1310996,1311004,0,0.513616,0.42715314,0.10418647,0.0,1310988,1310988,1310996,1311004,0,0.0050550015,0.0025751072,0.0025023164,0.0,1,1,1,0,1,1,1,0
42924000,1310988,1310988,1310996,1311004,0,0.6941131,0.15520173,0.5487895,0.0,1310988,1310988,1310996,1311004,0,0.0044227345,0.0020749927,0.0023910154,0.0,1,1,1,0,1,1,1,0
43127000,1310988,1310988,1310996,1311004,0,0.11315671,0.3610025,0.31722066,0.0,1310988,1310988,1310996,1311004,0,0.007545081,0.0038103668,0.0039131558,0.0,1,1,1,0,1,1,1,0
43324000,1310988,1310988,1310996,1311004,0,0.5154377,0.52821225,0.88782376,0.0,1310988,1310988,1310996,1311004,0,0.0028096049,0.0013969392,0.0014416126,0.0,1,1,1,0,1,1,1,0
43527000,1310988,1310988,1310996,1311004,0,0.4597087,0.36164454,0.6220965,0.0,1310988,1310988,1310996,1311004,0,0.0031861966,0.0016881649,0.0018645185,0.0,1,1,1,0,1,1,1,0
43729000,1310988,1310988,1310996,1311004,0,0.17467766,0.21754241,0.07357871,0.0,1310988,1310988,1310996,1311004,0,0.00494577,0.0026932803,0.002317768,0.0,1,1,1,0,1,1,1,0
43928000,1310988,1310988,1310996,1311004,0,0.54179597,0.14309241,0.43874937,0.0,1310988,1310988,1310996,1311004,0,0.0042375494,0.0036141332,0.0006680926,0.0,1,1,1,0,1,1,1,0
44130000,1310988,1310988,1310996,1311004,0,0.34257847,0.40580767,0.22577758,0.0,1310988,1310988,1310996,1311004,0,0.003319649,0.0022984704,0.0010518583,0.0,1,1,1,0,1,1,1,0
44328000,1310988,1310988,1310996,1311004,0,0.15501952,0.11881422,0.24958783,0.0,1310988,1310988,1310996,1311004,0,0.0036858125,0.001880386,0.0018197201,0.0,1,1,1,0,1,1,1,0
44526000,1310988,1310988,1310996,1311004,0,0.29656094,0.24970582,0.54341483,0.0,1310988,1310988,1310996,1311004,0,0.0039936127,0.0038580138,0.00024826537,0.0,1,1,1,0,1,1,1,0
44731000,1310988,1310988,1310996,1311004,0,0.1741276,0.31212,0.24746166,0.0,1310988,1310988,1310996,1311004,0,0.005217602,0.0034637805,0.0017622695,0.0,1,1,1,0,1,1,1,0
44928000,1310988,1310988,1310996,1311004,0,0.31716058,0.26365033,0.3138486,0.0,1310988,1310988,1310996,1311004,0,0.0020303316,0.0022907383,0.00084202253,0.0,1,1,1,0,1,1,1,0
45128000,1310988,1310988,1310996,1311004,0,0.10089581,0.19713768,0.2856023,0.0,1310988,1310988,1310996,1311004,0,0.005160481,0.002347943,0.0028583745,0.0,1,1,1,0,1,1,1,0
45329000,1310988,1310988,1310996,1311004,0,0.31641015,0.52683717,0.5200691,0.0,1310988,1310988,1310996,1311004,0,0.0033326775,0.0018488899,0.0016213539,0.0,1,1,1,0,1,1,1,0
45531000,1310988,1310988,1310996,1311004,0,0.2537695,0.14492835,0.23033328,0.0,1310988,1310988,1310996,1311004,0,0.003800492,0.0028689003,0.0038188014,0.0,1,1,1,0,1,1,1,0
45731000,1310988,1310988,1310996,1311004,0,0.28652552,0.46010584,0.61298585,0.0,1310988,1310988,1310996,1311004,0,0.0029251792,0.0013066959,0.0016901649,0.0,1,1,1,0,1,1,1,0
45924000,1310988,1310988,1310996,1311004,0,0.3306333,0.3142548,0.30266857,0.0,1310988,1310988,1310996,1311004,0,0.004499659,0.0043329326,0.00045406347,0.0,1,1,1,0,1,1,1,0
46129000,1310988,1310988,1310996,1311004,0,0.7206389,0.312656,0.41227344,0.0,1310988,1310988,1310996,1311004,0,0.0078072483,0.0036176103,0.004201602,0.0,1,1,1,0,1,1,1,0
46330000,1310988,1310988,1310996,1311004,0,0.2611342,0.11629436,0.33673534,0.0,1310988,1310988,1310996,1311004,0,0.007550477,0.0034632268,0.0042539053,0.0,1,1,1,0,1,1,1,0
46525000,1310988,1310988,1310996,1311004,0,0.16902742,0.48174125,0.3753764,0.0,1310988,1310988,1310996,1311004,0,0.0046907556,0.0032927478,0.0014190639,0.0,1,1,1,0,1,1,1,0
46730000,1310988,1310988,1310996,1311004,0,0.18790746,0.13591993,0.09932906,0.0,1310988,1310988,1310996,1311004,0,0.0059604677,0.0026273932,0.0033432653,0.0,1,1,1,0,1,1,1,0
46931000,1310988,1310988,1310996,1311004,0,0.35583782,0.6734379,0.93183404,0.0,1310988,1310988,1310996,1311004,0,0.003694354,0.001984501,0.0017247887,0.0,1,1,1,0,1,1,1,0
47128000,1310988,1310988,1310996,1311004,0,0.15979564,0.28209078,0.28613785,0.0,1310988,1310988,1310996,1311004,0,0.002263118,0.0009346783,0.0013478425,0.0,1,1,1,0,1,1,1,0
47328000,1310988,1310988,1310996,1311004,0,0.25036836,0.57406455,0.49542624,0.0,1310988,1310988,1310996,1311004,0,0.0019314596,0.002569145,0.0007181632,0.0,1,1,1,0,1,1,1,0
47530000,1310988,1310988,1310996,1311004,0,0.22539645,0.26501995,0.18970655,0.0,1310988,1310988,1310996,1311004,0,0.0061754477,0.0020514065,0.0041652173,0.0,1,1,1,0,1,1,1,0
47730000,1310988,1310988,1310996,1311004,0,0.5016593,0.2781095,0.2687684,0.0,1310988,1310988,1310996,1311004,0,0.0048173214,0.0018479854,0.0035910937,0.0,1,1,1,0,1,1,1,0
47929000,1310988,1310988,1310996,1311004,0,0.19886638,0.09140684,0.15655737,0.0,1310988,1310988,1310996,1311004,0,0.012124114,0.006823183,0.005351235,0.0,1,1,1,0,1,1,1,0
48130000,1310988,1310988,1310996,1311004,0,0.25784674,0.38499743,0.30195206,0.0,1310988,1310988,1310996,1311004,0,0.0011659171,0.0006560009,0.0006681512,0.0,1,1,1,0,1,1,1,0
48331000,1310988,1310988,1310996,1311004,0,0.42660403,0.48777172,0.078779,0.0,1310988,1310988,1310996,1311004,0,0.006337172,0.002362163,0.0040875776,0.0,1,1,1,0,1,1,1,0
48530000,1310988,1310988,1310996,1311004,0,0.34911397,0.2750308,0.07938431,0.0,1310988,1310988,1310996,1311004,0,0.0025610002,0.0007843193,0.0021071744,0.0,1,1,1,0,1,1,1,0
48728000,1310988,1310988,1310996,1311004,0,0.24414037,0.23148887,0.2710048,0.0,1310988,1310988,1310996,1311004,0,0.0024185076,0.0017287751,0.0025841102,0.0,1,1,1,0,1,1,1,0
48930000,1310988,1310988,1310996,1311004,0,0.21913478,0.2606368,0.12897477,0.0,1310988,1310988,1310996,1311004,0,0.0026316806,0.0011931629,0.0015574697,0.0,1,1,1,0,1,1,1,0
49130000,1310988,1310988,1310996,1311004,0,0.169375,0.38891348,0.45090425,0.0,1310988,1310988,1310996,1311004,0,0.0035566941,0.0026203075,0.0012721504,0.0,1,1,1,0,1,1,1,0
49330000,1310988,1310988,1310996,1311004,0,0.44514635,0.579276,0.33342567,0.0,1310988,1310988,1310996,1311004,0,0.004944985,0.0022133368,0.0027883612,0.0,1,1,1,0,1,1,1,0
49530000,1310988,1310988,1310996,1311004,0,0.35867634,0.29647288,0.28494942,0.0,1310988,1310988,1310996,1311004,0,0.005671014,0.003127276,0.002593625,0.0,1,1,1,0,1,1,1,0
49731000,1310988,1310988,1310996,1311004,0,0.4641712,0.10643976,0.4857476,0.0,1310988,1310988,1310996,1311004,0,0.006395884,0.0035421927,0.004023098,0.0,1,1,1,0,1,1,1,0
49924000,1310988,1310988,1310996,1311004,0,0.18490642,0.37640718,0.5471006,0.0,1310988,1310988,1310996,1311004,0,0.007852249,0.0056237364,0.0026642126,0.0,1,1,1,0,1,1,1,0
50128000,1310988,1310988,1310996,1311004,0,0.09515938,0.7484238,0.8012477,0.0,1310988,1310988,1310996,1311004,0,0.0020066842,0.0015949801,0.001268717,0.0,1,1,1,0,1,1,1,0
50330000,1310988,1310988,1310996,1311004,0,0.14751582,0.4460209,0.3000742,0.0,1310988,1310988,1310996,1311004,0,0.0019006884,0.0054756026,0.0069923056,0.0,1,1,1,0,1,1,1,0
50530000,1310988,1310988,1310996,1311004,0,0.16668223,0.17100732,0.18818197,0.0,1310988,1310988,1310996,1311004,0,0.007206916,0.00437789,0.002968638,0.0,1,1,1,0,1,1,1,0
50730000,1310988,1310988,1310996,1311004,0,0.13313136,0.14408028,0.20590666,0.0,1310988,1310988,1310996,1311004,0,0.0043438296,0.0021393478,0.002394965,0.0,1,1,1,0,1,1,1,0
50930000,1310988,1310988,1310996,1311004,0,0.29721662,0.11050653,0.39110342,0.0,1310988,1310988,1310996,1311004,0,0.0020910029,0.0007144692,0.0014135714,0.0,1,1,1,0,1,1,1,0
51131000,1310988,1310988,1310996,1311004,0,0.48871768,0.38946295,0.21534085,0.0,1310988,1310988,1310996,1311004,0,0.004936016,0.004059877,0.001067577,0.0,1,1,1,0,1,1,1,0
51324000,1310988,1310988,1310996,1311004,0,0.20098743,0.11138364,0.29043284,0.0,1310988,1310988,1310996,1311004,0,0.003553022,0.0029483614,0.00064880145,0.0,1,1,1,0,1,1,1,0
51530000,1310996,1310988,1310996,1311004,0,0.31206748,0.25605354,0.4993395,0.0,1310996,1310988,1310996,1311004,0,0.010835118,0.0074512283,0.0033948403,0.0,1,1,1,0,1,1,1,0
51727000,1310996,1310988,1310996,1311004,0,0.36440775,0.20072779,0.52300376,0.0,1310996,1310988,1310996,1311004,0,0.0041855318,0.0018072742,0.0027570117,0.0,1,1,1,0,1,1,1,0
51931000,1310996,1310988,1310996,1311004,0,0.30176023,0.19626991,0.4211863,0.0,1310996,1310988,1310996,1311004,0,0.0066852565,0.0064133517,0.0018859033,0.0,1,1,1,0,1,1,1,0
52131000,1310996,1310988,1310996,1311004,0,0.023528008,0.31732026,0.3331615,0.0,1310996,1310988,1310996,1311004,0,0.003421016,0.0014124906,0.002085375,0.0,1,1,1,0,1,1,1,0
52324000,1310996,1310988,1310996,1311004,0,0.17719528,0.19232845,0.24125497,0.0,1310996,1310988,1310996,1311004,0,0.0012727642,0.0018709295,0.0008453771,0.0,1,1,1,0,1,1,1,0
52530000,1310996,1310988,1310996,1311004,0,0.3073792,0.16064228,0.45420215,0.0,1310996,1310988,1310996,1311004,0,0.004898201,0.0034419538,0.001524777,0.0,1,1,1,0,1,1,1,0
52724000,1310996,1310988,1310996,1311004,0,0.21344693,0.31704792,0.2534888,0.0,1310996,1310988,1310996,1311004,0,0.006783227,0.006024805,0.0015305704,0.0,1,1,1,0,1,1,1,0
52928000,1310996,1310988,1310996,1311004,0,0.41971087,0.5518556,0.9703011,0.0,1310996,1310988,1310996,1311004,0,0.007855765,0.007416969,0.0016408042,0.0,1,1,1,0,1,1,1,0
53126000,1310996,1310988,1310996,1311004,0,0.12833008,0.26801986,0.21480879,0.0,1310996,1310988,1310996,1311004,0,0.009792636,0.008658526,0.0011972386,0.0,1,1,1,0,1,1,1,0
53324000,1310996,1310988,1310996,1311004,0,0.07006348,0.17651048,0.1764991,0.0,1310996,1310988,1310996,1311004,0,0.0066806874,0.0043133795,0.00248363,0.0,1,1,1,0,1,1,1,0
53527000,1310996,1310988,1310996,1311004,0,0.35857642,0.097331464,0.3927929,0.0,1310996,1310988,1310996,1311004,0,0.0050505623,0.0024681762,0.002612521,0.0,1,1,1,0,1,1,1,0
53729000,1310996,1310988,1310996,1311004,0,0.20348556,0.0650414,0.23617278,0.0,1310996,1310988,1310996,1311004,0,0.0003376248,0.001435533,0.0014929555,0.0,1,1,1,0,1,1,1,0
53930000,1310996,1310988,1310996,1311004,0,0.19556843,0.079903565,0.17721796,0.0,1310996,1310988,1310996,1311004,0,0.003223363,0.0009280079,0.002330281,0.0,1,1,1,0,1,1,1,0
54127000,1310996,1310988,1310996,1311004,0,0.580624,0.20107268,0.78058815,0.0,1310996,1310988,1310996,1311004,0,0.0005834412,0.00069959916,0.000709014,0.0,1,1,1,0,1,1,1,0
54324000,1310996,1310988,1310996,1311004,0,0.37926072,0.047307514,0.36693823,0.0,1310996,1310988,1310996,1311004,0,0.0020245842,0.002117581,0.0017794063,0.0,1,1,1,0,1,1,1,0
54531000,1310996,1310988,1310996,1311004,0,0.23116799,0.34647834,0.18804197,0.0,1310996,1310988,1310996,1311004,0,0.005671386,0.0040907785,0.0027973813,0.0,1,1,1,0,1,1,1,0
54729000,1310996,1310988,1310996,1311004,0,0.94142663,0.18063988,1.114915,0.0,1310996,1310988,1310996,1311004,0,0.001795468,0.0031330467,0.0014030425,0.0,1,1,1,0,1,1,1,0
54925000,1310996,1310988,1310996,1311004,0,0.13464677,0.35359764,0.47077084,0.0,1310996,1310988,1310996,1311004,0,0.0032558234,0.002149463,0.0016986574,0.0,1,1,1,0,1,1,1,0
55129000,1310996,1310988,1310996,1311004,0,0.4392651,0.209921,0.63409424,0.0,1310996,1310988,1310996,1311004,0,0.007216354,0.006764469,0.0006702878,0.0,1,1,1,0,1,1,1,0
55330000,1310996,1310988,1310996,1311004,0,0.44846806,0.19092518,0.58633894,0.0,1310996,1310988,1310996,1311004,0,0.0020062923,0.0013800845,0.0011139924,0.0,1,1,1,0,1,1,1,0
55531000,1310996,1310988,1310996,1311004,0,0.34024274,0.196935,0.49878973,0.0,1310996,1310988,1310996,1311004,0,0.0018222991,0.0016721089,0.00037362028,0.0,1,1,1,0,1,1,1,0
55727000,1310996,1310988,1310996,1311004,0,0.23048468,0.09067816,0.29501098,0.0,1310996,1310988,1310996,1311004,0,0.0053529544,0.00309938,0.0022553634,0.0,1,1,1,0,1,1,1,0
55924000,1310996,1310988,1310996,1311004,0,0.5065071,0.25092718,0.28994477,0.0,1310996,1310988,1310996,1311004,0,0.003979292,0.0017629096,0.0022401372,0.0,1,1,1,0,1,1,1,0
56127000,1310996,1310988,1310996,1311004,0,0.2797441,0.1128589,0.26669422,0.0,1310996,1310988,1310996,1311004,0,0.0053113997,0.004641392,0.0023458952,0.0,1,1,1,0,1,1,1,0
56325000,1310996,1310988,1310996,1311004,0,0.22170247,0.21835259,0.33619457,0.0,1310996,1310988,1310996,1311004,0,0.0070505976,0.0049334285,0.0021598332,0.0,1,1,1,0,1,1,1,0
56528000,1310996,1310988,1310996,1311004,0,0.5252659,0.3821737,0.21014489,0.0,1310996,1310988,1310996,1311004,0,0.0087035345,0.0038877947,0.004835582,0.0,1,1,1,0,1,1,1,0
56729000,1310996,1310988,1310996,1311004,0,0.6411074,0.31737205,0.32483643,0.0,1310996,1310988,1310996,1311004,0,0.0014564212,0.0009630811,0.0005187039,0.0,1,1,1,0,1,1,1,0
56927000,1310996,1310988,1310996,1311004,0,0.2574384,0.20432413,0.42706582,0.0,1310996,1310988,1310996,1311004,0,0.0041944725,0.004249532,0.001125766,0.0,1,1,1,0,1,1,1,0
57130000,1310996,1310988,1310996,1311004,0,0.21682306,0.096952416,0.21367472,0.0,1310996,1310988,1310996,1311004,0,0.0043105595,0.0024843437,0.0022210127,0.0,1,1,1,0,1,1,1,0
57324000,1310996,1310988,1310996,1311004,0,0.34022298,0.21716078,0.44476452,0.0,1310996,1310988,1310996,1311004,0,0.0048809424,0.0054867985,0.0007552855,0.0,1,1,1,0,1,1,1,0
57526000,1310996,1310988,1310996,1311004,0,0.065732904,0.25233036,0.30359668,0.0,1310996,1310988,1310996,1311004,0,0.0060269134,0.0042840517,0.0034751042,0.0,1,1,1,0,1,1,1,0
57730000,1310988,1310988,1310996,1311004,0,0.15741856,0.1328014,0.029376842,0.0,1310988,1310988,1310996,1311004,0,0.004003497,0.0021087206,0.001900332,0.0,1,1,1,0,1,1,1,0
57931000,1310988,1310988,1310996,1311004,0,0.23973987,0.48417208,0.48323235,0.0,1310988,1310988,1310996,1311004,0,0.0039060977,0.0026270563,0.0019406113,0.0,1,1,1,0,1,1,1,0
58129000,1310996,1310988,1310996,1311004,0,0.44863215,0.45167893,0.8911582,0.0,1310996,1310988,1310996,1311004,0,0.005154863,0.005135537,0.0006047381,0.0,1,1,1,0,1,1,1,0
58326000,1310996,1310988,1310996,1311004,0,0.4032676,0.27955082,0.59668434,0.0,1310996,1310988,1310996,1311004,0,0.00064449647,0.00073487486,0.0012976181,0.0,1,1,1,0,1,1,1,0
58524000,1310996,1310988,1310996,1311004,0,0.8082617,0.12767713,0.712011,0.0,1310996,1310988,1310996,1311004,0,0.002867706,0.0012531042,0.0018249683,0.0,1,1,1,0,1,1,1,0
58730000,1310996,1310988,1310996,1311004,0,0.6591884,0.12436426,0.6936411,0.0,1310996,1310988,1310996,1311004,0,0.004778246,0.004896984,0.0007690857,0.0,1,1,1,0,1,1,1,0
58926000,1310996,1310988,1310996,1311004,0,0.3407238,0.37532052,0.71215236,0.0,1310996,1310988,1310996,1311004,0,0.0035477323,0.0033593038,0.00054104615,0.0,1,1,1,0,1,1,1,0
59126000,1310996,1310988,1310996,1311004,0,0.2901311,0.17743793,0.4054112,0.0,1310996,1310988,1310996,1311004,0,0.0042046434,0.003007942,0.0014043052,0.0,1,1,1,0,1,1,1,0
59326000,1310996,1310988,1310996,1311004,0,0.24231228,0.25598028,0.47723165,0.0,1310996,1310988,1310996,1311004,0,0.003612539,0.0034126728,0.00034984603,0.0,1,1,1,0,1,1,1,0
59525000,1310996,1310988,1310996,1311004,0,0.21469028,0.20758703,0.36824444,0.0,1310996,1310988,1310996,1311004,0,0.003382297,0.002091282,0.0014637588,0.0,1,1,1,0,1,1,1,0
59726000,1310996,1310988,1310996,1311004,0,0.07992619,0.14501087,0.15320145,0.0,1310996,1310988,1310996,1311004,0,0.006897405,0.0059532775,0.001013064,0.0,1,1,1,0,1,1,1,0
59930000,1310996,1310988,1310996,1311004,0,0.16101322,0.07849299,0.20044112,0.0,1310996,1310988,1310996,1311004,0,0.0008274679,0.0004890549,0.00035494324,0.0,1,1,1,0,1,1,1,0
60130000,1310996,1310988,1310996,1311004,0,0.6092745,0.36038175,0.38175383,0.0,1310996,1310988,1310996,1311004,0,0.0015510581,0.0008766549,0.00070035266,0.0,1,1,1,0,1,1,1,0
60326000,1310996,1310988,1310996,1311004,0,0.60335183,0.1617229,0.661609,0.0,1310996,1310988,1310996,1311004,0,0.0019943784,0.0017425984,0.00057918916,0.0,1,1,1,0,1,1,1,0
60529000,1310996,1310988,1310996,1311004,0,0.52267426,0.21003991,0.4850387,0.0,1310996,1310988,1310996,1311004,0,0.0033050857,0.0024185318,0.00095425354,0.0,1,1,1,0,1,1,1,0
60730000,1310996,1310988,1310996,1311004,0,0.3529027,0.14699858,0.22842844,0.0,1310996,1310988,1310996,1311004,0,0.0029546223,0.0018546015,0.0011005187,0.0,1,1,1,0,1,1,1,0
