timestamp,timestamp_sample,ref_timestamp,ref_lat,ref_lon,x,y,z,delta_xy[0],delta_xy[1],delta_z,vx,vy,vz,z_deriv,delta_vxy[0],delta_vxy[1],delta_vz,ax,ay,az,heading,delta_heading,ref_alt,dist_bottom,eph,epv,evh,evv,vxy_max,vz_max,hagl_min,hagl_max,xy_valid,z_valid,v_xy_valid,v_z_valid,xy_reset_counter,z_reset_counter,vxy_reset_counter,vz_reset_counter,heading_reset_counter,xy_global,z_global,dist_bottom_valid,dist_bottom_sensor_bitfield
805000,805000,0,nan,nan,-1.128573e-06,-1.6757798e-07,-1.8776954e-07,0.0,0.0,0.0,-0.00034819776,6.455047e-05,-0.0001324687,-0.00012988789,-0.00025754367,-0.00017679718,0.0,-0.02631332,0.061013523,-0.039530914,0.12427012,0.12426358,nan,0.10000306,0.70622146,3.5000029,7.071068,0.45001808,inf,inf,inf,inf,0,1,0,1,1,0,1,0,1,0,0,1,2
994000,994000,0,nan,nan,-0.00030826946,0.00076901366,-0.0022972936,0.0,0.0,0.0,-0.0024666076,0.0071582086,0.00036639982,-0.0016496897,-0.00025754367,-0.00017679718,0.0,-0.037329,0.039063808,0.031483356,0.12419511,0.12426358,nan,0.1,1.3338485,1.7505797,7.0761495,0.4514741,inf,inf,inf,inf,0,1,0,1,1,0,1,0,1,0,0,1,2
1498000,1498000,0,nan,nan,-0.0015171762,0.0053179143,0.019347716,0.0,0.0,0.0,-0.004764283,0.015582749,0.0025782958,0.017714636,-0.00025754367,-0.00017679718,0.0,0.03864229,0.04297592,0.02862606,0.12426567,0.12426358,nan,0.1,0.35829395,0.9459575,1.1596231,0.46480358,inf,inf,inf,inf,0,1,0,1,1,0,1,0,1,0,0,1,2
1996000,1996000,0,nan,nan,-0.0024255011,0.009199093,0.018013246,0.0,0.0,0.0,-0.0038748009,0.020381471,0.0048866807,0.010561824,-0.00025754367,-0.00017679718,0.0,-0.031247398,0.066740505,0.15196203,0.12433195,0.12426358,nan,0.1,0.64342916,0.76141673,1.333469,0.49152797,inf,inf,inf,inf,0,1,0,1,1,0,1,0,1,0,0,1,2
2494000,2494000,0,nan,nan,-0.0004919751,0.008137653,0.014250669,0.0,0.0,0.0,0.0007320945,0.010671071,0.00702889,0.00411101,-0.00025754367,-0.00017679718,0.0,0.005183379,0.026215104,-0.14835316,0.12446284,0.12426358,nan,0.1,0.54675776,0.72657216,1.2750217,0.52303046,inf,inf,inf,inf,0,1,0,1,1,0,1,0,1,0,0,1,2
2994000,2994000,0,nan,nan,0.00047994146,0.0019747524,0.014729235,0.0,0.0,0.0,-0.0011441528,-0.001772419,0.0044519673,-0.00050943694,-0.00025754367,-0.00017679718,0.0,0.008108341,0.06807485,-0.060789283,0.12396357,0.12426358,nan,0.1,0.6470353,0.7325808,1.4255567,0.54358196,inf,inf,inf,inf,0,1,0,1,1,0,1,0,1,0,0,1,2
3495000,3495000,0,nan,nan,-7.1460716e-05,-0.0053077186,0.012376994,0.0,0.0,0.0,0.00042576325,-0.01503324,0.01254443,0.0054417453,-0.00025754367,-0.00017679718,0.0,-0.009241131,-0.06858004,-0.015956908,0.12372363,0.12426358,nan,0.1,0.7405367,0.7555602,1.4654584,0.5479128,inf,inf,inf,inf,0,1,0,1,1,0,1,0,1,0,0,1,2
3994000,3994000,0,nan,nan,0.00023366041,-0.008562036,0.01617317,0.0,0.0,0.0,0.0015138647,-0.017021032,0.019850897,0.0131398365,-0.00025754367,-0.00017679718,0.0,-0.029116122,-0.045335464,-0.077010125,0.1237309,0.12426358,nan,0.1,0.57557094,0.792479,1.1442263,0.5452597,inf,inf,inf,inf,0,1,0,1,1,0,1,0,1,0,0,1,2
4494000,4494000,0,nan,nan,0.0024947212,-0.009778156,0.023317099,0.0,0.0,0.0,0.007797298,-0.018000638,0.017666386,0.011944329,-0.00025754367,-0.00017679718,0.0,-0.025927328,-0.07279497,0.1434842,0.12362315,0.12426358,nan,0.1,0.6516253,0.79736304,1.1739119,0.5242224,inf,inf,inf,inf,0,1,0,1,1,0,1,0,1,0,0,1,2
4994000,4994000,0,nan,nan,0.004006598,-0.008022623,0.029168168,0.0,0.0,0.0,0.0074356683,-0.012256135,0.01614527,0.009799549,-0.00025754367,-0.00017679718,0.0,-0.009971444,-0.02113076,-0.011511146,0.12400068,0.12426358,nan,0.1,0.52211744,0.813407,0.9352009,0.5083227,inf,inf,inf,inf,0,1,0,1,1,0,1,0,1,0,0,1,2
5495000,5495000,0,nan,nan,0.0040109786,-0.0050329682,0.024852337,0.0,0.0,0.0,0.0051090606,-0.0054660314,0.018338447,0.0041988194,-0.00025754367,-0.00017679718,0.0,-0.022513792,0.0838651,0.100395635,0.12422621,0.12426358,nan,0.1,0.58052844,0.8005705,0.94197327,0.48197463,inf,inf,inf,inf,0,1,0,1,1,0,1,0,1,0,0,1,2
5997000,5997000,5507000,40.154030899999995,116.2593668,0.0014662475,-0.0011892006,0.021403093,0.0,0.0,0.0,0.00030594962,0.0018019296,0.013269629,-0.0020115094,-0.00025754367,-0.00017679718,0.0,-0.016278932,0.00030299713,0.12018065,0.1242683,0.12426358,51.002964,0.1,0.47653195,0.80549353,0.7526339,0.46514848,inf,inf,inf,inf,0,1,0,1,1,0,1,0,1,1,1,1,0
6497000,6497000,5507000,40.154030899999995,116.2593668,-0.0022836982,0.0027118647,0.02020036,0.0,0.0,0.0,-0.00992579,0.005636641,0.0098086605,-0.0041850726,-0.00025754367,-0.00017679718,0.0,-0.0617223,-0.026282424,-0.11036451,0.12466653,0.12426358,51.002964,0.1,0.5238707,0.7872726,0.7525412,0.44069043,inf,inf,inf,inf,0,1,0,1,1,0,1,0,1,1,1,1,0
6997000,6997000,5507000,40.154030899999995,116.2593668,-0.0076363957,0.0046337424,0.014848583,0.0,0.0,0.0,-0.015632268,0.0040717507,0.0068369466,-0.008816394,-0.00025754367,-0.00017679718,0.0,-0.05143564,-0.045420922,0.011390449,-0.003127428,-0.12855606,51.002964,0.1,0.43218902,0.78099054,0.5450178,0.42280844,inf,inf,inf,inf,0,1,0,1,1,0,1,0,2,1,1,1,0
7496000,7496000,5507000,40.154030899999995,116.2593668,-0.009248558,0.0051073357,0.004912525,0.0,0.0,0.0,-0.012753943,0.007917057,0.0015467836,-0.015631344,-0.00025754367,-0.00017679718,0.0,0.07163621,0.04100489,-0.0009275972,-0.003037233,-0.12855606,51.002964,0.1,0.45638677,0.76721543,0.5053766,0.36837193,inf,inf,inf,inf,0,1,0,1,1,0,1,0,2,1,1,1,0
7999000,7999000,5507000,40.154030899999995,116.2593668,-0.008693976,0.004743382,0.002041146,0.0,0.0,0.0,-0.011121648,0.005287079,0.005728165,-0.0087883575,-0.00025754367,-0.00017679718,0.0,0.07410119,0.02516572,-0.11199775,-0.0036738259,-0.12855606,51.002964,0.10370058,0.44729212,0.749962,0.54661363,0.33134788,inf,inf,inf,inf,0,1,0,1,1,0,1,0,2,1,1,1,0
8496000,8496000,5507000,40.154030899999995,116.2593668,-0.007816744,0.004501267,0.00432516,0.0,0.0,0.0,-0.0130184,0.006436782,0.0017905184,-0.0048828763,-0.00025754367,-0.00017679718,0.0,-0.01673047,0.02644051,0.1088418,-0.0035255933,-0.12855606,51.002964,0.10380322,0.42504236,0.71896493,0.5691033,0.3048512,inf,inf,inf,inf,0,1,0,1,1,0,1,0,2,1,1,1,0
8996000,8996000,5507000,40.154030899999995,116.2593668,-0.00555319,0.0046206857,0.001404387,0.0,0.0,0.0,-0.0040114224,0.0046952255,-0.011930109,-0.016719626,-0.00025754367,-0.00017679718,0.0,0.0014332908,-0.05472243,0.06204005,-0.0038499606,-0.12855606,51.002964,0.10242089,0.47788402,0.6924338,0.5846252,0.29624897,inf,inf,inf,inf,0,1,0,1,1,0,1,0,2,1,1,1,0
9497000,9497000,5507000,40.154030899999995,116.2593668,-0.002332002,0.0029345055,-0.0043371185,0.0,0.0,0.0,-0.0012290697,0.0021070894,-0.007690611,-0.011296081,-0.00025754367,-0.00017679718,0.0,0.07280637,-0.0042948,-0.01944322,-0.0032245712,-0.12855606,51.002964,0.10457209,0.41763642,0.68528223,0.4708621,0.30314222,inf,inf,inf,inf,0,1,0,1,1,0,1,0,2,1,1,1,0
9998000,9998000,5507000,40.154030899999995,116.2593668,0.00032490405,0.0006119133,-0.0004718893,0.0,0.0,0.0,0.0015023176,0.0006251363,-0.008795479,-0.0052434714,-0.00025754367,-0.00017679718,0.0,-0.042238247,-0.026668858,-0.10656006,-0.0039718635,-0.12855606,51.002964,0.104651414,0.4374286,0.6720241,0.42766094,0.3135017,inf,inf,inf,inf,0,1,0,1,1,0,1,0,2,1,1,1,0
10503000,10503000,5507000,40.154030899999995,116.2593668,-0.15616748,0.13369532,-0.026372364,-0.14443149,0.12710255,0.0,-0.059484802,0.030735653,-0.12991752,-0.12414284,-0.062837146,0.030481845,-0.1202839,0.034715354,0.010667686,-0.10633468,-0.0038828177,-0.12855606,51.002964,0.108722076,0.32560045,0.62170655,0.23154637,0.19773948,inf,inf,inf,inf,1,1,1,1,2,0,2,1,2,1,1,1,0
11001000,11001000,5507000,40.154030899999995,116.2593668,-0.12600107,0.14282219,-0.059888106,-0.14443149,0.12710255,0.0,-0.038751308,-0.0039253784,-0.087914556,-0.06199494,-0.062837146,0.030481845,-0.1202839,-0.050256494,-0.04318755,0.034347173,-0.004412747,-0.12855606,51.002964,0.12572093,0.2366938,0.55588686,0.1726472,0.14984465,inf,inf,inf,inf,1,1,1,1,2,0,2,1,2,1,1,1,0
11503000,11503000,5507000,40.154030899999995,116.2593668,-0.1210151,0.11371595,-0.05175063,-0.14443149,0.12710255,0.0,-0.0058839065,-0.017088482,-0.054846607,-0.008046556,-0.062837146,0.030481845,-0.1202839,0.038500216,-0.027315235,-0.028303823,-0.005027689,-0.12855606,51.002964,0.13125637,0.21499532,0.5074518,0.19006278,0.1430199,inf,inf,inf,inf,1,1,1,1,2,0,2,1,2,1,1,1,0
12002000,12002000,5507000,40.154030899999995,116.2593668,-0.105074346,0.107743666,-0.038342424,-0.14443149,0.12710255,0.0,0.012714318,-0.0069055725,-0.027768848,0.025232501,-0.062837146,0.030481845,-0.1202839,0.05228985,-0.035668418,0.018198973,-0.0051311827,-0.12855606,51.002964,0.116513096,0.1961659,0.4703636,0.18596096,0.13834047,inf,inf,inf,inf,1,1,1,1,2,0,2,1,2,1,1,1,0
12503000,12503000,5507000,40.154030899999995,116.2593668,-0.10965171,0.12836643,-0.034409706,-0.14443149,0.12710255,0.0,0.007690993,0.02075882,-0.010757146,0.0254252,-0.062837146,0.030481845,-0.1202839,-0.04160743,0.05837234,-0.09746476,-0.0041916766,-0.12855606,51.002964,0.1,0.1982508,0.44940504,0.1981496,0.14334564,inf,inf,inf,inf,1,1,1,1,2,0,2,1,2,1,1,1,0
13001000,13001000,5507000,40.154030899999995,116.2593668,-0.11394047,0.14609076,-0.036848634,-0.14443149,0.12710255,0.0,0.006924784,0.03726519,0.0006531519,0.023195056,-0.062837146,0.030481845,-0.1202839,0.059609927,-0.0010984621,0.034756023,-0.0031075452,-0.12855606,51.002964,0.1,0.28007454,0.4488584,0.2889319,0.17454645,inf,inf,inf,inf,1,1,1,1,2,0,2,1,2,1,1,1,0
13501000,13501000,5507000,40.154030899999995,116.2593668,-0.11117649,0.16864604,-0.029125517,-0.14443149,0.12710255,0.0,0.016720312,0.05455129,0.015644008,0.03306108,-0.062837146,0.030481845,-0.1202839,0.018044079,0.11187993,0.055242326,-0.0026039828,-0.12855606,51.002964,0.1,0.42271486,0.46641007,0.3968863,0.20606641,inf,inf,inf,inf,1,1,1,1,2,0,2,1,2,1,1,1,0
14003000,14003000,5507000,40.154030899999995,116.2593668,-0.10118295,0.20007712,-0.012512989,-0.14443149,0.12710255,0.0,0.027793018,0.07212013,0.030863829,0.04549595,-0.062837146,0.030481845,-0.1202839,0.012946382,0.017643968,0.05101412,-0.0012297621,-0.12855606,51.002964,0.1,0.6314942,0.49258298,0.5222841,0.23417653,inf,inf,inf,inf,1,1,1,1,2,0,2,1,2,1,1,1,0
14492000,14492000,5507000,40.154030899999995,116.2593668,-0.066553816,0.15082628,0.03407091,-0.14443149,0.12710255,0.0,0.050598826,0.029952615,0.049991455,0.08859625,-0.062837146,0.030481845,-0.1202839,0.11003562,-0.07443216,0.16679613,-0.0007657698,-0.12855606,51.002964,0.12703264,0.3454292,0.46963668,0.24664907,0.20321642,inf,inf,inf,inf,1,1,1,1,2,0,2,1,2,1,1,1,0
14991000,14991000,5507000,40.154030899999995,116.2593668,-0.05270999,0.09551265,0.070910744,-0.14443149,0.12710255,0.0,0.050581157,-0.007220012,0.0656863,0.08977095,-0.062837146,0.030481845,-0.1202839,0.06931106,0.032058623,-0.067095265,-0.001215165,-0.12855606,51.002964,0.1,0.3742765,0.47576955,0.26674214,0.20420235,inf,inf,inf,inf,1,1,1,1,2,0,2,1,2,1,1,1,0
15492000,15484000,5507000,40.154030899999995,116.2593668,-0.03685756,0.07838471,0.04605303,-0.14443149,0.12710255,0.0,0.055319056,-0.017358564,0.046754777,0.010033245,-0.062837146,0.030481845,-0.1202839,0.09950382,0.025264665,0.043962147,-0.0016302462,-0.12855606,51.002964,0.1,0.37320527,0.48083538,0.25780323,0.19962195,inf,inf,inf,inf,1,1,1,1,2,0,2,1,2,1,1,1,0
15999000,15991000,5507000,40.154030899999995,116.2593668,-0.015912142,0.065386824,0.012482591,-0.14443149,0.12710255,0.0,0.05939541,-0.02445071,0.034385506,-0.020677129,-0.062837146,0.030481845,-0.1202839,0.0036233831,0.039040226,-0.06322003,-0.0017962289,-0.12855606,51.002964,0.1,0.48852322,0.5096308,0.3303166,0.2127702,inf,inf,inf,inf,1,1,1,1,2,0,2,1,2,1,1,1,0
16499000,16491000,5507000,40.154030899999995,116.2593668,0.013758805,0.05520754,0.019015223,-0.14443149,0.12710255,0.0,0.06311742,-0.029546546,0.03424898,-0.0032074186,-0.062837146,0.030481845,-0.1202839,0.00829893,-0.014189536,0.079080455,-0.0019782297,-0.12855606,51.002964,0.1,0.64415205,0.53583235,0.41205075,0.2211512,inf,inf,inf,inf,1,1,1,1,2,0,2,1,2,1,1,1,0
17002000,16994000,5507000,40.154030899999995,116.2593668,0.05040246,0.09243565,-0.04188792,-0.14443149,0.12710255,0.0,0.07451057,-0.011037786,0.010287641,-0.06478031,-0.062837146,0.030481845,-0.1202839,-0.042111143,-0.05037949,0.056170855,-0.0027604005,-0.12855606,51.002964,0.1,0.3957198,0.50132626,0.24993156,0.18915488,inf,inf,inf,inf,1,1,1,1,2,0,2,1,2,1,1,1,0
17502000,17494000,5507000,40.154030899999995,116.2593668,0.1007817,0.12339772,-0.06148914,-0.14443149,0.12710255,0.0,0.0927319,0.005015526,0.0035533495,-0.054065246,-0.062837146,0.030481845,-0.1202839,0.019006925,0.03261925,-0.04204176,-0.0030168907,-0.12855606,51.002964,0.10690557,0.49739024,0.5219815,0.3126774,0.19521344,inf,inf,inf,inf,1,1,1,1,2,0,2,1,2,1,1,1,0
17999000,17991000,5507000,40.154030899999995,116.2593668,0.1507653,0.13204497,-0.060084935,-0.14443149,0.12710255,0.0,0.10272413,0.0035111313,0.0075123273,-0.02572849,-0.062837146,0.030481845,-0.1202839,0.054493856,-0.030976398,0.08567049,-0.00291751,-0.12855606,51.002964,0.1092498,0.6373771,0.5458591,0.3830256,0.19985572,inf,inf,inf,inf,1,1,1,1,2,0,2,1,2,1,1,1,0
18501000,18492000,5507000,40.154030899999995,116.2593668,0.20511928,0.13289882,-0.053706016,-0.14443149,0.12710255,0.0,0.11366292,-0.0032814988,0.010633712,-0.0070339222,-0.062837146,0.030481845,-0.1202839,-0.021341441,0.03322285,0.1289891,-0.0038446032,-0.12855606,51.002964,0.107457146,0.8195242,0.5596248,0.46181428,0.20038241,inf,inf,inf,inf,1,1,1,1,2,0,2,1,2,1,1,1,0
19001000,18993000,5507000,40.154030899999995,116.2593668,0.062195707,0.07958391,-0.017012654,-0.14443149,0.12710255,0.0,0.03714134,-0.03437311,0.03146696,0.043916386,-0.062837146,0.030481845,-0.1202839,-0.005354733,-0.008771851,-0.10293535,-0.0040035667,-0.12855606,51.002964,0.11157526,0.40249756,0.5114553,0.22739747,0.16970907,inf,inf,inf,inf,1,1,1,1,2,0,2,1,2,1,1,1,0
19499000,19491000,5507000,40.154030899999995,116.2593668,-0.06301131,0.096585326,-0.047716547,-0.14443149,0.12710255,0.0,-0.013003708,-0.036006592,0.021412529,-0.0032180254,-0.062837146,0.030481845,-0.1202839,-0.06512651,-0.036407035,0.14454591,-0.0044017304,-0.12855606,51.002964,0.1091688,0.25680774,0.45189342,0.16137944,0.134088,inf,inf,inf,inf,1,1,1,1,2,0,2,1,2,1,1,1,0
19999000,19991000,5507000,40.154030899999995,116.2593668,-0.08277411,0.15267347,0.053470477,-0.14443149,0.12710255,0.0,-0.027147608,-0.007897782,0.05775405,0.10753151,-0.062837146,0.030481845,-0.1202839,-0.021381488,0.015608074,0.053370368,-0.0049258126,-0.12855606,51.002964,0.129377,0.21376495,0.4209834,0.14476594,0.116726965,inf,inf,inf,inf,1,1,1,1,2,0,2,1,2,1,1,1,0
20492000,20484000,5507000,40.154030899999995,116.2593668,-0.107654765,0.13967302,0.12799908,-0.14443149,0.12710255,0.0,-0.03880825,-0.02144958,0.07182051,0.12276679,-0.062837146,0.030481845,-0.1202839,-0.045980383,0.039652634,0.028515233,-0.0049714083,-0.12855606,51.002964,0.1,0.19285344,0.40381175,0.13590933,0.10676255,inf,inf,inf,inf,1,1,1,1,2,0,2,1,2,1,1,1,0
21002000,20994000,5507000,40.154030899999995,116.2593668,-0.11937586,0.14713705,0.12067944,-0.14443149,0.12710255,0.0,-0.050389953,-0.015513255,0.06713756,0.062245186,-0.062837146,0.030481845,-0.1202839,0.040494133,-0.02026461,-0.048335638,-0.0049490468,-0.12855606,51.002964,0.1,0.18330556,0.39076367,0.13172014,0.10065958,inf,inf,inf,inf,1,1,1,1,2,0,2,1,2,1,1,1,0
21502000,21494000,5507000,40.154030899999995,116.2593668,-0.1377781,0.1593957,0.09019598,-0.14443149,0.12710255,0.0,-0.06185881,-0.008061133,0.051879708,0.0024395292,-0.062837146,0.030481845,-0.1202839,-0.03316521,0.006994066,0.071946524,-0.0046230657,-0.12855606,51.002964,0.1,0.17800847,0.38027444,0.12791142,0.09657554,inf,inf,inf,inf,1,1,1,1,2,0,2,1,2,1,1,1,0
21999000,21991000,5507000,40.154030899999995,116.2593668,-0.15254727,0.15396251,0.042058647,-0.14443149,0.12710255,0.0,-0.06762866,-0.018743904,0.031833265,-0.047930878,-0.062837146,0.030481845,-0.1202839,-0.086988606,-0.0011939536,0.036708076,-0.0045837425,-0.12855606,51.002964,0.1,0.17525746,0.3739928,0.12505999,0.09408672,inf,inf,inf,inf,1,1,1,1,2,0,2,1,2,1,1,1,0
22492000,22484000,5507000,40.154030899999995,116.2593668,-0.15306105,0.15754984,0.07038027,-0.14443149,0.12710255,0.0,-0.061411023,-0.004756771,0.04020996,0.0071942266,-0.062837146,0.030481845,-0.1202839,-0.09764329,0.08183604,0.051964074,-0.00444913,-0.12855606,51.002964,0.1165566,0.17292957,0.3663971,0.1218491,0.09211401,inf,inf,inf,inf,1,1,1,1,2,0,2,1,2,1,1,1,0
22993000,22985000,5507000,40.154030899999995,116.2593668,-0.12708762,0.1384165,0.07099767,-0.14443149,0.12710255,0.0,-0.03722563,-0.012047384,0.03849871,-0.0016959867,-0.062837146,0.030481845,-0.1202839,0.043153513,0.037934724,0.08143112,-0.0046479916,-0.12855606,51.002964,0.1,0.1720482,0.3623965,0.11963837,0.091127954,inf,inf,inf,inf,1,1,1,1,2,0,2,1,2,1,1,1,0
23503000,23495000,5507000,40.154030899999995,116.2593668,-0.09593828,0.100504674,0.03843977,-0.14443149,0.12710255,0.0,-0.0146083115,-0.02725946,0.024822097,-0.03247275,-0.062837146,0.030481845,-0.1202839,0.025675386,0.02233225,0.041754913,-0.0048855897,-0.12855606,51.002964,0.1,0.17241402,0.35775375,0.11869604,0.09063424,inf,inf,inf,inf,1,1,1,1,2,0,2,1,2,1,1,1,0
23995000,23987000,5507000,40.154030899999995,116.2593668,-0.09860317,0.088168435,0.043865472,-0.14443149,0.12710255,0.0,-0.013400558,-0.021447392,0.025699511,-0.013714712,-0.062837146,0.030481845,-0.1202839,-0.038561717,0.065715574,0.13450658,-0.004642218,-0.12855606,51.002964,0.1,0.17133175,0.35464242,0.11672574,0.09014796,inf,inf,inf,inf,1,1,1,1,2,0,2,1,2,1,1,1,0
24497000,24484000,5507000,40.154030899999995,116.2593668,-0.12884825,0.14024298,0.012856967,-0.14443149,0.12710255,0.0,-0.028084427,0.020156741,0.008993667,-0.04525337,-0.062837146,0.030481845,-0.1202839,-0.055169377,-0.0400903,-0.010884366,-0.0049151806,-0.12855606,51.002964,0.1,0.17109768,0.35075632,0.11557562,0.08990657,inf,inf,inf,inf,1,1,1,1,2,0,2,1,2,1,1,1,0
25002000,24994000,5507000,40.154030899999995,116.2593668,-0.109220274,0.17672925,0.0002674994,-0.14443149,0.12710255,0.0,-0.0136185875,0.031522635,-0.056958966,-0.09052231,-0.062837146,0.030481845,-0.1202839,-0.07145326,0.0033795221,-0.23871845,-0.004792371,-0.12855606,51.002964,0.111396365,0.17173113,0.34784824,0.115476064,0.089989655,inf,inf,inf,inf,1,1,1,1,2,0,2,1,2,1,1,1,0
25502000,25494000,5507000,40.154030899999995,116.2593668,-0.06334859,0.17275977,-0.011140714,-0.14443149,0.12710255,0.0,0.021694146,0.010568231,-0.097389504,-0.13122621,-0.062837146,0.030481845,-0.1202839,-0.0071666753,0.041623577,-2.4670668,-0.0048478995,-0.12855606,51.002964,0.12299508,0.1719878,0.34659162,0.15838924,0.090079665,inf,inf,inf,inf,1,1,1,1,2,0,2,1,2,1,1,1,0
25992000,25983000,5507000,40.154030899999995,116.2593668,-0.04614717,0.12120595,-0.020115102,-0.14443149,0.12710255,0.0,0.020830719,-0.065638885,-0.13943975,-0.15777345,-0.062837146,0.030481845,-0.1202839,-0.018984126,-0.13398358,-2.7673905,-0.0038152863,-0.12855606,51.002964,0.13196947,0.17242545,0.3435146,0.18546805,0.089881934,inf,inf,inf,inf,1,1,1,1,2,0,2,1,2,1,1,1,0
26493000,26482000,5507000,40.154030899999995,116.2593668,-0.055070035,0.077168904,-0.1485371,-0.14443149,0.12710255,0.0,0.030671788,-0.09718087,-0.6890061,-0.71888447,-0.062837146,0.030481845,-0.1202839,0.05490689,-0.0749552,-2.2600572,0.0005263732,-0.12855606,51.002964,0.26039147,0.17338659,0.34285715,0.17702155,0.08996622,inf,inf,inf,inf,1,1,1,1,2,0,2,1,2,1,1,1,0
27002000,26994000,5507000,40.154030899999995,116.2593668,-0.06896819,0.06566302,-0.88686967,-0.14443149,0.12710255,0.0,0.035348695,-0.06875894,-1.8456861,-1.9254355,-0.062837146,0.030481845,-0.1202839,0.07168249,-0.011731797,-2.2490485,0.0018198257,-0.12855606,51.002964,0.99872404,0.17524095,0.34129766,0.16322675,0.09016807,inf,inf,inf,inf,1,1,1,1,2,0,2,1,2,1,1,1,0
27497000,27485000,5507000,40.154030899999995,116.2593668,-0.03853204,0.06067013,-2.0912607,-0.14443149,0.12710255,0.0,0.052095447,-0.04263357,-2.6459694,-2.7356887,-0.062837146,0.030481845,-0.1202839,0.06307329,-0.011260359,-0.13837403,0.001453004,0.00095914194,51.002964,2.203115,0.17458266,0.34062475,0.1493215,0.090082616,inf,inf,inf,inf,1,1,1,1,2,0,2,1,3,1,1,1,0
27990000,27982000,5507000,40.154030899999995,116.2593668,0.000679899,0.04450662,-3.3875818,-0.14443149,0.12710255,0.0,0.04766476,-0.048772875,-2.7151403,-2.731301,-0.062837146,0.030481845,-0.1202839,-0.1195296,-0.037442863,-0.059430484,-0.0006250648,0.00095914194,51.002964,3.4994361,0.17417385,0.33899587,0.14527944,0.09003057,inf,inf,inf,inf,1,1,1,1,2,0,2,1,3,1,1,1,0
28492000,28484000,5507000,40.154030899999995,116.2593668,0.040824816,0.055317633,-4.712619,-0.14443149,0.12710255,0.0,0.022803755,-0.015325274,-2.7799752,-2.7486806,-0.062837146,0.030481845,-0.1202839,-0.047423538,-0.003154415,-0.19154696,0.0010948986,0.00095914194,51.002964,4.8244734,0.17376703,0.33754155,0.14250456,0.08998478,inf,inf,inf,inf,1,1,1,1,2,0,2,1,3,1,1,1,0
28992000,28984000,5507000,40.154030899999995,116.2593668,0.046125498,0.07460257,-6.0229607,-0.14443149,0.12710255,0.0,-0.03270127,-0.019894166,-2.822846,-2.7348883,-0.062837146,0.030481845,-0.1202839,-0.1461631,-0.09224968,-0.10145362,0.0016177787,0.00095914194,51.002964,6.134815,0.17341292,0.33779877,0.13784038,0.090056606,inf,inf,inf,inf,1,1,1,1,2,0,2,1,3,1,1,1,0
29490000,29482000,5507000,40.154030899999995,116.2593668,0.013052585,-0.0013791879,-7.3889265,-0.14443149,0.12710255,0.0,-0.04306568,-0.0571174,-2.87141,-2.786026,-0.062837146,0.030481845,-0.1202839,0.07108162,0.1562343,0.058894042,0.00040986543,0.00095914194,51.002964,7.500781,0.17319909,0.3366096,0.13223782,0.09002355,inf,inf,inf,inf,1,1,1,1,2,0,2,1,3,1,1,1,0
30002000,30002000,5507000,40.154030899999995,116.2593668,-0.031508584,-0.030434247,-8.8819065,-0.14443149,0.12710255,0.0,-0.038908593,-0.0023337828,-2.9024427,-2.8470607,-0.062837146,0.030481845,-0.1202839,0.09404281,0.038052365,0.09852565,0.00020822599,0.00095914194,51.002964,8.993761,0.18312077,0.33848694,0.13430081,0.09213031,inf,inf,inf,inf,1,1,1,1,2,0,2,1,3,1,1,1,0
30504000,30504000,5507000,40.154030899999995,116.2593668,-0.057061527,-0.025168281,-10.328193,-0.14443149,0.12710255,0.0,0.0021412682,0.02862181,-2.9241772,-2.8793685,-0.062837146,0.030481845,-0.1202839,0.085988365,0.025628133,-0.044753984,0.00037277662,0.00095914194,51.002964,10.440047,0.2378354,0.35089955,0.16422851,0.100989446,inf,inf,inf,inf,1,1,1,1,2,0,2,1,3,1,1,0,0
30993000,30993000,5507000,40.154030899999995,116.2593668,-0.052356973,-0.010390108,-11.741735,-0.14443149,0.12710255,0.0,0.027582273,0.033177443,-2.9403384,-2.8973308,-0.062837146,0.030481845,-0.1202839,0.04425395,0.034722608,0.04923064,0.00030361215,0.00095914194,51.002964,11.85359,0.3100855,0.36369592,0.19424373,0.10915359,inf,inf,inf,inf,1,1,1,1,2,0,2,1,3,1,1,0,0
31495000,31495000,5507000,40.154030899999995,116.2593668,-0.036420602,0.0037653046,-13.078843,-0.14443149,0.12710255,0.0,0.03379836,0.023393955,-2.1885045,-2.1436915,-0.062837146,0.030481845,-0.1202839,0.07618541,-0.022416867,2.3985686,-0.0002629088,0.00095914194,51.002964,13.190698,0.40196893,0.3815267,0.22394836,0.11724779,inf,inf,inf,inf,1,1,1,1,2,0,2,1,3,1,1,0,0
32005000,32005000,5507000,40.154030899999995,116.2593668,-0.0519421,-0.03988363,-13.849537,-0.14443149,0.12710255,0.0,0.01102313,-0.013157572,-1.1733116,-1.0934136,-0.062837146,0.030481845,-0.1202839,-0.025207434,0.040779088,1.3964325,0.00020971667,0.00095914194,51.002964,13.961391,0.3268916,0.38661253,0.16571565,0.11642066,inf,inf,inf,inf,1,1,1,1,2,0,2,1,3,1,1,0,0
32495000,32495000,5507000,40.154030899999995,116.2593668,-0.098868705,-0.16595827,-14.229113,-0.14443149,0.12710255,0.0,0.022507807,0.016893378,-0.747425,-0.64514005,-0.062837146,0.030481845,-0.1202839,0.1356517,0.2176859,0.6368951,-0.00023932739,0.00095914194,51.002964,14.340967,0.23608594,0.37682864,0.121200815,0.1068555,inf,inf,inf,inf,1,1,1,1,2,0,2,1,3,1,1,0,0
32995000,32995000,5507000,40.154030899999995,116.2593668,-0.057214662,-0.13432603,-14.449807,-0.14443149,0.12710255,0.0,0.06535318,0.11987576,-0.47390795,-0.35536575,-0.062837146,0.030481845,-0.1202839,-0.007341599,0.03893407,0.2677133,0.00019285557,0.00095914194,51.002964,14.561662,0.20509064,0.3687359,0.110294044,0.10064454,inf,inf,inf,inf,1,1,1,1,2,0,2,1,3,1,1,0,0
33492000,33492000,5507000,40.154030899999995,116.2593668,-0.0251243,-0.055258475,-14.618573,-0.14443149,0.12710255,0.0,0.051169153,0.12911542,-0.33772513,-0.24952981,-0.062837146,0.030481845,-0.1202839,-0.06141939,-0.09681314,0.44601595,-0.00034476444,0.00095914194,51.002964,14.730428,0.1891466,0.36248377,0.10753217,0.0965477,inf,inf,inf,inf,1,1,1,1,2,0,2,1,3,1,1,0,0
33993000,33993000,5507000,40.154030899999995,116.2593668,-0.026606731,-0.02924648,-14.733156,-0.14443149,0.12710255,0.0,0.017270282,0.07740257,-0.20944415,-0.14067832,-0.062837146,0.030481845,-0.1202839,-0.01845361,-0.03711426,0.11874083,-0.00052897766,0.00095914194,51.002964,14.845011,0.18004118,0.3592709,0.10737628,0.09400701,inf,inf,inf,inf,1,1,1,1,2,0,2,1,3,1,1,0,0
34494000,34494000,5507000,40.154030899999995,116.2593668,0.0079670595,0.020875921,-14.814217,-0.14443149,0.12710255,0.0,0.02150418,0.054338735,-0.14678328,-0.10022749,-0.062837146,0.030481845,-0.1202839,0.039449062,-0.029823996,0.08153263,-0.00060614373,0.00095914194,51.002964,14.926071,0.17480738,0.35490826,0.10820118,0.09220591,inf,inf,inf,inf,1,1,1,1,2,0,2,1,3,1,1,0,0
34993000,34993000,5507000,40.154030899999995,116.2593668,0.016773222,0.06652759,-14.868474,-0.14443149,0.12710255,0.0,-0.0111199645,0.010983553,-0.10382462,-0.07308841,-0.062837146,0.030481845,-0.1202839,-0.081377536,-0.21247196,0.15967618,-0.00047735902,0.00095914194,51.002964,14.980329,0.17193757,0.3529293,0.1092675,0.09119934,inf,inf,inf,inf,1,1,1,1,2,0,2,1,3,1,1,0,0
35492000,35492000,5507000,40.154030899999995,116.2593668,0.022875654,0.09063577,-14.918679,-0.14443149,0.12710255,0.0,-0.026603187,-0.026807595,-0.050919227,-0.04154816,-0.062837146,0.030481845,-0.1202839,-0.0023782125,-0.1082389,0.27568823,-0.00049344636,0.00095914194,51.002964,15.030534,0.17048472,0.3495718,0.10990068,0.090465315,inf,inf,inf,inf,1,1,1,1,2,0,2,1,3,1,1,0,0
35993000,35993000,5507000,40.154030899999995,116.2593668,0.02638628,0.07717304,-14.964258,-0.14443149,0.12710255,0.0,-0.027858652,-0.07261859,-0.00028904603,-0.015226201,-0.062837146,0.030481845,-0.1202839,0.044978276,-0.070646785,-0.07940735,-0.00040458416,0.00095914194,51.002964,15.076113,0.16984284,0.34660527,0.110168226,0.09002817,inf,inf,inf,inf,1,1,1,1,2,0,2,1,3,1,1,0,0
36493000,36493000,5507000,40.154030899999995,116.2593668,0.024808586,0.020851342,-14.962361,-0.14443149,0.12710255,0.0,-0.031466316,-0.078021966,-0.0028554806,-0.0065150247,-0.062837146,0.030481845,-0.1202839,-0.116756395,0.07460092,-0.021355225,-0.0007789916,0.00095914194,51.002964,15.074216,0.16963433,0.34565574,0.11033139,0.08991797,inf,inf,inf,inf,1,1,1,1,2,0,2,1,3,1,1,0,0
37002000,37002000,5507000,40.154030899999995,116.2593668,-0.022729877,-0.011627896,-14.960624,-0.14443149,0.12710255,0.0,-0.038510777,-0.04030108,-0.011643464,-0.006349387,-0.062837146,0.030481845,-0.1202839,0.105904974,0.06293222,0.030304303,-0.0008942125,0.00095914194,51.002964,15.072478,0.17036256,0.3437742,0.11078148,0.0899925,inf,inf,inf,inf,1,1,1,1,2,0,2,1,3,1,1,0,0
37493000,37493000,5507000,40.154030899999995,116.2593668,-0.0064589856,-0.031845383,-14.990629,-0.14443149,0.12710255,0.0,0.0116985915,-0.005781963,-0.008790597,-0.025935639,-0.062837146,0.030481845,-0.1202839,-0.06766864,0.086809926,0.27858186,-0.000545613,0.00095914194,51.002964,15.102484,0.16963458,0.34279212,0.11005633,0.08984301,inf,inf,inf,inf,1,1,1,1,2,0,2,1,3,1,1,0,0
37992000,37992000,5507000,40.154030899999995,116.2593668,0.036212906,-0.041725717,-15.037244,-0.14443149,0.12710255,0.0,0.007444244,0.018046476,0.0350376,-0.016808983,-0.062837146,0.030481845,-0.1202839,-0.10396395,0.056523763,0.17158966,-0.000172631,0.00095914194,51.002964,15.149098,0.17490314,0.34272295,0.11197983,0.0911469,inf,inf,inf,inf,1,1,1,1,2,0,2,1,3,1,1,0,0
38495000,38495000,5507000,40.154030899999995,116.2593668,0.047092948,-0.028250866,-15.029215,-0.14443149,0.12710255,0.0,-0.023008138,0.04398401,0.05637042,0.017168915,-0.062837146,0.030481845,-0.1202839,-0.08852855,0.032628354,-0.09937956,-0.00033286778,0.00095914194,51.002964,15.141069,0.17863123,0.34273452,0.11272249,0.092131935,inf,inf,inf,inf,1,1,1,1,2,0,2,1,3,1,1,0,0
38992000,38992000,5507000,40.154030899999995,116.2593668,0.038607385,-8.262551e-05,-15.007334,-0.14443149,0.12710255,0.0,-0.037964445,0.044032145,0.022401908,0.0019543706,-0.062837146,0.030481845,-0.1202839,0.02505195,0.022214672,-0.04754774,-0.00012643411,0.00095914194,51.002964,15.119188,0.19033757,0.3467726,0.11893978,0.0949521,inf,inf,inf,inf,1,1,1,1,2,0,2,1,3,1,1,0,0
39494000,39494000,5507000,40.154030899999995,116.2593668,0.013183244,0.017565379,-14.983394,-0.14443149,0.12710255,0.0,0.03583896,0.16414152,0.104551144,0.09306741,-0.062837146,0.030481845,-0.1202839,0.39137927,0.47600868,0.057253983,-0.00018486215,0.00095914194,51.002964,15.095248,0.19864093,0.349182,0.121245876,0.09693928,inf,inf,inf,inf,1,1,1,1,2,0,2,1,3,1,1,0,0
39995000,39995000,5507000,40.154030899999995,116.2593668,0.07487642,0.122034766,-14.946563,-0.14443149,0.12710255,0.0,0.11942716,0.21869457,0.046678852,0.03917078,-0.062837146,0.030481845,-0.1202839,0.0415465,-0.08111098,-0.1648711,-0.00029137658,0.00095914194,51.002964,15.058417,0.21602055,0.35617784,0.1286292,0.10070985,inf,inf,inf,inf,1,1,1,1,2,0,2,1,3,1,1,0,0
40492000,40492000,5507000,40.154030899999995,116.2593668,0.14233083,0.20680197,-14.932052,-0.14443149,0.12710255,0.0,0.08127727,0.13671461,0.012248581,0.008268056,-0.062837146,0.030481845,-0.1202839,-0.16396546,-0.20838952,0.040671784,1.2482447e-05,0.00095914194,51.002964,15.043906,0.27060196,0.3690447,0.15441252,0.108861655,inf,inf,inf,inf,1,1,1,1,2,0,2,1,3,1,1,0,0
41003000,41003000,5507000,40.154030899999995,116.2593668,0.16728333,0.24882771,-14.934409,-0.14443149,0.12710255,0.0,0.012905442,0.03719137,-0.009852337,-0.013506793,-0.062837146,0.030481845,-0.1202839,-0.09942013,-0.1690943,-0.18705706,0.0004680842,0.00095914194,51.002964,15.046264,0.34181648,0.38469124,0.18253936,0.11668311,inf,inf,inf,inf,1,1,1,1,2,0,2,1,3,1,1,0,0
41502000,41502000,5507000,40.154030899999995,116.2593668,0.13684481,0.2519038,-14.960099,-0.14443149,0.12710255,0.0,-0.027047323,-0.02970153,-0.0010275769,-0.019167025,-0.062837146,0.030481845,-0.1202839,-0.054003812,-0.12073543,0.11391844,0.00038903,0.00095914194,51.002964,15.071954,0.35891163,0.39703497,0.18151388,0.12018425,inf,inf,inf,inf,1,1,1,1,2,0,2,1,3,1,1,0,0
41992000,41992000,5507000,40.154030899999995,116.2593668,0.11352844,0.22859858,-14.969594,-0.14443149,0.12710255,0.0,-0.028346213,-0.064587615,-0.00011782535,-0.017255493,-0.062837146,0.030481845,-0.1202839,-0.0031691159,-0.0625136,0.14042574,-0.00025822897,0.00095914194,51.002964,15.081449,0.44135094,0.41268682,0.20941904,0.1263311,inf,inf,inf,inf,1,1,1,1,2,0,2,1,3,1,1,0,0
42503000,42503000,5507000,40.154030899999995,116.2593668,0.06606377,0.14552455,-14.993909,-0.14443149,0.12710255,0.0,-0.034490224,-0.086440936,-0.005376287,-0.0356154,-0.062837146,0.030481845,-0.1202839,0.037568793,0.053193156,0.19524153,7.166241e-05,0.00095914194,51.002964,15.105763,0.34165502,0.4126286,0.15924294,0.122304305,inf,inf,inf,inf,1,1,1,1,2,0,2,1,3,1,1,0,0
42995000,42995000,5507000,40.154030899999995,116.2593668,-0.0096461,0.060559575,-14.98017,-0.14443149,0.12710255,0.0,-0.0025966913,-0.035258587,0.016193233,0.009842033,-0.062837146,0.030481845,-0.1202839,0.08693798,0.13472825,-0.03523286,0.00013881743,0.00095914194,51.002964,15.092025,0.2748983,0.40666392,0.13285646,0.115475506,inf,inf,inf,inf,1,1,1,1,2,0,2,1,3,1,1,0,0
43494000,43494000,5507000,40.154030899999995,116.2593668,-0.019062856,0.039861277,-14.954286,-0.14443149,0.12710255,0.0,0.04625308,0.007541046,-0.033250336,-0.015211932,-0.062837146,0.030481845,-0.1202839,0.08030877,0.101036824,-0.080537975,-0.00033678967,0.00095914194,51.002964,15.06614,0.24884959,0.40057904,0.1276813,0.11084189,inf,inf,inf,inf,1,1,1,1,2,0,2,1,3,1,1,0,0
44002000,44002000,5507000,40.154030899999995,116.2593668,0.003954305,0.03776111,-14.968592,-0.14443149,0.12710255,0.0,0.061791293,0.035749733,-0.026828643,-0.017413834,-0.062837146,0.030481845,-0.1202839,0.053925842,-0.0604238,0.08550565,-0.0002034772,0.00095914194,51.002964,15.080446,0.29709026,0.41344407,0.15239601,0.11695442,inf,inf,inf,inf,1,1,1,1,2,0,2,1,3,1,1,0,0
44493000,44493000,5507000,40.154030899999995,116.2593668,0.034449022,0.058081817,-14.985298,-0.14443149,0.12710255,0.0,0.050811738,0.039827,-0.012907344,-0.014528539,-0.062837146,0.030481845,-0.1202839,-0.043093342,-0.07101515,0.07468461,9.1971684e-05,0.00095914194,51.002964,15.097153,0.35798597,0.42803162,0.17793025,0.12263401,inf,inf,inf,inf,1,1,1,1,2,0,2,1,3,1,1,0,0
44994000,44994000,5507000,40.154030899999995,116.2593668,0.05684237,0.07734247,-14.997704,-0.14443149,0.12710255,0.0,0.026476543,0.021611273,-0.0036708883,-0.012083932,-0.062837146,0.030481845,-0.1202839,-0.019431345,-0.08633234,0.0020498408,-3.0725012e-05,0.00095914194,51.002964,15.109558,0.4356362,0.44382262,0.20551822,0.12801751,inf,inf,inf,inf,1,1,1,1,2,0,2,1,3,1,1,0,0
45492000,45492000,5507000,40.154030899999995,116.2593668,0.023055395,0.1039629,-15.017126,-0.14443149,0.12710255,0.0,-0.0071355193,0.010729516,0.010945068,-0.011783401,-0.062837146,0.030481845,-0.1202839,0.0060190503,-0.11358971,0.11711008,0.00022010451,0.00095914194,51.002964,15.128981,0.338992,0.43630433,0.15946615,0.12241074,inf,inf,inf,inf,1,1,1,1,2,0,2,1,3,1,1,0,0
45992000,45992000,5507000,40.154030899999995,116.2593668,-0.05669045,0.14577943,-15.026951,-0.14443149,0.12710255,0.0,0.016834311,-0.030126624,0.029461171,0.0001541262,-0.062837146,0.030481845,-0.1202839,0.12719195,-0.12633617,-0.016751697,0.00010751689,0.00095914194,51.002964,15.138805,0.33880696,0.43779412,0.15882881,0.12219795,inf,inf,inf,inf,1,1,1,1,2,0,2,1,3,1,1,0,0
46503000,46503000,5507000,40.154030899999995,116.2593668,-0.061949894,0.09907639,-15.017845,-0.14443149,0.12710255,0.0,0.06520398,-0.060622804,0.02012009,0.000673562,-0.062837146,0.030481845,-0.1202839,0.11642464,0.0812445,0.03847759,-0.00085953495,0.00095914194,51.002964,15.1297,0.40461522,0.45232472,0.18488969,0.12731892,inf,inf,inf,inf,1,1,1,1,2,0,2,1,3,1,1,0,0
46994000,46994000,5507000,40.154030899999995,116.2593668,-0.13116828,0.024605723,-15.042667,-0.14443149,0.12710255,0.0,0.048246413,-0.052599795,0.043733664,0.0029918086,-0.062837146,0.030481845,-0.1202839,0.13894692,0.08623418,-0.04660524,0.00069441757,0.00095914194,51.002964,15.154522,0.27174708,0.42714527,0.13373898,0.11429843,inf,inf,inf,inf,1,1,1,1,2,0,2,1,3,1,1,0,0
47492000,47492000,5507000,40.154030899999995,116.2593668,-0.13568231,-0.030867742,-15.019471,-0.14443149,0.12710255,0.0,0.10902277,0.0064787786,0.023018513,0.0047991816,-0.062837146,0.030481845,-0.1202839,0.08748592,0.06059225,-0.13034976,-0.000547929,0.00095914194,51.002964,15.131326,0.28461418,0.43148395,0.14286214,0.11586528,inf,inf,inf,inf,1,1,1,1,2,0,2,1,3,1,1,0,0
47994000,47994000,5507000,40.154030899999995,116.2593668,-0.020664215,-0.005308972,-15.02761,-0.14443149,0.12710255,0.0,0.11481161,0.037574753,0.017576989,-0.009577067,-0.062837146,0.030481845,-0.1202839,-0.10275211,0.022993771,0.12990738,-0.0008212714,0.00095914194,51.002964,15.139464,0.23557588,0.41422006,0.12508138,0.10751871,inf,inf,inf,inf,1,1,1,1,2,0,2,1,3,1,1,0,0
48493000,48493000,5507000,40.154030899999995,116.2593668,0.08097955,-0.013082564,-15.000117,-0.14443149,0.12710255,0.0,0.050010927,0.027966844,0.011791756,0.009975906,-0.062837146,0.030481845,-0.1202839,-0.1776471,0.06121682,-0.06506312,-0.00029459968,0.00095914194,51.002964,15.111972,0.2122685,0.4015571,0.11853565,0.10217355,inf,inf,inf,inf,1,1,1,1,2,0,2,1,3,1,1,0,0
48994000,48994000,5507000,40.154030899999995,116.2593668,0.08928679,-0.017221605,-14.951799,-0.14443149,0.12710255,0.0,-0.045796257,0.03289865,-0.021611271,0.017991576,-0.062837146,0.030481845,-0.1202839,-0.122309685,0.055736393,-0.18688756,-9.708448e-05,0.00095914194,51.002964,15.063654,0.19932087,0.3941498,0.115695216,0.09894455,inf,inf,inf,inf,1,1,1,1,2,0,2,1,3,1,1,0,0
49496000,49496000,5507000,40.154030899999995,116.2593668,0.077810846,0.014004257,-14.974764,-0.14443149,0.12710255,0.0,-0.061847333,0.037638094,-0.047258083,-0.031342365,-0.062837146,0.030481845,-0.1202839,0.001645647,-0.040083334,0.26412308,-0.0002721882,0.00095914194,51.002964,15.086618,0.1918391,0.3859248,0.11408632,0.096661925,inf,inf,inf,inf,1,1,1,1,2,0,2,1,3,1,1,0,0
49994000,49994000,5507000,40.154030899999995,116.2593668,0.031486157,0.040561765,-15.022202,-0.14443149,0.12710255,0.0,-0.06743699,0.014936812,0.012465579,-0.010909449,-0.062837146,0.030481845,-0.1202839,0.04065853,-0.04939822,0.1261942,-3.6534784e-05,0.00095914194,51.002964,15.134056,0.1875381,0.38128906,0.1127529,0.09540436,inf,inf,inf,inf,1,1,1,1,2,0,2,1,3,1,1,0,0
50492000,50492000,5507000,40.154030899999995,116.2593668,0.011485424,0.008371437,-15.014502,-0.14443149,0.12710255,0.0,-0.033819363,-0.016693482,0.028244527,0.01271327,-0.062837146,0.030481845,-0.1202839,0.055088222,0.03953109,-0.20236707,-0.0007478029,0.00095914194,51.002964,15.126356,0.19435576,0.37818563,0.11717577,0.09658796,inf,inf,inf,inf,1,1,1,1,2,0,2,1,3,1,1,0,0
50992000,50992000,5507000,40.154030899999995,116.2593668,0.013610909,-0.03336374,-14.993392,-0.14443149,0.12710255,0.0,-0.014423551,0.00314844,0.0022169643,0.004943445,-0.062837146,0.030481845,-0.1202839,-0.022148829,0.118400194,-0.15279184,-0.00050671765,0.00095914194,51.002964,15.105247,0.2247409,0.38419497,0.1331444,0.10229589,inf,inf,inf,inf,1,1,1,1,2,0,2,1,3,1,1,0,0
51494000,51494000,5507000,40.154030899999995,116.2593668,0.01067074,-0.030409196,-14.98751,-0.14443149,0.12710255,0.0,-0.017726913,0.034747068,-0.0051998943,0.0021549854,-0.062837146,0.030481845,-0.1202839,0.0013828743,0.033927616,0.051546097,-0.0004875287,0.00095914194,51.002964,15.099364,0.2800872,0.39309135,0.15754068,0.10992983,inf,inf,inf,inf,1,1,1,1,2,0,2,1,3,1,1,0,0
51993000,51993000,5507000,40.154030899999995,116.2593668,0.003009988,-0.00954899,-14.983517,-0.14443149,0.12710255,0.0,-0.016006712,0.037102204,-0.0122143105,-0.0019327276,-0.062837146,0.030481845,-0.1202839,0.04726942,-0.021163898,-0.066835426,-0.00036971556,0.00095914194,51.002964,15.095371,0.35034275,0.40381533,0.1834469,0.117117375,inf,inf,inf,inf,1,1,1,1,2,0,2,1,3,1,1,0,0
52493000,52493000,5507000,40.154030899999995,116.2593668,-0.05977966,0.0054047084,-14.951336,-0.14443149,0.12710255,0.0,-0.027929679,0.023542024,-0.04193599,-0.0038907966,-0.062837146,0.030481845,-0.1202839,0.06887377,-0.08861094,-0.16093533,-1.6540691e-06,0.00095914194,51.002964,15.06319,0.28080803,0.4005628,0.14365636,0.1130407,inf,inf,inf,inf,1,1,1,1,2,0,2,1,3,1,1,0,0
53002000,53002000,5507000,40.154030899999995,116.2593668,-0.08433184,-0.0016607586,-14.960609,-0.14443149,0.12710255,0.0,0.025995621,0.015573384,-0.039216567,-0.00858035,-0.062837146,0.030481845,-0.1202839,0.1440175,0.02965622,-0.0040186564,-0.0004362495,0.00095914194,51.002964,15.072464,0.34318718,0.4128014,0.16833653,0.119875565,inf,inf,inf,inf,1,1,1,1,2,0,2,1,3,1,1,0,0
53492000,53492000,5507000,40.154030899999995,116.2593668,-0.05609619,0.0028439236,-14.959902,-0.14443149,0.12710255,0.0,0.05033664,0.013675119,-0.02933469,0.0026892652,-0.062837146,0.030481845,-0.1202839,0.041499704,-0.011756899,-0.06959866,-0.00092599844,0.00095914194,51.002964,15.071756,0.2738968,0.40696406,0.13487571,0.11407521,inf,inf,inf,inf,1,1,1,1,2,0,2,1,3,1,1,0,0
54002000,54002000,5507000,40.154030899999995,116.2593668,-0.021293221,0.008883433,-14.963505,-0.14443149,0.12710255,0.0,0.043232415,0.010469296,-0.03224396,-0.0049501434,-0.062837146,0.030481845,-0.1202839,0.01459493,-0.064357966,-0.06591714,-0.000507186,0.00095914194,51.002964,15.075359,0.32909697,0.4191568,0.15881544,0.12045663,inf,inf,inf,inf,1,1,1,1,2,0,2,1,3,1,1,0,0
54501000,54501000,5507000,40.154030899999995,116.2593668,-0.0028193437,0.014301069,-14.978319,-0.14443149,0.12710255,0.0,0.018662473,0.0035125227,-0.017796433,-0.0032194334,-0.062837146,0.030481845,-0.1202839,-0.094330736,0.036317505,0.1377752,-0.0004747335,0.00095914194,51.002964,15.090174,0.39698383,0.43113267,0.18400034,0.1259964,inf,inf,inf,inf,1,1,1,1,2,0,2,1,3,1,1,0,0
55003000,55003000,5507000,40.154030899999995,116.2593668,0.0023296594,0.017032329,-14.990572,-0.14443149,0.12710255,0.0,-0.002224247,0.0013841436,-0.00999933,-0.005500034,-0.062837146,0.030481845,-0.1202839,-0.040039185,0.041979946,0.019799916,-0.00047318052,0.00095914194,51.002964,15.102427,0.47927833,0.4467589,0.21079975,0.13136183,inf,inf,inf,inf,1,1,1,1,2,0,2,1,3,1,1,0,0
55502000,55502000,5507000,40.154030899999995,116.2593668,0.0036594446,0.0012297542,-15.0034895,-0.14443149,0.12710255,0.0,-0.014610677,-0.0072290273,0.0024171192,-0.0029244917,-0.062837146,0.030481845,-0.1202839,-0.091545075,0.056682386,0.09928922,-0.00049547997,0.00095914194,51.002964,15.115344,0.42189205,0.44769022,0.18166198,0.12974487,inf,inf,inf,inf,1,1,1,1,2,0,2,1,3,1,1,0,0
55992000,55992000,5507000,40.154030899999995,116.2593668,0.028783282,-0.07366026,-14.975671,-0.14443149,0.12710255,0.0,-0.01842501,0.00805179,-0.0131892385,0.005535083,-0.062837146,0.030481845,-0.1202839,0.014266988,0.11994593,-0.12398324,-0.00076337665,0.00095914194,51.002964,15.087525,0.25723714,0.42007568,0.12500472,0.11313021,inf,inf,inf,inf,1,1,1,1,2,0,2,1,3,1,1,0,0
56502000,56502000,5507000,40.154030899999995,116.2593668,0.043691795,-0.030777056,-15.008738,-0.14443149,0.12710255,0.0,-0.03749397,0.054488316,0.0028755097,-0.00832176,-0.062837146,0.030481845,-0.1202839,-0.032128736,-0.114367716,0.08910335,-0.00023050378,0.00095914194,51.002964,15.120592,0.21326959,0.4019672,0.11432017,0.10362339,inf,inf,inf,inf,1,1,1,1,2,0,2,1,3,1,1,0,0
56993000,56993000,5507000,40.154030899999995,116.2593668,0.038606286,-0.031233985,-14.97857,-0.14443149,0.12710255,0.0,-0.027294971,0.03405011,0.0005079183,0.016301656,-0.062837146,0.030481845,-0.1202839,-0.026850116,-0.0038002615,-0.14174914,-0.0005241097,0.00095914194,51.002964,15.090425,0.19131656,0.3904285,0.110083684,0.09774971,inf,inf,inf,inf,1,1,1,1,2,0,2,1,3,1,1,0,0
57501000,57501000,5507000,40.154030899999995,116.2593668,0.026004776,-0.03892784,-14.980736,-0.14443149,0.12710255,0.0,-0.027882827,0.026532197,-0.0132807605,-0.0022817939,-0.062837146,0.030481845,-0.1202839,0.0028065694,0.10755558,-0.023473984,-0.00095093664,0.00095914194,51.002964,15.09259,0.18018258,0.3806609,0.10858436,0.09416046,inf,inf,inf,inf,1,1,1,1,2,0,2,1,3,1,1,0,0
58002000,58002000,5507000,40.154030899999995,116.2593668,0.009105704,-0.02118708,-14.97933,-0.14443149,0.12710255,0.0,-0.027469356,0.036515184,-0.009028312,0.0039076335,-0.062837146,0.030481845,-0.1202839,0.11048465,-0.030998662,0.016794538,-0.00027695883,0.00095914194,51.002964,15.091185,0.17916659,0.37480372,0.10990419,0.09330118,inf,inf,inf,inf,1,1,1,1,2,0,2,1,3,1,1,0,0
58492000,58492000,5507000,40.154030899999995,116.2593668,-0.012202728,-0.025164664,-14.976073,-0.14443149,0.12710255,0.0,-0.012874988,0.019727807,-0.019429015,-0.005108177,-0.062837146,0.030481845,-0.1202839,0.07274877,-0.02435033,-0.0023432074,-0.0007734508,0.00095914194,51.002964,15.087928,0.18637246,0.3739738,0.11443425,0.09472726,inf,inf,inf,inf,1,1,1,1,2,0,2,1,3,1,1,0,0
59001000,59001000,5507000,40.154030899999995,116.2593668,-0.019265644,-0.0424878,-14.997457,-0.14443149,0.12710255,0.0,0.0061774477,0.025408156,-0.003935543,-0.008866196,-0.062837146,0.030481845,-0.1202839,0.05825824,0.01801783,0.049219463,-0.0008009441,0.00095914194,51.002964,15.109311,0.20708945,0.37556648,0.12569913,0.09865769,inf,inf,inf,inf,1,1,1,1,2,0,2,1,3,1,1,0,0
59492000,59492000,5507000,40.154030899999995,116.2593668,-0.0021770967,-0.035357956,-15.024876,-0.14443149,0.12710255,0.0,0.020202039,0.03789012,0.023269119,-0.0043937196,-0.062837146,0.030481845,-0.1202839,-0.018453922,0.10469791,0.041968185,-0.00068124104,0.00095914194,51.002964,15.13673,0.222873,0.3785107,0.13093612,0.10167079,inf,inf,inf,inf,1,1,1,1,2,0,2,1,3,1,1,0,0
60003000,60003000,5507000,40.154030899999995,116.2593668,0.019773463,0.006435907,-15.053603,-0.14443149,0.12710255,0.0,0.008248465,0.042967044,0.0529938,0.00013565156,-0.062837146,0.030481845,-0.1202839,-0.05122201,-0.021359067,0.18012336,-0.0006871543,0.00095914194,51.002964,15.165458,0.23714945,0.38074103,0.13456222,0.10435938,inf,inf,inf,inf,1,1,1,1,2,0,2,1,3,1,1,0,0
60496000,60496000,5507000,40.154030899999995,116.2593668,0.06862454,0.10388847,-14.1393795,-0.14443149,0.12710255,0.0,0.13597389,0.26686198,4.0956774,4.144665,-0.062837146,0.030481845,-0.1202839,0.33647925,0.5669148,9.958387,-0.021186423,0.00095914194,51.002964,0.1,0.23057488,0.38044667,0.11977568,0.1040728,inf,inf,inf,inf,1,0,1,0,2,0,2,1,3,1,1,1,0
60992000,60992000,5507000,40.154030899999995,116.2593668,0.2175698,0.285553,-10.639409,-0.14443149,0.12710255,0.0,0.32732013,0.5318116,8.977045,9.216735,-0.062837146,0.030481845,-0.1202839,0.4793993,0.5093129,9.367188,-0.52216136,0.00095914194,51.002964,0.1,0.20992064,0.37503943,0.09926573,0.0968862,inf,inf,inf,inf,1,1,1,1,2,0,2,1,3,1,1,1,0
